{"hackathon-description-text": "\nWelcome to HackPSU powered by Innoblue and Penn State IEEE! We're a 24 hour hackathon at the Pennsylvania State University with a focus on teaching students how to program as well as encouraging students to build tools that change education and other social issues. Follow us at\u00a0", "hackathon-number-of-prizes": "16", "hackathon-id": "hackpsu2015", "hackathon-judges": [{"judge-role": "", "judge-name": "Will be Announced"}], "hackathon-number-of-judges": "1", "hackathon-eligibility": "\nTeams are limited to four people and all team members must be 18 years of age by the start of HackPSU.\u00a0", "hackathon-number-of-participants": "166", "hackathon-is-colocated": "True", "hackathon-has-ended": "False", "hackathon-number-of-judging-criteria": "4", "hackathon-requirements": "\nParticipants can build whatever they want to build. It's a learning hackathon after all and we encourage our students to use HackPSU\u00a0as a creative outlet for building anything that comes to mind. We encourage students to try to tackle an educational technology issue or a social good issue but any sort of technology-related submissions\u00a0will be accepted.\u00a0", "hackathon-rules": "\nAll projects\u00a0must be submitted on Challenge\u00a0Post by Sunday 1:00 PM, March 8th. Teams can be up to 4 members\u00a0and all projects must be started at hackNY. All team members must be 18 years old by the time HackPSU starts.\u00a0", "hackathon-prizes": [{"prize-content": "Criteria: Use Microsoft API's, Azure, Kinects, or any other Microsoft Product (Windows Phone). The prize is 4 Surface Pro tablets.", "prize-title": "Microsoft - Best Microsoft Hack"}, {"prize-content": "All expense paid trip to our EdTech Summit next Fall", "prize-title": "Penn State EdTech Network - Best EdTech Hack"}, {"prize-content": "", "prize-title": "Blockchain - Best Use of Blockchain API"}, {"prize-content": "", "prize-title": "Capital One - Best Financial Hack"}, {"prize-content": "", "prize-title": "Zonoff - Best Internet of Things Hack"}, {"prize-content": "JY-MCU Arduino Bluetooth Wireless Serial Port Module", "prize-title": "Penn State IEEE - Best Bluetooth App"}, {"prize-content": "Pyle 100 Watt Mini Cube Speakers", "prize-title": "Penn State IEEE - Best Guitar Hack"}, {"prize-content": "Provide your best domain name courtesy of Namecheap's .me domain names!", "prize-title": "Namecheap - Best Domain Registered"}, {"prize-content": "", "prize-title": "Amazon Web Service Prize - Best use of AWS"}, {"prize-content": "Winners receive Dell Tablets courtesy of MLH, Github Silver Plan for a year courtesy of Github, 2,500 dollars in branding from BrandBucket, and 50 dollar Dick's Sporting Goods gift cards courtesy of Dick's Sporting Goods.", "prize-title": "First Place Overall"}, {"prize-content": "Winners will receive Chromecasts as well as Github Bronze Plan for a year courtesy of Github.", "prize-title": "Second Place Prize"}, {"prize-content": "Winners will receive Raspberry Pi's as well as 6 months of Github Bronze Plan.", "prize-title": "Third Place Prize"}, {"prize-content": "Each team member will receive one prize chosen from a list.", "prize-title": "Beginners - first place"}, {"prize-content": "Each team member will receive one prize chosen from a list.", "prize-title": "Beginners - second place"}, {"prize-content": "Each team member will receive one prize chosen from a list.", "prize-title": "Remote - first place"}, {"prize-content": "Each team member will receive one prize chosen from a list.", "prize-title": "Remote - second place"}], "hackathon-location-google-maps": "https://maps.google.com/?q=North Atherton Street, Pennsylvania, USA", "hackathon-url": "https://hackpsu2015.devpost.com/", "hackathon-judging-criteria": [{"judging-criterion": "Does it look nice/is it easy to use?"}, {"judging-criterion": "Is the problem solved in a technically challenging way? Were you impressed by the way the team thought through their problem?"}, {"judging-criterion": "Does everything work?"}, {"judging-criterion": "How cool is it? Did it make you say \"Damn, that's fucking awesome!!\"? Have you ever seen anything like it before? Was it incredibly creative?"}], "hackathon-location-address": "North Atherton Street, Pennsylvania, USA", "hackathon-description-header": "Learn something cool.", "hackathon-prizes-total": "$20,810", "hackathon-location-description": "", "hackathon-end-date": "", "has-projects": "False"}