{"hackathon-description-text": "\nHackRPI 2017 is the fourth intercollegiate hackathon series hosted at Rensselaer Polytechnic Institute, completely organized and run by RPI students. We will be hosting 500 hackers from the Northeast and beyond for 24 hours.\u00a0 Students begin working on their hacks on Saturday at 12:00pm\u00a0and have until Sunday afternoon to complete their hack. All final submissions must be made here, on DevPost,\u00a0before the end of hacking at 12:00pm on Sunday November 11.", "hackathon-number-of-prizes": "8", "hackathon-id": "hackrpi2017-5782", "hackathon-judges": [{"judge-role": "HackRPI", "judge-name": "HackRPI Team"}], "hackathon-number-of-judges": "1", "hackathon-eligibility": "\n\u00a0Individuals (over 18 years of age); Teams;\u00a0", "hackathon-number-of-participants": "103", "hackathon-is-colocated": "True", "hackathon-has-ended": "False", "hackathon-number-of-judging-criteria": "6", "hackathon-requirements": "", "hackathon-rules": "\nThe official rules for HackRPI can be found at\u00a0\n.\nWe are an MLH hackathon and therefore abide by the\u00a0\n.", "hackathon-prizes": [{"prize-content": "$250 AWS Credit", "prize-title": "Amazon Web Services - Best Use of AWS"}, {"prize-content": "Raspberry Pi & PiHut Essentials Kit", "prize-title": "Best Domain Name from Domain.com"}, {"prize-content": "410C Dragonboard for each team member", "prize-title": "Best IoT Hack Using a Qualcomm Device"}, {"prize-content": "", "prize-title": "Bluetooth Speaker"}, {"prize-content": "Audio-Technica ATH-M40x Monitor Headphones. (One for each team member)", "prize-title": "Best Gaming Related Hack"}, {"prize-content": "Philips Hue Lightstrip Plus Base (6.6'), and a Philips Hue White and Color Ambiance A19 Single Bulb with Richer Colors (Gen 3). (One for each team member)", "prize-title": "Best Hardware Related Hack"}, {"prize-content": "Amazon Echo(2nd gen) (One for each team member)", "prize-title": "Best Web/Mobile Related Hack"}, {"prize-content": "$200 visa gift cards for each team member", "prize-title": "Best use of TripAdvisor API"}], "hackathon-location-google-maps": "https://maps.google.com/?q=15th St, Troy, NY 12180, USA", "hackathon-url": "https://hackrpi2017-5782.devpost.com/", "hackathon-judging-criteria": [{"judging-criterion": ""}, {"judging-criterion": ""}, {"judging-criterion": ""}, {"judging-criterion": ""}, {"judging-criterion": ""}, {"judging-criterion": ""}], "hackathon-location-address": "15th St, Troy, NY 12180, USA", "hackathon-description-header": "The fourth annual hackathon at Rensselaer Polytechnic Institute in Troy, NY", "hackathon-prizes-total": "$2,525", "hackathon-location-description": "Darrin Communications Center, Rensselaer Polytechnic Institute", "hackathon-end-date": "", "has-projects": "False"}