{"hackathon-description-text": "\n", "hackathon-number-of-prizes": "9", "hackathon-id": "hackcooper2016", "hackathon-judges": [{"judge-role": "Facebook", "judge-name": "Baran Bagcilar"}, {"judge-role": "Facebook", "judge-name": "Zohar Yardeni"}, {"judge-role": "Cooper Union", "judge-name": "Arvinth Sethuraman"}, {"judge-role": "Cooper Union", "judge-name": "Brian Hong"}], "hackathon-number-of-judges": "4", "hackathon-eligibility": "", "hackathon-number-of-participants": "114", "hackathon-is-colocated": "True", "hackathon-has-ended": "False", "hackathon-number-of-judging-criteria": "2", "hackathon-requirements": "", "hackathon-rules": "", "hackathon-prizes": [{"prize-content": "The winner would be fully funded by Facebook to the Facebook hackathon in their headquarters.", "prize-title": "Best Overall Hack"}, {"prize-content": "The winner of the most technical hack shows an aptitude in utilizing hardware and/or software in their hacks. We are looking for hacks that shows an in-depth understanding of the hardware/software used.", "prize-title": "Most Technical Hack"}, {"prize-content": "Let your imagination run wild! We are looking for ideas that are inspiring and have the wow factor with it. The winner of this prize gets a $500 prize.", "prize-title": "Most Creative Hack"}, {"prize-content": "Winners would get a 1 TB hard drive.", "prize-title": "Best Use of AWS"}, {"prize-content": "Winners would get Domain.com Swag Bags", "prize-title": "Best Domain Name from Domain.com"}, {"prize-content": "Develop a project that helps users better understand their digital footprint or control their personal data. Winners get Watch Dogs 2 Collector\u2019s Edition for each member of the team.", "prize-title": "Best Data Privacy Hack"}, {"prize-content": "Use your tech skills for good and hack online harassment! Build a software solution that can help reduce the frequency and/or severity of online harassment.", "prize-title": "#HackHarassment"}, {"prize-content": "A\u00a0$100\u00a0gift\u00a0card\u00a0for\u00a0each\u00a0time member\u00a0from\u00a0Autodesk\u00a0will be awarded to the team that have the best\u00a0use\u00a0of\u00a03D\u00a0modelling in a web application", "prize-title": "Best\u00a0Use\u00a0of\u00a03D\u00a0in\u00a0a\u00a0web app"}, {"prize-content": "Eligible submissions for Best Video Hack must be focused on video content, whether this is a creative implementation of video, a video processing app of some sort, or something else. We\u2019ll be looking for projects that use video in the most interesting and technically impressive ways.The winning team will receive VIP tickets to the Daily Show with Trevor Noah \u2013 one for each member!", "prize-title": "Best\u00a0Use\u00a0of\u00a0Video\u00a0Hack"}], "hackathon-location-google-maps": "https://maps.google.com/?q=41 Cooper Sq, New York, NY 10003, USA", "hackathon-url": "https://hackcooper2016.devpost.com/", "hackathon-judging-criteria": [{"judging-criterion": "How well is your idea executed? How much knowledge did you demonstrate through your hack?"}, {"judging-criterion": "Is your idea original? Does it have the wow factor in it?"}], "hackathon-location-address": "41 Cooper Sq, New York, NY 10003, USA", "hackathon-description-header": "A hackathon to inspire the inventions of tomorrow!", "hackathon-prizes-total": "$2,600", "hackathon-location-description": "The Cooper Union", "hackathon-end-date": "", "has-projects": "False"}