{"hackathon-description-text": "\nHack@WPI\u00a0is WPI\u2019s third\u00a0annual\u00a0hackathon. On January 13-15,\u00a0students at WPI gather\u00a0to create, learn, and build software and hardware projects over a 2 day period.", "hackathon-number-of-prizes": "7", "hackathon-id": "hack-wpi-2017-4612", "hackathon-judges": [{"judge-role": "", "judge-name": "On-site"}], "hackathon-number-of-judges": "1", "hackathon-eligibility": "", "hackathon-number-of-participants": "49", "hackathon-is-colocated": "True", "hackathon-has-ended": "True", "hackathon-number-of-judging-criteria": "4", "hackathon-requirements": "\nSubmissions must contain the following:", "hackathon-rules": "\n- YOU MUST BE AT HACK@WPI TO WORK ON A PROJECT FOR SUBMISSION\n-\u00a0We strongly discourage building off of existing projects you've worked on. To be fair to others, let us know if you are using some of your old code in your hacks. Using third-party APIs and libraries is definitely okay, as long as they're accessible by everyone else as well.\n- You cannot steal another team's source code\n- The decision of judges is final for determining prizes and awards\n- Please comply with all instructions from Hack@WPI\u00a0organizers", "hackathon-prizes": [{"prize-content": "$500 Amazon Gift Card", "prize-title": "Grand prize"}, {"prize-content": "$250 Amazon Gift Card", "prize-title": "Best Hardware"}, {"prize-content": "$200 Amazon Gift Card", "prize-title": "Best Software"}, {"prize-content": "$100 Amazon Gift Card", "prize-title": "Best Code Hanger"}, {"prize-content": "$400 AWS Credit", "prize-title": "Best Use of Amazon Web Services"}, {"prize-content": "- Domain.com Swag Bag", "prize-title": "Best Domain Name Registered with Domain.com"}, {"prize-content": "Drones per teammate", "prize-title": "Best Project in the Public Interest"}], "hackathon-location-google-maps": "https://maps.google.com/?q=Campus Center, West St, Worcester, MA 01609, USA", "hackathon-url": "https://hack-wpi-2017-4612.devpost.com/", "hackathon-judging-criteria": [{"judging-criterion": ""}, {"judging-criterion": ""}, {"judging-criterion": ""}, {"judging-criterion": ""}], "hackathon-location-address": "Campus Center, West St, Worcester, MA 01609, USA", "hackathon-description-header": "Build software and hardware projects at our school-wide hackathon.", "hackathon-prizes-total": "$1,500", "hackathon-location-description": "Campus Center, WPI", "hackathon-end-date": "2017-01-15", "has-projects": "True"}