{"hackathon-description-text": "\nHackPoly '16 is Cal Poly Pomona's 3rd annual software/hardware hackathon.", "hackathon-number-of-prizes": "12", "hackathon-id": "hackpoly2016", "hackathon-judges": [{"judge-role": "IT Chief Technology Officer at Jet Propulsion Laboratory", "judge-name": "Tom Soderstrom"}, {"judge-role": "Senior Software Engineer at Jib Jab Studios", "judge-name": "Eric Perez"}, {"judge-role": "Director at McNair Scholars Program at Cal Poly Pomona", "judge-name": "Winny Dong"}, {"judge-role": "Software Engineer at Google (CPP Alum)", "judge-name": "Jim Hero"}], "hackathon-number-of-judges": "4", "hackathon-eligibility": "", "hackathon-number-of-participants": "124", "hackathon-is-colocated": "True", "hackathon-has-ended": "True", "hackathon-number-of-judging-criteria": "4", "hackathon-requirements": "", "hackathon-rules": "\nAll participating hackers must abide by the \n.\u00a0\nNo sodering allowed.", "hackathon-prizes": [{"prize-content": "4x Dell Venue 10 5000 Android Tablet provided by MLH.", "prize-title": "1st Place"}, {"prize-content": "4x Square Water Bottles.", "prize-title": "2nd Place"}, {"prize-content": "4x Square Water Bottles", "prize-title": "3rd Place"}, {"prize-content": "Free tickets to an event on ticketmaster and an invitation to Ticketmaster HQ!", "prize-title": "Best use of the Ticketmaster API"}, {"prize-content": "Choice of upcoming EA games and assorted Swag!", "prize-title": "Best use of EA API"}, {"prize-content": "DSLR Cameras and Limited Edition Clarifai Skateboard", "prize-title": "Best use of Clarifai API"}, {"prize-content": "4x Virtual Reality headsets", "prize-title": "Best use of Esri API"}, {"prize-content": "Cloudbit starter kit", "prize-title": "Best use of Algorithmia API"}, {"prize-content": "1TB Dell Hard Drive", "prize-title": "MLH - Best use of Amazon AWS"}, {"prize-content": "4 Domain.com Swag bags with Sparkfun Redboard", "prize-title": "MLH - Punniest Domain.com Domain."}, {"prize-content": "Limited Edition Giphy Swag Bag!", "prize-title": "Best use of the Giphy API Prize"}, {"prize-content": "Amazon Gift Cards", "prize-title": "Hitachi Consulting - Best use of Internet of Things Hack"}], "hackathon-location-google-maps": "https://maps.google.com/?q=College of Education & Integrative Studies, 3801 W Temple Ave, Pomona, CA 91768, USA", "hackathon-url": "https://hackpoly2016.devpost.com/", "hackathon-judging-criteria": [{"judging-criterion": "This is very difficult to describe, but you'll know it when you see it. The closest description would be a project that makes you feel like you are living in the future."}, {"judging-criterion": "How difficult was the project to implement technically in the time frame? Is the hack technically interesting or difficult? Is it just some lipstick on an API, or were there real technical challenges to surmount?"}, {"judging-criterion": "Is the hack practical given its target audience? Is it something that the user base would actually use? Does it fulfill a need people have?"}, {"judging-criterion": "Did the participant(s) sell the product well? Was the idea clearly defined and the pitch convincing?"}], "hackathon-location-address": "College of Education & Integrative Studies, 3801 W Temple Ave, Pomona, CA 91768, USA", "hackathon-description-header": "The 24 hour intercollegiate hackathon at Cal Poly Pomona for creativity, ingenuity, and technical talent.", "hackathon-prizes-total": "$8,850", "hackathon-location-description": "Bronco Student Center", "hackathon-end-date": "2016-02-07", "has-projects": "True"}