{"hackathon-description-text": "\nFinal Project Submissions for ESE111, Atoms, Bits, Circuits and Systems.", "hackathon-number-of-prizes": "1", "hackathon-id": "ese111f15", "hackathon-judges": [{"judge-role": "", "judge-name": "Instructors and TAs"}], "hackathon-number-of-judges": "1", "hackathon-eligibility": "\nYou need to be enrolled in ESE111 at UPenn", "hackathon-number-of-participants": "71", "hackathon-is-colocated": "True", "hackathon-has-ended": "False", "hackathon-number-of-judging-criteria": "1", "hackathon-requirements": "", "hackathon-rules": "\nYou need to be enrolled in ESE111 at UPenn", "hackathon-prizes": [{"prize-content": "", "prize-title": "Will be Announced"}], "hackathon-location-google-maps": "https://maps.google.com/?q=Detkin Lab", "hackathon-url": "https://ese111f15.devpost.com/", "hackathon-judging-criteria": [{"judging-criterion": ""}], "hackathon-location-address": "Detkin Lab", "hackathon-description-header": "Innovative products based on Arduino platform", "hackathon-prizes-total": "0", "hackathon-location-description": "U of Pennsylvania, Detkin Lab, SEAS", "hackathon-end-date": "", "has-projects": "False"}