{"hackathon-description-text": "\nHackathon Jaipur is an initiative towards propagating a technological and entrepreneurial ecosystem in Jaipur. Ideas are no good without execution, this is where Hackathons come in. Hackathons bring programmers, designers and enthusiasts under one roof to collaborate intensively on software projects and come up with a minimum viable product. Some of the worlds best ideas have been transformed to realities on a Hackathon weekend.", "hackathon-number-of-prizes": "4", "hackathon-id": "jaipurhackathons", "hackathon-judges": [{"judge-role": "Director - Operations, Auriga IT", "judge-name": "Ronak Singhvi"}, {"judge-role": "CEO, BriskMinds", "judge-name": "Ankit Arora"}, {"judge-role": "Chief Evangelist, Pluralstack", "judge-name": "Gaurav Kheterpal"}], "hackathon-number-of-judges": "3", "hackathon-eligibility": "\n", "hackathon-number-of-participants": "47", "hackathon-is-colocated": "True", "hackathon-has-ended": "True", "hackathon-number-of-judging-criteria": "4", "hackathon-requirements": "\nShared via email with participants", "hackathon-rules": "\nWill be announced at the event", "hackathon-prizes": [{"prize-content": "10k Indian Rupees", "prize-title": "Winner"}, {"prize-content": "5K Indian Rupees", "prize-title": "1st Runner-up"}, {"prize-content": "2K Indian Rupees", "prize-title": "2nd Runner-up"}, {"prize-content": "2K Indian Rupees", "prize-title": "Sponsor Category Prize"}], "hackathon-location-google-maps": "https://maps.google.com/?q=Jaipur, Rajasthan, India", "hackathon-url": "https://jaipurhackathons.devpost.com/", "hackathon-judging-criteria": [{"judging-criterion": "25% weightage"}, {"judging-criterion": "25% weightage"}, {"judging-criterion": "25% weightage"}, {"judging-criterion": "25% weightage"}], "hackathon-location-address": "Jaipur, Rajasthan, India", "hackathon-description-header": "{ Of the hackers. For the hackers. By the hackers. }", "hackathon-prizes-total": "\u20b919,000", "hackathon-location-description": "", "hackathon-end-date": "2015-02-01", "has-projects": "True"}