{"hackathon-description-text": "\nThis is our first student run, MLH sanctioned hackathon! The PolyHacks team is proud to host this event for students\u00a0who want to create and develop hacks. It is a 24 hour event where many students from around the state will be coming together to create some amazing hacks!\u00a0", "hackathon-number-of-prizes": "6", "hackathon-id": "polyhacks", "hackathon-judges": [{"judge-role": "", "judge-name": "Awesome Judges"}], "hackathon-number-of-judges": "1", "hackathon-eligibility": "\nIn order to be elidgable you must meet the following requirements:\n\u00a0", "hackathon-number-of-participants": "61", "hackathon-is-colocated": "True", "hackathon-has-ended": "True", "hackathon-number-of-judging-criteria": "2", "hackathon-requirements": "", "hackathon-rules": "\n\nTL;DR. Be repectful. Harassment and abuse are never tolerated. If you are in a situation that makes you uncomfortable at an officially sanctioned MLH event, if the event itself is creating an unsafe or inappropriate environment, or if interacting with a MLH representative or event organizer makes you uncomfortable, please report it using the procedures included in \n\u00a0document.\u00a0", "hackathon-prizes": [{"prize-content": "This is the prize for the most ridiculous hack.", "prize-title": "Most Ridiculous"}, {"prize-content": "This is the prize for the best hardware hack.", "prize-title": "Best Hardware Hack"}, {"prize-content": "These are the prizes for the top 3 best hacks.", "prize-title": "Overall Best Hacks"}, {"prize-content": "MLH's prize for the best use of Amazon Web Services.", "prize-title": "Best use of AWS"}, {"prize-content": "MLH's prize for best domain name.", "prize-title": "Best Domain Name"}, {"prize-content": "", "prize-title": "Best Developer Tool"}], "hackathon-location-google-maps": "https://maps.google.com/?q=4700 Research Way, Polk City, FL 33868, USA", "hackathon-url": "https://polyhacks.devpost.com/", "hackathon-judging-criteria": [{"judging-criterion": "Only hacks that are submitted on Devpost before the hackathon ends will be qualified for judging."}, {"judging-criterion": "In order to be considered for best hardware or most ridiculous you must choose those categories when submitting your hacks."}], "hackathon-location-address": "4700 Research Way, Polk City, FL 33868, USA", "hackathon-description-header": "Florida Polytechnic University's student Hackathon!", "hackathon-prizes-total": "0", "hackathon-location-description": "Florida Polytechnic University", "hackathon-end-date": "2016-03-13", "has-projects": "True"}