{"hackathon-description-text": "\nTargeted exclusively at students,", "hackathon-number-of-prizes": "13", "hackathon-id": "inout2016", "hackathon-judges": [{"judge-role": "Twitter", "judge-name": "Aman Alam"}, {"judge-role": "Google", "judge-name": "Dushyantsinh Jadeja"}, {"judge-role": "Razorpay", "judge-name": "Abhay Rana"}, {"judge-role": "HPE", "judge-name": "Gautam Bhasin"}, {"judge-role": "Exotel", "judge-name": "Nikhil Kumar"}, {"judge-role": "YourStory", "judge-name": "Jubin Mehta"}, {"judge-role": "Razorpay", "judge-name": "Shashank Mehta"}, {"judge-role": "HPE", "judge-name": "Shishir Misra"}, {"judge-role": "Exotel", "judge-name": "Siddharth Shetty"}, {"judge-role": "Branch", "judge-name": "Ankit Saxena"}, {"judge-role": "Intel", "judge-name": "Gopalakrishnan Subramani"}, {"judge-role": "Branch", "judge-name": "Harshad Jagtap"}, {"judge-role": "Wingify", "judge-name": "Jagadeesh Rajarajan"}, {"judge-role": "Wingify", "judge-name": "Yousuf Syed"}, {"judge-role": "Exotel", "judge-name": "Vishnu Jayadevan"}], "hackathon-number-of-judges": "15", "hackathon-eligibility": "\nTeams of up to 3 members, and a minimum of 2.\nAll members must have registered for the event, and must be physically present on-site.", "hackathon-number-of-participants": "109", "hackathon-is-colocated": "True", "hackathon-has-ended": "False", "hackathon-number-of-judging-criteria": "4", "hackathon-requirements": "\n- All Platforms and Developer Environments (Web/Mobile, iOS, Android, Windows Phone, Hardware)\n- Submissions should be in by 5:00 pm, 14th August 2016", "hackathon-rules": "", "hackathon-prizes": [{"prize-content": "3x Kindle", "prize-title": "Grand Prize"}, {"prize-content": "3x JBL Flip II Portable Bluetooth Speaker", "prize-title": "Second Prize"}, {"prize-content": "3x Particle Kits", "prize-title": "Third Prize"}, {"prize-content": "3x Freescale Freedom Dev Board", "prize-title": "Hackster.io - First Prize"}, {"prize-content": "3x Sparkfun FreeSoC2", "prize-title": "Hackster.io - Second Prize"}, {"prize-content": "3x Particle Photon", "prize-title": "Hackster.io - Third Prize"}, {"prize-content": "3x GoPro Camera", "prize-title": "HPE :  Service/API Incorporation"}, {"prize-content": "Parrot Drone", "prize-title": "Exotel:  Service/API Incorporation"}, {"prize-content": "Bluetooth Speaker", "prize-title": "Twitter: Service/API Incorporation"}, {"prize-content": "3x Branch Kit", "prize-title": "Branch :  Service/API Incorporation"}, {"prize-content": "Razorpay Credits worth 1 lakh", "prize-title": "Razorpay :  Service/API Incorporation"}, {"prize-content": "Job/Internship Offers", "prize-title": "Wingify:  Service/API Incorporation"}, {"prize-content": "One year of Wolfram Development Platform, Developer Level", "prize-title": "Wolfram:  Service/API Incorporation"}], "hackathon-location-google-maps": "https://maps.google.com/?q=SVNIT Campus, Athwa, Surat, Gujarat 395007, India", "hackathon-url": "https://inout2016.devpost.com/", "hackathon-judging-criteria": [{"judging-criterion": "What makes your hack stand out from the crowd? Is it something entirely new? Does it solve problems using a completely new approach?"}, {"judging-criterion": "Is it easy to use? How steep is the learning curve? Do all features work together seamlessly? Is it appealing to the eye? Is the user experience pleasant?"}, {"judging-criterion": "Will people actually use this app? Does it satisfy an existing real need? Are all the features practical?"}, {"judging-criterion": "Has the hack overcome any technical challenges? Is it technically sound and interesting? Is it merely an add-on to an existing API? Has the hack justified the 30 hour time period?"}], "hackathon-location-address": "SVNIT Campus, Athwa, Surat, Gujarat 395007, India", "hackathon-description-header": "Team InOut welcomes you to India's Premier hackathon, hosted at NIT Surat. You have 30 hours to code, design, develop and create magic. Happy Hacking! :)", "hackathon-prizes-total": "\u20b91,420,200", "hackathon-location-description": "NIT Surat", "hackathon-end-date": "", "has-projects": "False"}