{"hackathon-description-text": "\nEver wondered what hackathons are all about are all about? Want to get your feet wet, see if you like it, before venturing into a bigger event? Interested in meeting local hackers, or in learning a new skill without having to risk getting an F in your class?", "hackathon-number-of-prizes": "9", "hackathon-id": "tinolhd", "hackathon-judges": [{"judge-role": "Engineer, College Student, and Worked at Microsoft at 16", "judge-name": "Zimraan Hamid"}, {"judge-role": "Founder of Awesome", "judge-name": "Zuhayeer Musa"}, {"judge-role": "Software Engineering Intern at Apple", "judge-name": "Rohan Pai"}, {"judge-role": "Make School", "judge-name": "Luke Solomon"}, {"judge-role": "MakeSchool", "judge-name": "Masa Bando"}, {"judge-role": "a16z", "judge-name": "Dave Jagoda"}], "hackathon-number-of-judges": "6", "hackathon-eligibility": "\nHas to be created within the time period of the hackathon. No previous work can be submitted. We are depending on integrity for this.\u00a0", "hackathon-number-of-participants": "21", "hackathon-is-colocated": "True", "hackathon-has-ended": "True", "hackathon-number-of-judging-criteria": "3", "hackathon-requirements": "\nMake something awesome.\u00a0", "hackathon-rules": "\nFollow the MLH rules for this hackathon.\u00a0\n", "hackathon-prizes": [{"prize-content": "Get your hands on an amazing Android Tablet.", "prize-title": "1st Place: Android Tablet"}, {"prize-content": "Fly your way out of here.", "prize-title": "2nd Place: Quadcopter"}, {"prize-content": "Rock your soul out like Marley.", "prize-title": "3rd Place: Marley Headphones"}, {"prize-content": "Robotic Fish w/ Tank", "prize-title": "Honorable Mention"}, {"prize-content": "$25 iTunes Giftcard", "prize-title": "Honorable Mention"}, {"prize-content": "Colorful iHome Speaker", "prize-title": "Honorable Mention"}, {"prize-content": "Namecheap $50", "prize-title": "Honorable Mention"}, {"prize-content": "Namecheap Credit", "prize-title": "Honorable Mention"}, {"prize-content": "Namecheap Credit", "prize-title": "Honorable Mention"}], "hackathon-location-google-maps": "https://maps.google.com/?q=10100 Finch Avenue, Cupertino, CA 95014, USA", "hackathon-url": "https://tinolhd.devpost.com/", "hackathon-judging-criteria": [{"judging-criterion": "The application or product should have a good aesthetic quality to it."}, {"judging-criterion": "The product should be able to be appyled in the real world."}, {"judging-criterion": "The project should demonstrate some level of technological complexity. The creator must explain what they learned in the process of creating their product."}], "hackathon-location-address": "10100 Finch Avenue, Cupertino, CA 95014, USA", "hackathon-description-header": "Cupertino High School's premier Hackathon. Show us all you got and code like never before.", "hackathon-prizes-total": "$455", "hackathon-location-description": "", "hackathon-end-date": "2014-12-07", "has-projects": "True"}