{"hackathon-description-text": "\nCode", "hackathon-number-of-prizes": "5", "hackathon-id": "hackrice7-5", "hackathon-judges": [{"judge-role": "HackRice", "judge-name": "HackRice Judging Committee"}], "hackathon-number-of-judges": "1", "hackathon-eligibility": "", "hackathon-number-of-participants": "23", "hackathon-is-colocated": "True", "hackathon-has-ended": "False", "hackathon-number-of-judging-criteria": "4", "hackathon-requirements": "", "hackathon-rules": "", "hackathon-prizes": [{"prize-content": "", "prize-title": "Bose Headphones"}, {"prize-content": "", "prize-title": "24\" Samsung Monitors"}, {"prize-content": "", "prize-title": "Fitbit"}, {"prize-content": "", "prize-title": "Amazon Echo"}, {"prize-content": "", "prize-title": "Google Home"}], "hackathon-location-google-maps": "https://maps.google.com/?q=6100 Main St, Houston, TX 77005, USA", "hackathon-url": "https://hackrice7-5.devpost.com/", "hackathon-judging-criteria": [{"judging-criterion": "We are looking for technically advanced solutions to technically challenging problems that make use of hardware and API's. That being said, if you can solve a technically challenging problem with a simple solution, we will be very impressed!"}, {"judging-criterion": "We are looking for aesthetically pleasing projects with smooth and clear user experience."}, {"judging-criterion": "We are looking for original ideas or new angles on existing ideas."}, {"judging-criterion": "We are looking for socially good projects that people would use."}], "hackathon-location-address": "6100 Main St, Houston, TX 77005, USA", "hackathon-description-header": "HR 7.5 - by Rice students, for Rice students.", "hackathon-prizes-total": "$3,000", "hackathon-location-description": "Liu Idea Lab for Innovation & Entrepreneurship, Rice University", "hackathon-end-date": "", "has-projects": "False"}