{"hackathon-description-text": "\nWe're bringing together Ethereum enthusiasts and students to contribute to the Ethereum ecosystem by solving real life problems utilizing smart contracts and developing the infrastructure needed to help build our decentralized future. This hackathon is an opportunity for bright inquisitive students interested in blockchain technology to work alongside established leaders, developers, and companies who have dedicated themselves to bringing about the next technological revolution.\u00a0", "hackathon-number-of-prizes": "6", "hackathon-id": "ethuoft", "hackathon-judges": [{"judge-role": "CEO / ChainSafe Systems", "judge-name": "Aidan Hyman"}, {"judge-role": "COO / Nuco", "judge-name": "Kesem Frank"}, {"judge-role": "Director / MLGBlockchain", "judge-name": "Kerem Kolcuoglu"}, {"judge-role": "CIO / Corl", "judge-name": "Derek Manuge"}, {"judge-role": "CTO / Tendermint", "judge-name": "Ethan Buchman"}, {"judge-role": "Business Intern / NuCypher", "judge-name": "Derek Pierre"}, {"judge-role": "CEO / BlockGeeks", "judge-name": "Ameer Rosic"}, {"judge-role": "Chief Marketing Officer / Polymath Network", "judge-name": "Tracy Leparulo"}, {"judge-role": "VP Marketing / Polymath Network", "judge-name": "Graeme Moore"}, {"judge-role": "CEO / Bunz", "judge-name": "Sascha Darius Mojtahedi"}], "hackathon-number-of-judges": "10", "hackathon-eligibility": "", "hackathon-number-of-participants": "34", "hackathon-is-colocated": "True", "hackathon-has-ended": "True", "hackathon-number-of-judging-criteria": "4", "hackathon-requirements": "", "hackathon-rules": "", "hackathon-prizes": [{"prize-content": "The three projects that the judges score as having best fit our criteria will win 2 ETH each", "prize-title": "Overall Winner"}, {"prize-content": "The 2 runner-up projects will receive 1 ETH each.", "prize-title": "Runnerups"}, {"prize-content": "Corl is a royalty financing company that leverages data and technology to streamline the startup fundraising process. The long-term objective of the company is to use technology to decentralize, automate, and secure the startup fundraising process. Read the whitepaper at corl.io/whitepaper and build:", "prize-title": "Corl Sponsor Prize"}, {"prize-content": "In a blockchain enabled world how can two people resolve a transactional dispute when there is no one in the middle to help judge or arbitrate?", "prize-title": "Bunz Sponsor Prize"}, {"prize-content": "Best project that innovates Initial Coin Offerings/Security Token Offerings or streamlines the process of verifying KYC/AML and accreditation statuses of investors.", "prize-title": "Polymath Sponsor Prize"}, {"prize-content": "Best project Pitch", "prize-title": "MLG/Blockmason Sponsor Prize"}], "hackathon-location-google-maps": "https://maps.google.com/?q=40 St George St, Toronto, ON M5S 2E4, Canada", "hackathon-url": "https://ethuoft.devpost.com/", "hackathon-judging-criteria": [{"judging-criterion": ""}, {"judging-criterion": "Can your mother use it?"}, {"judging-criterion": "Can this DApp be turned into an actual business or open-source project after the hackathon?"}, {"judging-criterion": ""}], "hackathon-location-address": "40 St George St, Toronto, ON M5S 2E4, Canada", "hackathon-description-header": "Help Build the Decentralized Future", "hackathon-prizes-total": "$7,350", "hackathon-location-description": "University of Toronto - Bahen Centre for Information Technology", "hackathon-end-date": "2018-03-25", "has-projects": "True"}