{"hackathon-description-text": "\nEvery year flooding in Jakarta affects the lives of many thousands of people living in Jakarta. In order to reduce the impact of floods in Jakarta officials have numerous response procedures in place.", "hackathon-number-of-prizes": "4", "hackathon-id": "floodhack-2016", "hackathon-judges": [{"judge-role": "", "judge-name": "Ismail Sunni"}], "hackathon-number-of-judges": "1", "hackathon-eligibility": "", "hackathon-number-of-participants": "12", "hackathon-is-colocated": "True", "hackathon-has-ended": "True", "hackathon-number-of-judging-criteria": "3", "hackathon-requirements": "", "hackathon-rules": "", "hackathon-prizes": [{"prize-content": "", "prize-title": "Overall Winner"}, {"prize-content": "", "prize-title": "Best Concept"}, {"prize-content": "", "prize-title": "Best Design"}, {"prize-content": "", "prize-title": "Best Team"}], "hackathon-location-google-maps": "https://maps.google.com/?q=Jl. Kebon Sirih No.18, Gambir, Gambir, Kota Jakarta Pusat, Daerah Khusus Ibukota Jakarta, Indonesia", "hackathon-url": "https://floodhack-2016.devpost.com/", "hackathon-judging-criteria": [{"judging-criterion": ""}, {"judging-criterion": ""}, {"judging-criterion": ""}], "hackathon-location-address": "Jl. Kebon Sirih No.18, Gambir, Gambir, Kota Jakarta Pusat, Daerah Khusus Ibukota Jakarta, Indonesia", "hackathon-description-header": "Use your elite skills to reduce the impact of floods in Jakarta!", "hackathon-prizes-total": "0", "hackathon-location-description": "BPBD Provinsi DKI Jakarta", "hackathon-end-date": "2016-04-03", "has-projects": "True"}