{"hackathon-description-text": "\nThis is a CoRE-run, CoRE-powered hackathon to create an environment where CoRE members can work on their projects.", "hackathon-number-of-prizes": "3", "hackathon-id": "corehacks-2016s", "hackathon-judges": [{"judge-role": "President", "judge-name": "Gabe"}, {"judge-role": "Treasurer", "judge-name": "Emma"}, {"judge-role": "SysAdmin", "judge-name": "Taylor"}, {"judge-role": "Alumnus", "judge-name": "John"}, {"judge-role": "Alumnus", "judge-name": "Kevin"}, {"judge-role": "Friend of CoRE", "judge-name": "Joe"}], "hackathon-number-of-judges": "6", "hackathon-eligibility": "\nAll participants must be members of CoRE.", "hackathon-number-of-participants": "7", "hackathon-is-colocated": "False", "hackathon-has-ended": "True", "hackathon-number-of-judging-criteria": "1", "hackathon-requirements": "\nYou should be working on your CoRE projects.", "hackathon-rules": "\nOur hackathon is dedicated to providing a harassment-free experience for everyone, regardless of gender, gender identity and expression, age, sexual orientation, disability, physical appearance, body size, race, ethnicity, nationality, religion, previous hackathon attendance or computing experience (or lack of any of the aforementioned). We do not tolerate harassment of hackathon participants in any form. Sexual language and imagery is not appropriate at any hackathon venue, including hacks, talks, workshops, parties, social media and other online media. Hackathon participants violating these rules may be sanctioned or expelled from the hackathon at the discretion of the hackathon organisers.", "hackathon-prizes": [{"prize-content": "A whiteboard for all your \"show your work\" needs!", "prize-title": "First Place"}, {"prize-content": "A free CoRE t-shirt!", "prize-title": "Second Place"}, {"prize-content": "A surprise goodie bag decorated with a puppy on the bag (computer cleaning kit inside).", "prize-title": "Third Place"}], "hackathon-location-google-maps": "", "hackathon-url": "https://corehacks-2016s.devpost.com/", "hackathon-judging-criteria": [{"judging-criterion": "The judges will announce criteria at the hackathon."}], "hackathon-location-address": "", "hackathon-description-header": "An internal CoRE hackathon for projects.", "hackathon-prizes-total": "0", "hackathon-location-description": "", "hackathon-end-date": "2016-02-07", "has-projects": "True"}