{"hackathon-description-text": "\nCompanies are deploying billions of devices to support mission critical operations in a wide range of venues such as connected devices in factories, oil wells, agricultural fields, hospitals, cars, and more. These devices capture powerful data that if collected, processed, and analyzed in real-time, can provide actionable insights and help companies react promptly to new information.\u00a0", "hackathon-number-of-prizes": "5", "hackathon-id": "awsiot", "hackathon-judges": [{"judge-role": "General Manager, Amazon Kinesis", "judge-name": "Roger Barga"}, {"judge-role": "Technical Evangelist, AWS", "judge-name": "Tara Walker"}, {"judge-role": "Senior Product Manager, Amazon Kinesis", "judge-name": "Kapil Chhabra"}, {"judge-role": "AWS Solution Architect", "judge-name": "Allan MacInnis"}, {"judge-role": "Senior Product Manager, Amazon Kinesis", "judge-name": "Ryan Nienhuis"}, {"judge-role": "Principal Product Manager, Amazon Kinesis", "judge-name": "Damian Wylie"}, {"judge-role": "Principal Program Manager, AWS IoT", "judge-name": "Brett Francis"}, {"judge-role": "Senior Technical Program Manager, AWS IoT", "judge-name": "Michael Garcia"}], "hackathon-number-of-judges": "8", "hackathon-eligibility": "\nThis competition is open to the following:\nThe competition welcomes submitters from most countries around the globe. However, individuals or organizations may be disqualified if they are based in a nation, state, province, or territory where U.S. or local law prohibits participating in the competition or receiving a prize. This includes individuals, who are residents of, and organizations domiciled in Brazil, Quebec, Cuba, Sudan, Iran, North Korea, Syria and any other country designated by the United States Treasury's Office of Foreign Assets Control.\n", "hackathon-number-of-participants": "810", "hackathon-is-colocated": "False", "hackathon-has-ended": "True", "hackathon-number-of-judging-criteria": "3", "hackathon-requirements": "\n\nBuild an app that collects and processes sensor data to solve a particular user need, ranging from ordering fresh groceries or replacing printer cartridges\u00a0to automating manufacturing plants and assembly lines. The app must use\nYour submission must be a new or existing app (If existing, submitters must update their app to run on AWS IoT and/or Amazon Kinesis during the submission period).\n\nSolutions can, but are not required to:", "hackathon-rules": "\n\nNO PURCHASE OR PAYMENT NECESSARY. A PURCHASE OR PAYMENT OF ANY KIND WILL NOT INCREASE YOUR CHANCES OF WINNING.\u00a0\u00a0\nAWS IoT App Challenge (the \u201cHackathon\u201d)\n\u00a0(the \u201cHackathon Website\u201d)\n\u00a0\n\n(the \u201cPoster\u201d): Amazon Web Services, Inc., 410 Terry Avenue North, Seattle, WA 98109-5210.\nThe Poster is the sponsor of the Hackathon.\n(the \u201cAdministrator\u201d): Devpost, Inc. (\u201cDevpost\u201d), 222 Broadway, 19th Floor, New York, NY 10038.\nThe Administrator is responsible for the rules, administration, and operation of the Hackathon. The Poster, Amazon, is not responsible for the rules, administration, or operation of the Hackathon.\n\u00a0\n\n\u00a0August 29, 2017 (12:00pm (noon) PST) \u2013 November 16, 2017 (5:00pm PST) (the \u201cHackathon Submission Period\u201d)\n\u00a0November 27, 2017 (10:00am Pacific\u00a0Time) \u2013 December 8, 2017 (5:00pm Pacific\u00a0Time) (the \u201cJudging Period\u201d)\n\u00a0On or around December 15, 2017 (2:00pm Pacific\u00a0Time)\u00a0\nThe Administrator will be the official timekeeper for the Hackathon.\n\u00a0\n\n\n(the above are collectively, \u201cMakers\u201d)\nAn Eligible Individual may join more than one Team, Small organization, or Large organization and an Eligible Individual who is part of a Team, Small organization, or Large organization may also enter the Hackathon on an individual basis.\u00a0\u00a0\nIf a Team, Small organization, or Large organization is entering the Hackathon, they must appoint and authorize one individual (the \u201cRepresentative\u201d) to represent, act, and enter a Submission, on their behalf. The Representative, each Team member and each member of a participating Organization who participates in the Challenge must meet the eligibility requirements above. By entering a Submission on the Site on behalf of a Team, Small organization, or Large organization you represent and warrant that you are the Representative authorized to act on behalf of your Team, Small organization, or Large organization.\n\n*The members of an individual\u2019s immediate family include the individual\u2019s spouse, children and stepchildren, parents and stepparents, and siblings and stepsiblings. The members of an individual\u2019s household include any other person that shares the same residence as the individual for at least three (3) months out of the year.\n**Agents include\u00a0individuals or organizations that in creating a Submission to the Hackathon, are acting on behalf of, and at the direction of, a\u00a0Promotion Entity through a contractual or similar relationship.\n***An affiliate is:\u00a0(a) an organization that is under common control, sharing a common majority or\u00a0controlling owner, or common management; or (b) an\u00a0organization that has a substantial ownership in, or is substantially owned by the other organization.\u00a0\n\u00a0\n\nMakers must do the following to participate in the Hackathon:\u00a0\n(each a \u201cSubmission\u201d)\n\nAll materials submitted in connection with the Hackathon must be in English or, if not in English, the Maker must provide an English translation of the demonstration video, text description, and testing instructions as well as all other materials submitted.\u00a0\n\n(i)\u00a0\n\u00a0Makers must build a working software application using\u00a0\n and/or \n (each an \u201cApplication\u201d).\n(ii)\u00a0\nThe Application code must function as depicted in the video and/or expressed in any other materials submitted in connection with the Hackathon.\n(iii)\u00a0\nApplications must be either newly created by the Maker or, if the Application existed prior to the Hackathon Submission Period, must have been updated to use Amazon IoT Platform and/or Amazon Kinesis during the Hackathon Submission Period.\n(iv)\u00a0\nThe Maker must make the Application available free of charge and without any restriction, for testing, evaluation and use by the Poster, Administrator and judges during the Hackathon and until the Judging Period ends. Makers must make their Application available for testing by:\n(v)\u00a0\n\u00a0A Maker may submit more than one Submission, but each Submission must be unique and substantially different from each of the Maker\u2019s other Submissions, as determined by the Poster and/or the Administrator. \u201cSubmission\u201d means, collectively, the Application, video, entry information and any other material or information submitted by a Maker in connection with entry in the Hackathon.\n(vi)\u00a0\nApplications may integrate third-party SDKs, APIs and services, provided the Maker is authorized to use them.\u00a0\n(vii)\u00a0\nMakers are encouraged, but not required to use other AWS services.\n(viii)\u00a0\nYour Submission and all components thereof must: (a) be your (or your Team, Small organization, or Large organization\u2019s) original work product; (b) be solely owned by you, your Team, your Small organization, or your Large organization with no other person or entity having any right or interest in it; and (c) not violate the intellectual property rights or other rights, including but not limited to copyright, trademark, patent, contract, and/or privacy rights, of any other person or entity. A Maker may contract with a third party for technical assistance to create the Submission provided the Submission components are solely the Maker\u2019s work product and the result of the Maker\u2019s ideas and creativity, and the Maker owns all rights to them. A Maker may submit a Submission that includes the use of open source software or hardware, provided the Maker complies with applicable open source licenses and, as part of the Submission, creates software that enhances and builds upon the features and functionality included in the underlying open source product. By entering the Hackathon you represent, warrant, and agree that your Submission meets these requirements.\n(ix)\u00a0\n\u00a0An Application must not have been developed, or derived from a Application developed, with\u00a0financial or preferential support from\u00a0the Poster or Administrator. Such\u00a0Applications include, but are not limited to, those that received funding or\u00a0investment for their development, were developed\u00a0under contract, or received a\u00a0commercial license, from the Poster or Administrator any time prior\u00a0to the end of Hackathon Submission Period. The\u00a0Poster, at their sole\u00a0discretion, may disqualify a Submission, if awarding a prize to the\u00a0Submission or Maker would create a real or apparent conflict of interest.\n\nThe text description should include a brief explanation of what the Application does and what makes it unique.\nThe image(s) should be photographs or screenshots of your working Application.\u00a0\nThe video portion of the Submission:\u00a0\na. should be less than five (5) minutes;\nb. must include footage that clearly explains the Application\u2019s features and functionality through a comprehensive demonstration;\nc. must be uploaded to YouTube, Vimeo, or Youku, and a link to the video must be provided on the submission form on the Hackathon Website;\nd. must not include third party trademarks or copyrighted music or other material unless the Maker has permission to use such material; and\ne. must not depict or identify any person unless the Maker has obtained for the person prior written consent to such person\u2019s being depicted or identified in the video and to the video being used in connection with the Hackathon as permitted pursuant to these Official Rules.\n\nPrior to the end of the Hackathon Submission Period, you may save draft versions of your Submission on Devpost to your portfolio before submitting the Submission materials to the Hackathon for evaluation. Once the Submission Period has ended, you may not make any changes or alterations to your Submission, but you may continue to update the project in your Devpost portfolio.\nThe Poster may permit you to modify part of your Submission after the Hackathon Submission Period for the purpose of removing material that potentially infringes a third party mark or right, discloses personally identifiable information, or is otherwise inappropriate. The modified Submission must remain substantively the same as the original Submission with the only modification being what the Poster permits.\n\u00a0\n\nSubject to the licenses described below, any applicable intellectual property rights to a Submission will remain with the Maker.\nBy entering the Hackathon, you grant to the Poster, Administrator, each of their parent companies, subsidiaries and affiliates, and any other third parties acting on behalf of any of the foregoing, and the successors, licensees and assigns of each of the foregoing (all of the foregoing, collectively, the \"Contest Entities\u201d), a royalty-free, non-exclusive, worldwide perpetual license to display publicly and use for promotional purposes the Submission, in perpetuity. This license includes, but is not limited to, posting or linking to the Submission on Poster\u2019s, Administrator\u2019s, and partners\u2019 websites and applications, including the Hackathon Website, and display and promotion of the Submission in any other media, worldwide.\nWithout limitation of any of the Contest Entities\u2019 rights pursuant to these Official Rules, the following Submission components may be displayed to the public: name, description, images, video URL, website, URL, team members, the Submission category and platform, and submitter type. Other Submission materials may be viewed by the Poster, Administrator, and Judges for screening and evaluation.\nMakers represent and warrant that the Contest Entities are free to use Makers\u2019 Submission in the manner described above, as provided or as modified by the Administrator, without obtaining permission or license from any third party and without any compensation to Makers.\n\u00a0\n\nEligible Submissions will be evaluated by a panel of judges selected by the Poster (the \u201cJudges\u201d). Judges may be employees of the Poster or external, may or may not be listed individually on the Hackathon Website, and may change before or during the Judging Period. Judging may take place in one or more rounds with one or more panels of Judges, at the discretion of the Poster.\nThe Judges will score eligible Submissions using the following equally weighted criteria (the \u201cJudging Criteria\u201d):\n\u00a0(Includes creativity, novelty, and originality of the Application idea.)\n\u00a0(Includes the scalability, cost effectiveness, and how well the Application idea was executed by the developer.)\n\u00a0(Includes the extent to which the Application can impact individuals, businesses, or communities.)\nThe Judging Criteria above may not apply to every Prize. See Section 7 below for the Judging Criteria that apply for each Prize. The Maker(s) that are eligible for a Prize, and whose Submissions earn the highest overall scores based on the applicable Judging Criteria, will become potential winners of that Prize.\nJudges are not required to test the Application and may choose to judge based solely on the text description, images and video provided in the Submission.\u00a0\nFor each Prize listed in Section 7 below, if two or more Submissions are tied, the tied Submission with the highest score in the first applicable criterion listed above will be considered the higher scoring Submission. In the event any ties remain, this process will be repeated, as needed, by comparing the tied Submissions\u2019 scores on the next applicable criterion. If two or more Submissions are tied on all applicable criteria, the panel of Judges will vote on the tied Submissions.\n\u00a0\n\n\u00a0\n\u00a0\n**Please review the Devpost Hackathon Terms of Service at\u00a0\n\u00a0for voting rules.\nAll prize details that are not expressly specified in these Official Rules will be determined by Administrator or Poster, as applicable, in their discretion. The prize will be awarded if properly claimed. No cash redemption or transfer of the right to receive the prize is permitted, except in the discretion of Administrator. The prize consists only of the item(s) expressly specified in these Official Rules and does not include any travel arrangements or expenses. All expenses or costs associated with the acceptance or use of the prize or any component of the prize are the responsibility of the winner. The prize is awarded \u201cas is\u201d and without any warranty, except as required by law. In no event will more than the number of prizes stated in these Official Rules be awarded. Any use of the AWS promotional credits will be in accordance with and subject to the terms and conditions available at http://aws.amazon.com/awscredits/, as updated from time to time.\n\u00a0\n\nTHE AWARD OF A PRIZE TO A POTENTIAL WINNER IS SUBJECT TO VERIFICATION OF THE IDENTITY, QUALIFICATIONS AND ROLE OF THE POTENTIAL WINNER IN THE CREATION OF THE SUBMISSION. The final decision to designate a winner shall be made by the Poster and/or Administrator.\nPotential winners will be notified using the email address associated with the Devpost account used to enter the Submission (the submitter is the \u201cRepresentative\u201d in the case of a Team, Small organization, or Large organization). In order to receive a Prize, the potential winner (including all participating team members in the case of a Team, Small organization, or Large organization) will be required to sign and return to the Poster or Administrator, affidavit(s) of eligibility (or a similar verification document) and liability/publicity release(s), and any applicable tax forms (\u201cRequired Forms\u201d).\nten (10) business days after the Required Forms are sent.\nThe Poster and/or Administrator may deem a potential winner (or participating team members) ineligible to win if:\u00a0\n(i) the potential winner\u2019s Representative or any participating member does not respond to multiple emails or fails to sign and return the Required Forms by the deadline listed above, or responds and rejects the Prize;\u00a0\u00a0\n(ii) the Prize or Prize notification is returned as undeliverable; or\u00a0\u00a0\n(iii) the Submission or the potential winner, or any member of a potential winner\u2019s Team, Small organization, or Large organization, is disqualified for any other reason.\u00a0\nIn the event of a disqualification, the Poster and/or Administrator may award the applicable Prize to an alternate potential winner.\n\u00a0\n\nThe Poster has the right to make a Prize substitution of equivalent or greater value. The Poster will not award a Prize if there are no eligible Submissions entered in the Hackathon, or if there are no eligible Makers or Submissions for a specific Prize.\nPrizes will be payable to the Maker, if an individual, to the Maker\u2019s Representative, if a Team, or to the Small organization, if the Maker is a Small organization. It will be the responsibility of the winning Maker\u2019s Representative to allocate the Prize among their Team or Small organization\u2019s participating members, as the Representative deems appropriate.\u00a0A monetary Prize will be mailed to the winning Maker\u2019s address (if an individual) or the Representative\u2019s address (if a Team or Small organization), or wired to the Maker, Maker Representative, or Small organization\u2019s bank account, only after receipt of the Required Forms.\nFailure to provide correct information on the Required Forms, or other correct information required for the delivery of a Prize, may result in delayed Prize delivery, disqualification or the Maker, or forfeiture of a Prize.\nWithin 45 days of the Poster or Administrator\u2019s receipt of the Required Forms\nWinners (and in the case of Team or Small organization, all participating members) are responsible for any fees associated with receiving or using a prize, including but not limited to, wiring fees. Winners (and in the case of Team or Small organization, all participating members) are responsible for reporting and paying all applicable taxes in their jurisdiction of residence (federal, state/provincial/territorial and local). Winners may be required to provide certain information to facilitate receipt of the award, including completing and submitting any tax or other forms necessary for compliance with applicable withholding and reporting requirements. United States residents may be required to provide a completed form W-9 and residents of other countries may be required to provide a completed W-8BEN form. Winners are also responsible for complying with foreign exchange and banking regulations in their respective jurisdictions and reporting the receipt of the Prize to relevant government departments/agencies, if necessary. The Poster, Administrator, and/or Prize provider reserve the right to withhold a portion of the prize amount to comply with the tax laws of the United States or other Poster jurisdiction, or those of a winner\u2019s jurisdiction.\n\u00a0\n\nA. By entering the Hackathon, you (and, if you are entering on behalf of a Team, Small organization, or Large organization each participating members) agree(s) to the following:\u00a0\n(i) The relationship between you, the Maker, and the Poster and Administrator, is not a confidential, fiduciary, or other special relationship.\u00a0\n(ii) You will be bound by and comply with these Official Rules and the decisions of the Poster, Administrator, and/or the Hackathon Judges which are binding and final in all matters relating to the Hackathon.\u00a0\n(iii) You release, indemnify, defend and hold harmless each of the Contest Entities, the Prize suppliers and any other organizations responsible for sponsoring, fulfilling, administering, advertising or promoting the Hackathon, and all of their respective past and present officers, directors, employees, agents and representatives (hereafter the \u201cReleased Parties\u201d) from and against any and all claims, expenses, and liabilities (including reasonable attorneys\u2019 fees), including but not limited to negligence and damages of any kind to persons and property, defamation, slander, libel, violation of right of publicity, infringement of trademark, copyright or other intellectual property rights, property damage, or death or personal injury, arising out of or relating to the Hackathon, a Maker\u2019s entry, creation of Submission or entry of a Submission, participation in the Hackathon, acceptance or use or misuse of the Prize (including any travel or activity related thereto) and/or the broadcast, transmission, performance, exploitation or use of the Submission as authorized or licensed by these Official Rules.\u00a0\u00a0\nB. Without limiting the foregoing, the Released Parties shall have no liability in connection with: \u00a0\n(i) any incorrect or inaccurate information, whether caused by the Poster or Administrator\u2019s electronic or printing error, or by any of the equipment or programming associated with or utilized in the Hackathon;\n(ii) technical failures of any kind, including, but not limited to malfunctions, interruptions, or disconnections in phone lines, internet connectivity or electronic transmission errors, or network hardware or software or failure of the Hackathon Website;\u00a0\n(iii) unauthorized human intervention in any part of the entry process or the Hackathon; \u00a0\n(iv) technical or human error which may occur in the administration of the Hackathon or the processing of Submissions; or \u00a0\n(v) any injury or damage to persons or property which may be caused, directly or indirectly, in whole or in part, from the Maker\u2019s participation in the Hackathon or receipt or use or misuse of any Prize.\u00a0\nThe Released Parties are not responsible for incomplete, late, misdirected, damaged, lost, illegible, or incomprehensible Submissions or for address or email address changes of the Makers. Proof of sending or submitting will not be deemed to be proof of receipt by the Poster or Administrator.\nIf for any reason any Maker\u2019s Submission is determined to have not been received or been erroneously deleted, lost, or otherwise destroyed or corrupted, the Maker\u2019s sole remedy is to request the opportunity to resubmit its Submission. Such request must be made promptly after the Maker knows or should have known there was a problem, and will be determined at the sole discretion of the Poster.\u00a0\nEach Maker acknowledges that each of the Contest Entities engages and has engaged and will in the future engage in the development, preparation, production, acquisition and dissemination of software, technology and other material (collectively, \u201cMaterials\u201d), including without limitation Materials that may be similar or identical to a Maker\u2019s Submission, and that other people may previously have submitted to one or more of the Contest Entities Materials that are similar or identical to a Submission. Each Maker agrees that it will not be entitled to any compensation or credit in connection with, and will not have any other legal, equitable or other rights of any nature with respect to, the use by any of the Contest Entities of any Material that is similar or identical to any Submission or any component thereof. As an inducement to Administrator to accept the Maker\u2019s entry, each Maker hereby waives any claim or right of action against any of the Contest Entities in connection with the Contest Entities\u2019 use of any Materials (or any portions thereof), whether or not such Materials are similar or identical to an Maker\u2019s Submission or contain any features, ideas, material and/or elements that are similar or identical to those contained in an Maker\u2019s Submission. Without limitation of the foregoing, the Contest Entities will have the right to use, without any payment or other obligation whatsoever to any Maker, any part of any Submission, and any idea or concept contained therein, that (a) is similar or identical to, or contains elements encompassed in, any material or concept that has been developed, produced or disseminated or is under consideration or in development by or for any of the Contest Entities before or at the time of the Maker\u2019s submission of the Submission, (b) is not unique, novel, original and concrete so as to be entitled to protection under applicable laws, (c) has been made public by anyone at the time of its submission in the Hackathon or otherwise is in the public domain, (d) would be freely usable by a third party if it had not been submitted as a Submission or the subject of any agreement, (e) is not protected by United States copyright law or (f) is similar or identical to, or contains elements encompassed in, an idea, concept or material that is independently created by any Contest Entity or any third party. Acceptance of a Submission is not an admission by any Contest Entity of the novelty or originality of the Submission.\n\u00a0\n\nBy participating in the Hackathon you consent to the use of personal information about you, if you are a winner, by the Poster, Administrator, and third parties acting on their behalf. Such personal information includes, but is not limited to, your name, likeness, photograph, voice, opinions, comments and hometown and country of residence. It may be used in any existing or newly created media, worldwide without further payment or consideration or right of review, unless prohibited by law. Authorized use includes advertising and promotional purposes.\nThe duration of your consent is for a period of three years following the conclusion of the Hackathon. This consent applies, as applicable, to all members a Maker\u2019s Team, Small organization or Large organization that participated in the winning Submission.\n\u00a0\n\nA. Poster and Administrator reserve the right, in their sole discretion, to cancel, suspend and/or modify the Hackathon, or any part of it, in the event of a technical failure, fraud, or any other factor or event that was not anticipated or is not within their control.\u00a0\nB.\u00a0 Poster and Administrator reserve the right in their sole discretion to disqualify any individual or Maker it finds to be actually or presenting the appearance of tampering with the entry process or the operation of the Hackathon or to be acting in violation of these Official Rules or in a manner that is inappropriate, unsportsmanlike, not in the best interests of this Hackathon, or a violation of any applicable law or regulation. \u00a0\nC. Any attempt by any person to undermine the proper conduct of the Hackathon may be a violation of criminal and civil law.\u00a0 Should Poster or Administrator suspect that such an attempt has been made or is threatened, they reserve the right to take appropriate action including but not limited to requiring a Maker to cooperate with an investigation and referral to criminal and civil law enforcement authorities.\u00a0\nD. If there is any discrepancy or inconsistency between the terms and conditions of the Official Rules and disclosures or other statements contained in any Hackathon materials, including but not limited to the Hackathon Submission form, Hackathon Website, advertising (including but not limited to television, print, radio or online ads), the terms and conditions of the Official Rules shall prevail. \u00a0\nE. The terms and conditions of the Official Rules are subject to change at any time, including the rights or obligations of the Maker, the Poster and the Administrator. The Poster and Administrator will post the terms and conditions of the amended Official Rules on the Hackathon Website.\u00a0 To the fullest extent permitted by law, any amendment will become effective at the time specified in the posting of the amended Official Rules or, if no time is specified, the time of posting. \u00a0\nF. If at any time prior to the deadline, a Maker or prospective Maker believes that any Official Rule is or may be unclear or ambiguous, they must submit a written request for clarification. \u00a0 \u00a0\nG. The Poster or Administrator\u2019s failure to enforce any term of these Official Rules shall not constitute a waiver of that provision. Should any provision of these Official Rules be or become illegal or unenforceable in any jurisdiction whose laws or regulations may apply to a Maker, such illegality or unenforceability shall leave the remainder of these Official Rules, including the Rule affected, to the fullest extent permitted by law, unaffected and valid. The illegal or unenforceable provision shall be replaced by a valid and enforceable provision that comes closest and best reflects the Poster\u2019s intention in a legal and enforceable manner with respect to the invalid or unenforceable provision.\u00a0\nH. Excluding Submissions, all intellectual property related to this Hackathon, including but not limited to copyrighted material, trademarks, trade-names, logos, designs, promotional materials, web pages, source codes, drawings, illustrations, slogans and representations are owned or used under license by the Poster and/or Administrator. All rights are reserved. Unauthorized copying or use of any copyrighted material or intellectual property without the express written consent of its owners is strictly prohibited.\u00a0Any use in a Submission of Poster or Administrator intellectual property shall be solely to the extent provided for in these Official Rules.\n\u00a0\n\nBy entering, all Makers (including, in the case of a Team, Small organization, or Large organization, all participating members) agree to be bound by the Official Rules and hereby release the Released Parties from any and all liability in connection with the Prizes or Maker\u2019s participation in the Hackathon. Provided, however, that any liability limitation regarding gross negligence or intentional acts, or events of death or body injury shall not be applicable in jurisdictions where such limitation is not legal.\u00a0\n\u00a0\n\nA. Except where prohibited by law, as a condition of participating in this Hackathon, Maker agrees that:\n(i) any and all disputes and causes of action arising out of or connected with this Hackathon, or any Prizes awarded, shall be resolved individually, without resort to any form of class action lawsuit, and exclusively by final and binding arbitration under the rules of the American Arbitration Association and held at the AAA regional office nearest the contestant;\n(ii) the Federal Arbitration Act shall govern the interpretation, enforcement and all proceedings at such arbitration; and\n(iii) judgment upon such arbitration award may be entered in any court having jurisdiction.\nB. Under no circumstances will Maker be permitted to obtain awards for, and contestant hereby waives all rights to claim, punitive, incidental or consequential damages, or any other damages, including attorneys\u2019 fees, other than contestant\u2019s actual out-of-pocket expenses (i.e., costs associated with entering this Hackathon), and Maker further waives all rights to have damages multiplied or increased.\nC. All issues and questions concerning the construction, validity, interpretation and enforceability of these Official Rules, or the rights and obligations of Maker and Poster in connection with this Hackathon, shall be governed by, and construed in accordance with, the substantive laws of the State of New York, USA without regard to New York choice of law rules.\nSOME JURISDICTIONS DO NOT ALLOW THE LIMITATIONS OR EXCLUSION OF LIABILITY FOR INCIDENTAL OR CONSEQUENTIAL DAMAGES, SO THE ABOVE MAY NOT APPLY TO YOU.\n\u00a0\n\nPlease review the Devpost Terms of Service at\u00a0\n\u00a0for additional rules that apply to your participation in the Hackathon and more generally your use of the Hackathon Website. Such Terms of Service are incorporated by reference into these Official Rules. If there is a conflict between the Terms of Service and these Official Rules, the latter terms shall control with respect to this Hackathon only.\nParticipation in the Hackathon constitutes Maker\u2019s full and unconditional agreement to these Official Rules. By entering, a Maker agrees that all decisions related to the Hackathon are final and binding, and that all such decisions are at the sole discretion of the Poster and/or Administrator.\nThe Administrator collects personal information from you when you enter the Hackathon. The information collected is subject to the privacy policy located here:\u00a0\n.\n\u00a0\n\nIf you have any questions or comment, or wish to send us any notice regarding this Hackathon, please email us at\u00a0\n.\u00a0\n\u00a0\n\u00a0\n\u00a0", "hackathon-prizes": [{"prize-content": "\u2022 $5,000 USD", "prize-title": "First Place"}, {"prize-content": "\u2022 $3,000 USD", "prize-title": "Second Place"}, {"prize-content": "\u2022 $2,000 USD", "prize-title": "Third Place"}, {"prize-content": "\u2022 Amazon Echo (up to 2 per team)", "prize-title": "Popular Choice"}, {"prize-content": "\u2022 Echo Dot (1 per team) for up to 30 teams", "prize-title": "Honorable Mention"}], "hackathon-location-google-maps": "", "hackathon-url": "https://awsiot.devpost.com/", "hackathon-judging-criteria": [{"judging-criterion": "Creativity, novelty, and originality of the app. Is your app differentiated and does it solve your users' problems in a unique way?"}, {"judging-criterion": "Includes how well the idea was executed by the developer."}, {"judging-criterion": "The extent to which the app can impact individuals, businesses, or communities. Does your app help solve a problem or pain point for your users?"}], "hackathon-location-address": "", "hackathon-description-header": "Build cool IoT apps that put sensor data to work using AWS IoT and Amazon Kinesis!", "hackathon-prizes-total": "$12,940", "hackathon-location-description": "", "hackathon-end-date": "2017-11-16", "has-projects": "True"}