{"hackathon-description-text": "\nWelcome to the first annual Major League Hacking (MLH) hackathon in Mississippi! The HackState Leadership Team and Mississippi State University are so excited that you\u2019re hacking with us.", "hackathon-number-of-prizes": "9", "hackathon-id": "hackstate", "hackathon-judges": [{"judge-role": "Babel Street", "judge-name": "Shon Myatt"}, {"judge-role": "Distributed Analytics and Security Institute", "judge-name": "John Hamilton, Ph.D."}, {"judge-role": "Circadence", "judge-name": "Jay Weaver"}], "hackathon-number-of-judges": "3", "hackathon-eligibility": "", "hackathon-number-of-participants": "79", "hackathon-is-colocated": "True", "hackathon-has-ended": "True", "hackathon-number-of-judging-criteria": "1", "hackathon-requirements": "", "hackathon-rules": "", "hackathon-prizes": [{"prize-content": "410C Dragonboard for each team member", "prize-title": "Best IoT Hack Using a Qualcomm Device"}, {"prize-content": "$250 Amazon Web Services Credit", "prize-title": "Amazon Web Services - Best Use of AWS"}, {"prize-content": "Raspberry Pi & PiHut Essential Kit", "prize-title": "Best Domain Name from Domain.com"}, {"prize-content": "", "prize-title": ".tech Domains"}, {"prize-content": "All team members must be first time hackers.", "prize-title": "First Time Hackers - Babel Street"}, {"prize-content": "Team will receive a variety of development books from Big Nerd Ranch.", "prize-title": "Third Place"}, {"prize-content": "Seagate Expansion 1TB Portable External Hard Drive USB 3.0", "prize-title": "Second Place"}, {"prize-content": "Amazon Echo Dot and a Raspberry Pi 3 Complete Starter Kit - 32 GB", "prize-title": "First Place"}, {"prize-content": "Four battery packs", "prize-title": "Best Safety Hack - International Paper"}], "hackathon-location-google-maps": "", "hackathon-url": "https://hackstate.devpost.com/", "hackathon-judging-criteria": [{"judging-criterion": "Product, Technology, Coolness & Ambition, Teamwork & Exploration, and Discretionary"}], "hackathon-location-address": "", "hackathon-description-header": "Mississippi State University's 24 hour hackathon", "hackathon-prizes-total": "$3,100", "hackathon-location-description": "Starkville, MS", "hackathon-end-date": "2017-09-24", "has-projects": "True"}