{"hackathon-description-text": "\nHackat\u00f3n enfocado al sector agricultor de M\u00e9xico.", "hackathon-number-of-prizes": "1", "hackathon-id": "agrohacks", "hackathon-judges": [{"judge-role": "", "judge-name": "Rene Pons"}, {"judge-role": "", "judge-name": "Eutiquio Barrientos"}, {"judge-role": "", "judge-name": "Aldo Cort\u00e9s"}, {"judge-role": "", "judge-name": "Raymundo Soto"}, {"judge-role": "", "judge-name": "Pablo Barrera"}], "hackathon-number-of-judges": "5", "hackathon-eligibility": "", "hackathon-number-of-participants": "53", "hackathon-is-colocated": "True", "hackathon-has-ended": "False", "hackathon-number-of-judging-criteria": "4", "hackathon-requirements": "", "hackathon-rules": "\nEl siguiente es un reglamento compuesto por los ya existentes del ITESM, el PIT2 y AgroHacks CUU 2016, por lo cual se te pide leerlo atentamente.\nCualquier duda y/o problema se deber\u00e1 dirigir a un miembro del STAFF.", "hackathon-prizes": [{"prize-content": "", "prize-title": "1er Lugar"}], "hackathon-location-google-maps": "", "hackathon-url": "https://agrohacks.devpost.com/", "hackathon-judging-criteria": [{"judging-criterion": "30%"}, {"judging-criterion": "30%"}, {"judging-criterion": "30%"}, {"judging-criterion": "10%"}], "hackathon-location-address": "", "hackathon-description-header": "Hacking the World of Agriculture", "hackathon-prizes-total": "$40,000", "hackathon-location-description": "ITESM - PIT2", "hackathon-end-date": "", "has-projects": "False"}