{"hackathon-description-text": "\n", "hackathon-number-of-prizes": "1", "hackathon-id": "eku", "hackathon-judges": [{"judge-role": "Eastern Kentucky University", "judge-name": "George Landon"}], "hackathon-number-of-judges": "1", "hackathon-eligibility": "\nOpen to EKU students/alumni/friends. \u00a0If your not sure, just send us an email.", "hackathon-number-of-participants": "13", "hackathon-is-colocated": "True", "hackathon-has-ended": "False", "hackathon-number-of-judging-criteria": "1", "hackathon-requirements": "\nNeeds to be a playable game.", "hackathon-rules": "\nIndividual and team submissions accepted. \u00a0We follow Ludum Dare jam\u00a0requirements.", "hackathon-prizes": [{"prize-content": "", "prize-title": "Danny Award"}], "hackathon-location-google-maps": "https://maps.google.com/?q=Wallace Building, 4366 Kit Carson Dr, Richmond, KY 40475, USA", "hackathon-url": "https://eku.devpost.com/", "hackathon-judging-criteria": [{"judging-criterion": "Judging will be performed on-site by peers and visitors during the showcase."}], "hackathon-location-address": "Wallace Building, 4366 Kit Carson Dr, Richmond, KY 40475, USA", "hackathon-description-header": "3rd Annual EKU Fall Game Jam", "hackathon-prizes-total": "0", "hackathon-location-description": "Eastern Kentucky University - Wallace Building", "hackathon-end-date": "", "has-projects": "False"}