{"hackathon-description-text": "\nThe Hopper Storm Hackathon is an all-day power hack during which hackers get access to a huge cluster (30 8-core instances with 32GB RAM and 250GB disk per node) and are set free to create something awesome using Storm.", "hackathon-number-of-prizes": "1", "hackathon-id": "hopperstormhackmtl", "hackathon-judges": [{"judge-role": "", "judge-name": "Hackathon Participants"}], "hackathon-number-of-judges": "1", "hackathon-eligibility": "\nTBC", "hackathon-number-of-participants": "12", "hackathon-is-colocated": "True", "hackathon-has-ended": "True", "hackathon-number-of-judging-criteria": "1", "hackathon-requirements": "\nTBC", "hackathon-rules": "\nTBC", "hackathon-prizes": [{"prize-content": "A 1-year subscription for compute from SoftLayer.", "prize-title": "Popular Choice"}], "hackathon-location-google-maps": "https://maps.google.com/?q=51 Sherbrooke Street West, Montreal, QC H2X 1X2, Canada", "hackathon-url": "https://hopperstormhackmtl.devpost.com/", "hackathon-judging-criteria": [{"judging-criterion": ""}], "hackathon-location-address": "51 Sherbrooke Street West, Montreal, QC H2X 1X2, Canada", "hackathon-description-header": "The Hopper Storm Hackathon is a full day of hacking during which hackers get access to a cluster and mentors and create something awesome using Storm. It's free, and food and caffeine are provided!", "hackathon-prizes-total": "$12,000", "hackathon-location-description": "", "hackathon-end-date": "2014-03-21", "has-projects": "True"}