{"hackathon-description-text": "\nThe\u00a0On\u00a0Deck\u00a0Cup is a nationwide hackathon competition designed to unite developers, designers, technologists and anyone else passionate about sports and technology in a series of events aimed at developing innovative new technologies focusedon\u00a0sports.", "hackathon-number-of-prizes": "3", "hackathon-id": "ondeckcupla", "hackathon-judges": [{"judge-role": "SportsData", "judge-name": "Tom Masterman"}, {"judge-role": "Yahoo! Sports", "judge-name": "Jonah Hauman"}, {"judge-role": "", "judge-name": "Brian Marshall"}, {"judge-role": "Chernin", "judge-name": "Alex Eu"}], "hackathon-number-of-judges": "4", "hackathon-eligibility": "\nOn Deck Cup is open to anyone. To be legally eligible to win a prize, participants must be legal residents, 14 or older, of the 50 United States (including the District of Columbia).", "hackathon-number-of-participants": "18", "hackathon-is-colocated": "True", "hackathon-has-ended": "True", "hackathon-number-of-judging-criteria": "1", "hackathon-requirements": "\nTo officially enter an On Deck Cup regional hackathon sign up on Eventbrite via our\u00a0\nTo make it easier for developers to brainstorm ideas and find desired teammates, the On Deck Cup has set up\u00a0", "hackathon-rules": "\n\u00a0Complete\u00a0\n\u00a0and\u00a0\n\u00a0are available at\u00a0\n.", "hackathon-prizes": [{"prize-content": "Paid trip to San Francisco to present your project at On Deck West Conference on October 22nd at the SF Jazz Center.", "prize-title": "Hackathon Winner"}, {"prize-content": "", "prize-title": "SeatGeek API"}, {"prize-content": "", "prize-title": "SportsData API"}], "hackathon-location-google-maps": "https://maps.google.com/?q=400 Broadway, Santa Monica, CA 90401, USA", "hackathon-url": "https://ondeckcupla.devpost.com/", "hackathon-judging-criteria": [{"judging-criterion": "1. Potential positive impact of project to deepen our ability to understand, analyze or enjoy sports\n\n2. Implementation of the project, including its user experience and design\n\n3. Technical difficulty of project\n\n4. Creativity and originality of project"}], "hackathon-location-address": "400 Broadway, Santa Monica, CA 90401, USA", "hackathon-description-header": "Innovative projects that improve how we follow, analyze and enjoy sports!", "hackathon-prizes-total": "$1,850", "hackathon-location-description": "", "hackathon-end-date": "2014-03-21", "has-projects": "True"}