{"hackathon-description-text": "\nIt's time to set Chattanooga's gigabit network ablaze! Join us for a weekend of", "hackathon-number-of-prizes": "1", "hackathon-id": "gighacks-cha", "hackathon-judges": [{"judge-role": "Executive Director | The Company Lab", "judge-name": "Mike Bradshaw"}, {"judge-role": "Director of Environmental Stewardship & Community | EPB", "judge-name": "Elizabeth Hammitt"}, {"judge-role": "CTO | US Ignite", "judge-name": "Glenn Ricart"}, {"judge-role": "Technologist-in-Residence | The Enterprise Center & GIGTANK", "judge-name": "Andrew Rodgers"}], "hackathon-number-of-judges": "4", "hackathon-eligibility": "\nDevelopers, designers, dreamers & doers who want to advance their applications with gigabit networks", "hackathon-number-of-participants": "35", "hackathon-is-colocated": "True", "hackathon-has-ended": "False", "hackathon-number-of-judging-criteria": "1", "hackathon-requirements": "", "hackathon-rules": "\nRules will be updated later on.", "hackathon-prizes": [{"prize-content": "", "prize-title": "Will be Announced"}], "hackathon-location-google-maps": "https://maps.google.com/?q=1001 Broad Street, Chattanooga, TN 37402, USA", "hackathon-url": "https://gighacks-cha.devpost.com/", "hackathon-judging-criteria": [{"judging-criterion": ""}], "hackathon-location-address": "1001 Broad Street, Chattanooga, TN 37402, USA", "hackathon-description-header": "A 2-day hack event to ignite the gigabit experience.", "hackathon-prizes-total": "0", "hackathon-location-description": "", "hackathon-end-date": "", "has-projects": "False"}