{"hackathon-description-text": "\n\u00a0will be happening February 3-4 at McGill's\u00a0", "hackathon-number-of-prizes": "22", "hackathon-id": "mchacks2018", "hackathon-judges": [{"judge-role": "", "judge-name": "McGill Professors"}, {"judge-role": "", "judge-name": "Sponsor Judges/Mentors"}, {"judge-role": "", "judge-name": "Senior McGill Students"}, {"judge-role": "", "judge-name": "Participants"}], "hackathon-number-of-judges": "4", "hackathon-eligibility": "\nIf you applied to McHacks 2018,\u00a0\nIf you", "hackathon-number-of-participants": "249", "hackathon-is-colocated": "True", "hackathon-has-ended": "True", "hackathon-number-of-judging-criteria": "4", "hackathon-requirements": "\nYou must include videos, photos, or screenshots of the working product and a link to the source code (GitHub, etc.) of your project.\nPlease tag the prizes you would like to be considered for (other than the overall prizes, every team that submits will be considered for overall prizes).", "hackathon-rules": "\n\u00a0\n~Our hackathon is dedicated to providing a harassment-free experience for everyone, regardless of the following~", "hackathon-prizes": [{"prize-content": "The mega insane hacks you wish you thought of first. Each team will be awarded their choice of Sonos PLAY:1 wireless speakers, Sony headphones, or Muse headbands.", "prize-title": "Top 3 Hacks"}, {"prize-content": "The best hack as voted by YOU. Each team member will be awarded a Fujifilm Instax Mini 8 camera.", "prize-title": "People's Choice"}, {"prize-content": "Cisco will award a Nvidia Shield TV to each member of the team that best utilizes the Cisco Spark API.", "prize-title": "Cisco"}, {"prize-content": "Deloitte will award a Google Home Mini to each member of the team with the best hack pitch.", "prize-title": "Deloitte"}, {"prize-content": "Google will award a Google Home Mini to each member of the team that best utilizes Google Cloud.", "prize-title": "Google"}, {"prize-content": "Nuance will award a Bose Speaker to each member of the team that best utilizes the Nuance API.", "prize-title": "Nuance"}, {"prize-content": "Telus will award an Amazon Echo to each member of the team with the best long-range IoT hack.", "prize-title": "Telus"}, {"prize-content": "The most fun and creative game dev hack. Each team member gets a PC copy of Battlefront II, EA t-shirts and socks.", "prize-title": "Achievement Unlocked"}, {"prize-content": "The most ~aesthetic~ hack sporting nice UI/UX. Each team member gets a Sketch license.", "prize-title": "Best Design"}, {"prize-content": "The best hack made by a first-time hackathon team (ALL freshies). Each team member gets an annual subscription to their choice of a JetBrains tool.", "prize-title": "Best Newbie"}, {"prize-content": "The best hack with a focus on AI. Each team member will be awarded indico API credit: $500 for first place, $250 for second place, $100 for third place.", "prize-title": "Best Use of AI"}, {"prize-content": "Somebody once told me, the world is gonna roll me, all the way to McHacks. The best hack made by people from a whole other country.", "prize-title": "Far Far Away"}, {"prize-content": "The best hack by a local all-Montreal team. The team will be awarded a $100 gift card to Deville Dinerbar.", "prize-title": "Locals Only"}, {"prize-content": "The hack that drove their team to delusion. Each team member will be awarded a Tile Mate bluetooth tracker.", "prize-title": "Lost Your Marbles"}, {"prize-content": "The best hack bringing a blast from the past and evoking that *nostalgic feeling*. Bonus points for being extra ~wavy~ with bold 80s colours and flat shapes.", "prize-title": "Most Retro"}, {"prize-content": "The most impressive hack that doesn't stitch a ton of APIs together. Each team member will be awarded a $50 prepaid MasterCard gift card.", "prize-title": "No API"}, {"prize-content": "The best hack that shakes up an issue in the security space. Each team member will be awarded an annual 1Password subscription.", "prize-title": "Protect &amp; Serve"}, {"prize-content": "Yup, you read that right. The best hack that screams \"shit that nobody needs\".", "prize-title": "Useless Stuff that Nobody Needs"}, {"prize-content": "The best hack that just makes you feel good inside. Free hugs and a few extra goodies will be awarded.", "prize-title": "Warm and Fuzzy"}, {"prize-content": "$30 Amazon Gift Card", "prize-title": "Amazon Web Services - Best Use of AWS"}, {"prize-content": "Raspberry Pi & PiHut Essential Kit", "prize-title": "Best Domain Name Registered With Domain.com"}, {"prize-content": ".tech will award a $400 Amazon gift card voucher to the team that best utilizes a .tech domain.", "prize-title": ".tech"}], "hackathon-location-google-maps": "https://maps.google.com/?q=University Centre, 3480 Mc Tavish St, Montreal, QC H3A 1X9, Canada", "hackathon-url": "https://mchacks2018.devpost.com/", "hackathon-judging-criteria": [{"judging-criterion": "Is this hack something new? Is it a creative use of technology? Is it a novel idea?"}, {"judging-criterion": "Which technologies did you use? How technically challenging is it? Which part of the project did you make? (Non-API)"}, {"judging-criterion": "Is the hack fun to use? Is the interface polished? Is the user experience fun to use?"}, {"judging-criterion": "Is the hack useful? Does it raise social awareness or help under-privileged and under-represented people in any way?"}], "hackathon-location-address": "University Centre, 3480 Mc Tavish St, Montreal, QC H3A 1X9, Canada", "hackathon-description-header": "Canada's most innovative hackathon, back for round five.", "hackathon-prizes-total": "$34,571", "hackathon-location-description": "McGill University", "hackathon-end-date": "2018-02-04", "has-projects": "True"}