{"hackathon-description-text": "\n\u201cGet Your Bot On\u201d (GYBO) is a 34-hour hackathon focused on the design and prototyping of innovative ideas and solutions in robotics. Each team is given basic hardware to build a robot and supported by mentors and technical experts to ensure their demo is ready for judging on the final day (Sunday).", "hackathon-number-of-prizes": "12", "hackathon-id": "gybo2015", "hackathon-judges": [{"judge-role": "Sr. Director of Research, Autodesk", "judge-name": "Gord Kurtenbach"}, {"judge-role": "Host and Creator, CBC Spark", "judge-name": "Nora Young"}, {"judge-role": "Venture Lead, Cleantech and Physical Sciences, MaRS Discovery District", "judge-name": "Jon Dogterom"}], "hackathon-number-of-judges": "3", "hackathon-eligibility": "\nWe require participants work in groups of at least 3. Each team will receive a basic hardware kit.\nChildren under 12 must register with a parent or guardian as a family team.\n\u00a0", "hackathon-number-of-participants": "44", "hackathon-is-colocated": "True", "hackathon-has-ended": "False", "hackathon-number-of-judging-criteria": "4", "hackathon-requirements": "\nEach team will present on stage at MaRS on Sunday September 13, 2015 2-4pm.\u00a0 In order to be elligible for any prize category the team must demo at the hackathon.", "hackathon-rules": "\nThere are only 5 rules for all robots that will be built:\nNote that you are welcome to bring any materials you wish to the hackathon (as long as they are safe of course) but the assembly of your robot must happen at the hackathon.", "hackathon-prizes": [{"prize-content": "", "prize-title": "Sphero"}, {"prize-content": "", "prize-title": "Nest"}, {"prize-content": "", "prize-title": "Memberships to Toronto Tool Library"}, {"prize-content": "A kit with Smart LED bulbs and networking equipment so you can control your lighting from your mobile device. Capable of millions of colours.", "prize-title": "Smart LED lighting kit"}, {"prize-content": "", "prize-title": "littleBits Smart Home Kit"}, {"prize-content": "(1x) Tri-Axis Gyro Breakout (L3G4200D) (Digital) (", "prize-title": "Set of Sensors"}, {"prize-content": "fare-made.com", "prize-title": "1 hour of laser cutting time and free set up fee"}, {"prize-content": "", "prize-title": "Jade robot"}, {"prize-content": "", "prize-title": "One 6 Hour Group Workshop"}, {"prize-content": "", "prize-title": "Cash Prize "}, {"prize-content": "A sensor kit for beginners to use with your Arduino.", "prize-title": "Beginner Components Kit"}, {"prize-content": "A paper notebook that syncs to the cloud. Check it out at:", "prize-title": "Mod Notebooks"}], "hackathon-location-google-maps": "https://maps.google.com/?q=101 College Street, Toronto, ON M5G 1L7, Canada", "hackathon-url": "https://gybo2015.devpost.com/", "hackathon-judging-criteria": [{"judging-criterion": "This category is for the most novel or compelling concept."}, {"judging-criterion": "This category is for the best technically executed robot."}, {"judging-criterion": "This category is for prototypes that have considered how humans will interact with the robot."}, {"judging-criterion": "This category is for our family teams."}], "hackathon-location-address": "101 College Street, Toronto, ON M5G 1L7, Canada", "hackathon-description-header": "Imagine and build robots for healthier people, homes, schools, workplaces, play and the environment.", "hackathon-prizes-total": "$4,005", "hackathon-location-description": "MaRS Discovery District, Auditorium", "hackathon-end-date": "", "has-projects": "False"}