{"hackathon-description-text": "\nA 24 hrs software development competetion.\u00a0", "hackathon-number-of-prizes": "4", "hackathon-id": "hack-bvp", "hackathon-judges": [{"judge-role": "Coding Blocks", "judge-name": "Arnav Gupta"}, {"judge-role": "SmartEdge", "judge-name": "Dolly Bhasin"}], "hackathon-number-of-judges": "2", "hackathon-eligibility": "", "hackathon-number-of-participants": "61", "hackathon-is-colocated": "True", "hackathon-has-ended": "False", "hackathon-number-of-judging-criteria": "6", "hackathon-requirements": "", "hackathon-rules": "\nEach team will be given time to present and show their idea. In this duration, you have to present-", "hackathon-prizes": [{"prize-content": "", "prize-title": "WINNER"}, {"prize-content": "", "prize-title": "Best All Women Team"}, {"prize-content": "", "prize-title": "First Runner Up"}, {"prize-content": "", "prize-title": "Second Runner Up"}], "hackathon-location-google-maps": "https://maps.google.com/?q=4, Rohtak Rd, Block C, Avtar Enclave, Paschim Vihar, Delhi, 110063, India", "hackathon-url": "https://hack-bvp.devpost.com/", "hackathon-judging-criteria": [{"judging-criterion": "How much the solution is aligned with mentioned theme."}, {"judging-criterion": "Whether the idea has been thought already by someone."}, {"judging-criterion": "The functional and technical feasibility of the solution."}, {"judging-criterion": "How much cost would it need(lower the cost you need better the solution)."}, {"judging-criterion": "How much it would effect the world."}, {"judging-criterion": "How much of it you have successfully implemented and demo"}], "hackathon-location-address": "4, Rohtak Rd, Block C, Avtar Enclave, Paschim Vihar, Delhi, 110063, India", "hackathon-description-header": "Hack, Invent and Create", "hackathon-prizes-total": "$384", "hackathon-location-description": "New Delhi", "hackathon-end-date": "", "has-projects": "False"}