{"hackathon-description-text": "\nControlling the World, Creating Paradigm Shifting IoT Products", "hackathon-number-of-prizes": "1", "hackathon-id": "ese680as17", "hackathon-judges": [{"judge-role": "", "judge-name": "Nick McGill"}], "hackathon-number-of-judges": "1", "hackathon-eligibility": "", "hackathon-number-of-participants": "16", "hackathon-is-colocated": "False", "hackathon-has-ended": "False", "hackathon-number-of-judging-criteria": "1", "hackathon-requirements": "", "hackathon-rules": "\nYou need to be enrolled in 680a\u00a0", "hackathon-prizes": [{"prize-content": "", "prize-title": "Best Design"}], "hackathon-location-google-maps": "", "hackathon-url": "https://ese680as17.devpost.com/", "hackathon-judging-criteria": [{"judging-criterion": ""}], "hackathon-location-address": "", "hackathon-description-header": "Controlling the World, Creating Paradigm Shifting IoT Products", "hackathon-prizes-total": "0", "hackathon-location-description": "", "hackathon-end-date": "", "has-projects": "False"}