{"hackathon-description-text": "\nHack@Brown is all about learning. Spend a weekend with us and 400 other students to take a step out of your comfort zone. Make Hack@Brown your event by experimenting with a new platform, API, or that idea that\u2019s always been in the back of your mind!", "hackathon-number-of-prizes": "9", "hackathon-id": "hackatbrown2018", "hackathon-judges": [{"judge-role": "PM, Microsoft", "judge-name": "Sharon Lo"}, {"judge-role": "HCI Professor, Brown University", "judge-name": "Jeff Huang"}, {"judge-role": "Industrial Design Professor, RISD", "judge-name": "Stephanie Castilla"}, {"judge-role": "Associate Director, HCRI", "judge-name": "Peter Haas"}], "hackathon-number-of-judges": "4", "hackathon-eligibility": "\nUndergraduate or graduate students!", "hackathon-number-of-participants": "193", "hackathon-is-colocated": "True", "hackathon-has-ended": "True", "hackathon-number-of-judging-criteria": "1", "hackathon-requirements": "", "hackathon-rules": "\nhttps://2018.hackatbrown.org/code-of-conduct", "hackathon-prizes": [{"prize-content": "The Facebook prize will be judged on the best hack that \"Gives people the power to build community and/or bring the world closer together\"", "prize-title": "Facebook Prize"}, {"prize-content": "The majority of the team members must be first-time hackers in order to be eligible for this prize. The winners will receive premium portable charging packs and classic \"leather\" notebooks.", "prize-title": "Best First Time Hacker Prize"}, {"prize-content": "Instax Mini 9 cameras for the winning team (up to 4 people)!", "prize-title": "Most Innovative Hack"}, {"prize-content": "Waterproof bluetooth speakers for each member of the winning team (up to 4)!", "prize-title": "Best Hardware Hack"}, {"prize-content": "Amazon Echo Dots for each member of the winning team (up to 4)!", "prize-title": "Best Real World Application"}, {"prize-content": "This prize goes to the team most likely to become future founders. We don\u2019t expect you to start a company overnight--a Rough Draft will do!!", "prize-title": "Rough Draft Ventures - Most Entrepreneurial Hack"}, {"prize-content": "Submissions must use at least one Google Cloud product or Firebase. We encourage you to check out App Engine, Cloud Storage, Datastore, and our machine learning APIs. The winning team will receive Google Home Minis (up to 4) and Google Chromecasts (up to 4)!", "prize-title": "Best Google Cloud Platform Hack"}, {"prize-content": "", "prize-title": "Google Cloud Platform Hack Runner-Up"}, {"prize-content": "", "prize-title": "pMD - Best User Experience"}], "hackathon-location-google-maps": "https://maps.google.com/?q=Sayles Hall, Providence, RI 02912, USA", "hackathon-url": "https://hackatbrown2018.devpost.com/", "hackathon-judging-criteria": [{"judging-criterion": "Judges will walk around during the expo and pick their favorite projects. Judges come from a variety of backgrounds \u2014 engineering, design, business, social impact, and more. Each team will be judged by at least two judges."}], "hackathon-location-address": "Sayles Hall, Providence, RI 02912, USA", "hackathon-description-header": "Learn and build with us at Brown's annual hackathon!", "hackathon-prizes-total": "0", "hackathon-location-description": "Sayles Hall, Brown University", "hackathon-end-date": "2018-01-28", "has-projects": "True"}