{"hackathon-description-text": "\nJunte-se ao\u00a0", "hackathon-number-of-prizes": "4", "hackathon-id": "hackathonusp-smart-cities", "hackathon-judges": [{"judge-role": "Em breve...", "judge-name": "Em breve..."}], "hackathon-number-of-judges": "1", "hackathon-eligibility": "\nAs inscri\u00e7\u00f5es oficiais abrir\u00e3o no dia\u00a0", "hackathon-number-of-participants": "66", "hackathon-is-colocated": "True", "hackathon-has-ended": "True", "hackathon-number-of-judging-criteria": "4", "hackathon-requirements": "\nAntes de submeter seu projeto,\nEsta\u00a0submiss\u00e3o ser\u00e1 usada para que\u00a0a organiza\u00e7\u00e3o\u00a0possa conhecer um pouco mais sobre seu\u00a0projeto. Antes da decis\u00e3o, sua equipe\u00a0dever\u00e1 apresentar o seu\u00a0prot\u00f3tipo para os outros competidores\u00a0e para nossa bancada de ju\u00edzes. A\nN\u00e3o se preocupe: Sabemos que \u00e9 imposs\u00edvel criar um produto completo em menos de\u00a024h. Ent\u00e3o lembre-se de ressaltar o", "hackathon-rules": "\n", "hackathon-prizes": [{"prize-content": "1 kit Arduino iniciante com 153 pe\u00e7as + 1 fone de ouvido da JBL + um trof\u00e9u do HackathonUSP para cada membro da equipe, limitado ao n\u00famero de integrantes do time.", "prize-title": "1\u00ba lugar - Kit de Ardu\u00edno + Fones de Ouvido JBL"}, {"prize-content": "1 fone de ouvido da JBL + uma medalha do HackathonUSP para cada membro da equipe, limitado ao n\u00famero de integrantes do time.", "prize-title": "2\u00ba lugar - Fones de Ouvido JBL"}, {"prize-content": "1 carregador port\u00e1til + uma medalha do HackathonUSP para cada membro da equipe, limitado ao n\u00famero de integrantes do time.", "prize-title": "3\u00ba lugar - Carregadores"}, {"prize-content": "1 curso da Estudar por Voc\u00ea para cada membro da equipe, limitado ao n\u00famero de integrantes do time.", "prize-title": "Men\u00e7\u00e3o honrosa"}], "hackathon-location-google-maps": "https://maps.google.com/?q=R. do Mat\u00e3o, 1010 - Butant\u00e3, S\u00e3o Paulo - SP, 05508-090, Brazil", "hackathon-url": "https://hackathonusp-smart-cities.devpost.com/", "hackathon-judging-criteria": [{"judging-criterion": "\u00c9 uma solu\u00e7\u00e3o original? Repensa, de forma diferente, algo que j\u00e1 existe?"}, {"judging-criterion": "A solu\u00e7\u00e3o possui uma boa interface? Tem uma boa experi\u00eancia de usu\u00e1rio (UX)?"}, {"judging-criterion": "A ideia \u00e9 escal\u00e1vel? Pode ser aplicada no mundo real?"}, {"judging-criterion": "A aplica\u00e7\u00e3o pode ser usada em pelo menos um exemplo bem definido? Foi apresentado algum caso de uso?"}], "hackathon-location-address": "R. do Mat\u00e3o, 1010 - Butant\u00e3, S\u00e3o Paulo - SP, 05508-090, Brazil", "hackathon-description-header": "Utilizando a Tecnologia para criar Cidades Inteligentes", "hackathon-prizes-total": "0", "hackathon-location-description": "Centro de Compet\u00eancia em Software Livre (CCSL) da USP", "hackathon-end-date": "2017-11-12", "has-projects": "True"}