{"hackathon-description-text": "\nSwiss Re's reputation as a leader in the insurance industry is not by chance.\u00a0 As a company, we are passionate about attracting and developing talent, and sparking innovation throughout the industry. We strongly believe in the power of innovation and are continually working to promote this culture within our company.", "hackathon-number-of-prizes": "2", "hackathon-id": "swiss-re-hackathon-2015", "hackathon-judges": [{"judge-role": "", "judge-name": "Misc."}, {"judge-role": "Swiss Re", "judge-name": "Paul hately"}], "hackathon-number-of-judges": "2", "hackathon-eligibility": "\nOpen to all coders/developers", "hackathon-number-of-participants": "37", "hackathon-is-colocated": "True", "hackathon-has-ended": "False", "hackathon-number-of-judging-criteria": "1", "hackathon-requirements": "\nHacker participants will be given a common project theme to guide the app design and development over the weekend. Projects will be judged based on a common judging criteria. (\nCertain data sources (mainly open data sources) will be made available for participants in the following key risk categories:\n\n\nParticipants can choose to solely focus on the above categories and related data sources, but are also welcome to use their own creativity and sources to supplement or redefine the categories.\nAdditional details about the project will be communicated during the opening presentations.\nNote: Ownership of the apps developed will remain with the development teams.", "hackathon-rules": "\nGENERAL RULES", "hackathon-prizes": [{"prize-content": "FIRST PRIZE FOR THE WINNING TEAM", "prize-title": "1st Prize"}, {"prize-content": "$500 Gift Cards (per team)", "prize-title": "2nd Prize"}], "hackathon-location-google-maps": "https://maps.google.com/?q=43 W 23rd St, New York, NY 10010, USA", "hackathon-url": "https://swiss-re-hackathon-2015.devpost.com/", "hackathon-judging-criteria": [{"judging-criterion": "Can be found here;"}], "hackathon-location-address": "43 W 23rd St, New York, NY 10010, USA", "hackathon-description-header": "The theme for the app is \"My Personal Risk Advisor\". It must incorporate at least one Watson cognitive component in the IBM Bluemix suite.", "hackathon-prizes-total": "$10,500", "hackathon-location-description": "Rise New York", "hackathon-end-date": "", "has-projects": "False"}