{"hackathon-description-text": "\nEvery year, ScriptEd students, volunteers and staff come together for an all-day Hackathon.", "hackathon-number-of-prizes": "2", "hackathon-id": "scripted-bay-hack", "hackathon-judges": [{"judge-role": "Co-Founder, Techqueria", "judge-name": "Shashi Jain"}, {"judge-role": "Co-Founder, Dear Tech People", "judge-name": "Adina Luo"}, {"judge-role": "Head of Design, Plan Grid", "judge-name": "Alissa Briggs"}, {"judge-role": "Principal Engineer, Oath", "judge-name": "Logan Bailey"}, {"judge-role": "Co-Founder, Dear Tech People", "judge-name": "Dhruv Maheshwari"}], "hackathon-number-of-judges": "5", "hackathon-eligibility": "\nAll currently enrolled ScriptEd students based in the San Francisco Bay Area are eligible to participate in the hackathon. Students with any level of experience can attend and participate as long as they have turned in a signed permission slip.", "hackathon-number-of-participants": "35", "hackathon-is-colocated": "True", "hackathon-has-ended": "False", "hackathon-number-of-judging-criteria": "6", "hackathon-requirements": "\nProjects will be submitted as live Glitch links. In the submission process, teams will be able to submit screenshots of their projects and must answer a series of questions.\nStudents will need to answer the following questions:\nPlease remember that these questions will be published online as a part of your project description.\u00a0\n\u00a0\nWatch", "hackathon-rules": "\n\u00a0\nScriptEd's Hackathon Code of Conduct\nScriptEd is dedicated to providing a harassment-free hackathon experience for everyone, regardless of gender, race, nationality, language, sexual orientation, religion, disability, socioeconomic status, learning style, hackathon and computing experience or lack thereof.\nWe will not tolerate harassment in any form. Harassment includes offensive verbal or written comments related to an of the criteria mentioned above, the use of sexual language or images, deliberate intimidation, stalking, following, disruption of work or presentations, inappropriate physical contact, and unwelcome sexual attention. \u00a0The projects created at our hackathon are equally subject to the anti-harassment policy.\nPhotography is encouraged, but other participants must be given a reasonable chance to opt out from being photographed. If a participant objects to the taking of their photograph, comply with their request. It is inappropriate to take photographs in contexts where people have a reasonable expectation of privacy (for example, in bathrooms).\nIf you are being harassed, notice that someone else is being harassed, or have any other concerns, please contact a member of the ScriptEd team immediately. \u00a0If a participant engages in harassing behavior, we will take any action we deem appropriate. This includes warning the offender, expulsion from the hackathon, or reporting their behavior to local law enforcement.", "hackathon-prizes": [{"prize-content": "", "prize-title": "Chromebook"}, {"prize-content": "", "prize-title": "Bluetooth Speakers"}], "hackathon-location-google-maps": "https://maps.google.com/?q=188 The Embarcadero, San Francisco, CA 94105, USA", "hackathon-url": "https://scripted-bay-hack.devpost.com/", "hackathon-judging-criteria": [{"judging-criterion": "Excellent projects will have: High-quality user interactivity. Project is very well organized and user can use application without any additional instructions."}, {"judging-criterion": "Excellent projects will have: Code that is well structured and uses functions effectively. No redundant code. Team includes a third party library if necessary."}, {"judging-criterion": "Excellent projects will have: Code that is pristine! Developers outside of the team would be happy to work with this code. Little to no errors/ warnings exist."}, {"judging-criterion": "Excellent projects consist of: Site is fully functional (80-100%) - meets intentions (e.g. actually does what you say it is supposed to do)."}, {"judging-criterion": "Excellent projects will have: All students are able to talk about the functionality of the project. All students are able to answer any questions that came up."}, {"judging-criterion": "Excellent projects have: design & functionality of the project is directly useful. Project has application in a clear, unique way."}], "hackathon-location-address": "188 The Embarcadero, San Francisco, CA 94105, USA", "hackathon-description-header": "Dare Explore Disrupt", "hackathon-prizes-total": "0", "hackathon-location-description": "Google Community Space", "hackathon-end-date": "", "has-projects": "False"}