{"hackathon-description-text": "\nWearable technology such as Google Glass, smart watches, fitness bands, and even light-up shoes are very exciting pieces of fashion and tech. This 24-hour hackathon is open to college students from any U.S. university and will have a focus on combining fashion and tech and creating cool products and concepts within 24 hours. Cash prizes awarded to the winning teams. Let's build something, Kent State!", "hackathon-number-of-prizes": "2", "hackathon-id": "kentstatelaunchpad", "hackathon-judges": [{"judge-role": "", "judge-name": "Kate"}], "hackathon-number-of-judges": "1", "hackathon-eligibility": "", "hackathon-number-of-participants": "28", "hackathon-is-colocated": "True", "hackathon-has-ended": "True", "hackathon-number-of-judging-criteria": "2", "hackathon-requirements": "", "hackathon-rules": "\n\n:\nThe Blackstone LaunchPad program maintains the confidentiality of their clients.\u00a0 All BLP staff (and student employees) are required to sign nondisclosure agreements (NDAs) that legally bind the staff member from discussing BLP clients' ventures without their consent.\nWe ask that event participants hold to the same spirit of this philosophy and refrain from sharing any proprietary information discussed outside of this event.\u00a0 For those ventures developed out of the Fashion/Tech hackathon, it is up to the team members to determine what future roles team members will play in the venture.", "hackathon-prizes": [{"prize-content": "", "prize-title": "First Place"}, {"prize-content": "", "prize-title": "Second Place"}], "hackathon-location-google-maps": "https://maps.google.com/?q=510 Hilltop Drive, Kent State University, Kent, OH 44240, USA", "hackathon-url": "https://kentstatelaunchpad.devpost.com/", "hackathon-judging-criteria": [{"judging-criterion": ""}, {"judging-criterion": "What were you able to accomplish this weekend? (i.e. prototype)"}], "hackathon-location-address": "510 Hilltop Drive, Kent State University, Kent, OH 44240, USA", "hackathon-description-header": "First collegiate fashion/tech hackathon!", "hackathon-prizes-total": "$3,000", "hackathon-location-description": "", "hackathon-end-date": "2014-03-21", "has-projects": "True"}