{"hackathon-description-text": "\n\u00a0", "hackathon-number-of-prizes": "1", "hackathon-id": "hacktbilisi", "hackathon-judges": [{"judge-role": "Architect at Siemens", "judge-name": "George Mamaladze"}, {"judge-role": "Professor at Free University of Tbilisi", "judge-name": "Zaza Gamezardashvili"}, {"judge-role": "Co-Founder of UniHack", "judge-name": "Levan Velijanashvili"}, {"judge-role": "Software Architect at AzRy", "judge-name": "Ioseb Dzmanashvili"}, {"judge-role": "Head of Project Management and Business Analysis at Basisbank", "judge-name": "Rati Dvaladze"}], "hackathon-number-of-judges": "5", "hackathon-eligibility": "\n\u10e7\u10d5\u10d4\u10da\u10d0\u10e1, \u10d5\u10d8\u10dc\u10ea \u10d0\u10e0\u10d8\u10e1 \u10e1\u10d9\u10dd\u10da\u10d8\u10e1 \u10db\u10dd\u10e1\u10ec\u10d0\u10d5\u10da\u10d4 \u10d0\u10dc \u10e1\u10e2\u10e3\u10d3\u10d4\u10dc\u10e2\u10d8 \u10d3\u10d0 \u10d3\u10d0\u10e0\u10d4\u10d2\u10d8\u10e1\u10e2\u10e0\u10d8\u10e0\u10d4\u10d1\u10e3\u10da\u10d8\u10d0 hackTBILISI \u10f0\u10d0\u10d9\u10d0\u10d7\u10dd\u10dc\u10d6\u10d4, \u10d0\u10e5\u10d5\u10e1 \u10e3\u10e4\u10da\u10d4\u10d1\u10d0 \u10ec\u10d0\u10e0\u10d0\u10d3\u10d2\u10d8\u10dc\u10dd\u10e1 \u10de\u10e0\u10dd\u10d4\u10e5\u10e2\u10d8.\n\u00a0\nEveryone who is an active college or high school student and is registered on hacktbilisi.com is eligible to submit a project for judging.", "hackathon-number-of-participants": "108", "hackathon-is-colocated": "True", "hackathon-has-ended": "True", "hackathon-number-of-judging-criteria": "4", "hackathon-requirements": "", "hackathon-rules": "\n1. \u10e4\u10d8\u10d6\u10d8\u10d9\u10e3\u10e0\u10d0\u10d3 \u10e3\u10dc\u10d3\u10d0 \u10d8\u10db\u10e7\u10dd\u10e4\u10d4\u10d1\u10dd\u10d3\u10d4\u10d7 hackTBILISI-\u10d6\u10d4.\n2. \u10d3\u10d0\u10e3\u10e8\u10d5\u10d4\u10d1\u10d4\u10da\u10d8\u10d0 \u10e3\u10d9\u10d5\u10d4 \u10d0\u10e0\u10e1\u10d4\u10d1\u10e3\u10da\u10d8 \u10dc\u10d0\u10db\u10e3\u10e8\u10d4\u10d5\u10e0\u10d8\u10e1 \u10db\u10dd\u10e2\u10d0\u10dc\u10d0.\n3. \u10d3\u10d0\u10e3\u10e8\u10d5\u10d4\u10d1\u10d4\u10da\u10d8\u10d0 \u10e1\u10ee\u10d5\u10d0 \u10d2\u10e3\u10dc\u10d3\u10d8\u10e1 \u10e1\u10dd\u10e0\u10e1\u10d8\u10e1 \u10db\u10dd\u10de\u10d0\u10e0\u10d5\u10d0 :)\n4. \u10df\u10d8\u10e3\u10e0\u10d8\u10e1 \u10d2\u10d0\u10d3\u10d0\u10ec\u10e7\u10d5\u10d4\u10e2\u10d8\u10da\u10d4\u10d1\u10d0 \u10e1\u10d0\u10d1\u10dd\u10da\u10dd\u10dd\u10d0.", "hackathon-prizes": [{"prize-content": "\u10d2\u10e3\u10dc\u10d3\u10d81 - Oculus Rift Dev Kit2 + Myo Armband + 1 github silver plan", "prize-title": "In Prizes"}], "hackathon-location-google-maps": "https://maps.google.com/?q=Kakha Bendukidze University Campus", "hackathon-url": "https://hacktbilisi.devpost.com/", "hackathon-judging-criteria": [{"judging-criterion": "\u10e0\u10d0\u10db\u10d3\u10d4\u10dc\u10d0\u10d3 \u10d0\u10ee\u10d0\u10da\u10d8 \u10d3\u10d0 \u10d8\u10dc\u10dd\u10d5\u10d0\u10ea\u10d8\u10e3\u10e0\u10d8\u10d0 \u10d8\u10d3\u10d4\u10d0, \u10d0\u10e1\u10d4\u10d5\u10d4 \u10e0\u10d0\u10db\u10d3\u10d4\u10dc\u10d0\u10d3 \u10d2\u10d0\u10dc\u10e1\u10ee\u10d5\u10d0\u10d5\u10d3\u10d4\u10d1\u10d0 \u10d3\u10d0 \u10e1\u10ef\u10dd\u10d1\u10e1 \u10e3\u10d9\u10d5\u10d4 \u10d0\u10e0\u10e1\u10d4\u10d1\u10e3\u10da \u10db\u10e1\u10d2\u10d0\u10d5\u10e1 \u10de\u10e0\u10dd\u10d4\u10e5\u10e2\u10d4\u10d1\u10e1."}, {"judging-criterion": "\u10e0\u10d0\u10db\u10d3\u10d4\u10dc\u10d0\u10d3 \u10d3\u10d8\u10d3 \u10eb\u10d0\u10da\u10d8\u10e1\u10ee\u10db\u10d4\u10d5\u10d0\u10e1 \u10db\u10dd\u10d8\u10d7\u10ee\u10dd\u10d5\u10e1 \u10d0\u10db \u10d8\u10d3\u10d4\u10d8\u10e1 \u10d2\u10d0\u10dc\u10ee\u10dd\u10e0\u10ea\u10d8\u10d4\u10da\u10d4\u10d1\u10d0 \u10f0\u10d0\u10d9\u10d0\u10d7\u10dd\u10dc\u10d8\u10e1 \u10d2\u10d0\u10dc\u10db\u10d0\u10d5\u10da\u10dd\u10d1\u10d0\u10e8\u10d8."}, {"judging-criterion": "\u10e0\u10d0\u10db\u10d3\u10d4\u10dc\u10d0\u10d3 \u10d2\u10d0\u10db\u10d0\u10e0\u10d7\u10e3\u10da\u10d0\u10d3 \u10db\u10e3\u10e8\u10d0\u10dd\u10d1\u10e1 \u10de\u10e0\u10dd\u10d4\u10e5\u10e2\u10d8\u10e1 \u10e4\u10e3\u10dc\u10e5\u10ea\u10d8\u10dd\u10dc\u10d0\u10da\u10d8, \u10e0\u10d0\u10db\u10d3\u10d4\u10dc\u10d0\u10d3 \u10db\u10d0\u10e0\u10e2\u10d8\u10d5\u10d8 \u10db\u10dd\u10e1\u10d0\u10ee\u10db\u10d0\u10e0\u10d8\u10d0 \u10de\u10e0\u10dd\u10d3\u10e3\u10e5\u10e2\u10d8 \u10db\u10dd\u10db\u10ee\u10db\u10d0\u10e0\u10d4\u10d1\u10da\u10d8\u10e1\u10d7\u10d5\u10d8\u10e1 \u10d3\u10d0 \u10e0\u10d0\u10db\u10d3\u10d4\u10dc\u10d0\u10d3 \u10d3\u10d0\u10ee\u10d5\u10d4\u10ec\u10d8\u10da\u10d8\u10d0 \u10de\u10e0\u10dd\u10d3\u10e3\u10e5\u10e2\u10d8 \u10d5\u10d8\u10d6\u10e3\u10d0\u10da\u10e3\u10e0\u10d8 \u10d7\u10d5\u10d0\u10da\u10e1\u10d0\u10d6\u10e0\u10d8\u10e1\u10d8\u10d7."}, {"judging-criterion": ""}], "hackathon-location-address": "Kakha Bendukidze University Campus", "hackathon-description-header": "Uniting hackers from Europe and Asia", "hackathon-prizes-total": "$5,004", "hackathon-location-description": "", "hackathon-end-date": "2014-12-21", "has-projects": "True"}