{"hackathon-description-text": "\nIt\u2019s official! Come join us at RowdyHacks as we build apps, games, and any other neat projects in 24 hours. Whether you\u2019re a seasoned hacker or new to the hackathon community, we\u2019ve got your back through the whole hacking experience.", "hackathon-number-of-prizes": "6", "hackathon-id": "rowdyhacks", "hackathon-judges": [{"judge-role": "UTSA", "judge-name": "Mark Robinson"}, {"judge-role": "UTSA", "judge-name": "Matt Gibson"}, {"judge-role": "UTSA", "judge-name": "Larry Clark"}, {"judge-role": "ACM", "judge-name": "Bryan Deloeste"}], "hackathon-number-of-judges": "4", "hackathon-eligibility": "", "hackathon-number-of-participants": "23", "hackathon-is-colocated": "True", "hackathon-has-ended": "False", "hackathon-number-of-judging-criteria": "6", "hackathon-requirements": "\nThe following items will be expected for the submission:", "hackathon-rules": "\nWe will be using MLH's Code of Contact:", "hackathon-prizes": [{"prize-content": "Quadcopter Drone with HD Camera for each member of the first place team (up to four).", "prize-title": "1st Place"}, {"prize-content": "Pebble Smartwatch for each member of the second place team (up to four).", "prize-title": "2nd Place"}, {"prize-content": "Google Chromecast for each member of the third place team (up to four).", "prize-title": "3rd Place"}, {"prize-content": "Raspberry Pi for each member of the best hardware hack team (up to four).", "prize-title": "Best Hardware Hack"}, {"prize-content": "Amazon Echo for each member of Best API Usage team (up to four).", "prize-title": "Best API Usage"}, {"prize-content": "$25 Amazon Giftcards for each Side Event winner.", "prize-title": "Side Event Prizes"}], "hackathon-location-google-maps": "https://maps.google.com/?q=1 UTSA Circle, San Antonio, TX 78249, USA", "hackathon-url": "https://rowdyhacks.devpost.com/", "hackathon-judging-criteria": [{"judging-criterion": "Is the project unique, interesting, and original?"}, {"judging-criterion": "Could a user navigate the product with minimum instructions?\n\nIs it user friendly?"}, {"judging-criterion": "Does this project solve a problem or impact a large amount of people?"}, {"judging-criterion": "How difficult was this project?\n\nWere learning curves overcome?"}, {"judging-criterion": "Was significant progress made on this project?\n\nIs it complete?"}, {"judging-criterion": "Did the team present the project clearly?\n\nWas the team enthusiastic about the presentation?"}], "hackathon-location-address": "1 UTSA Circle, San Antonio, TX 78249, USA", "hackathon-description-header": "UTSA's first hackathon!", "hackathon-prizes-total": "$1,792", "hackathon-location-description": "The University of Texas at San Antonio - North Paseo Building Room 1.202", "hackathon-end-date": "", "has-projects": "False"}