{"hackathon-description-text": "\nMTA New York City Transit, TransitCenter and the NYU Rudin Center for Transportation will hold the first-ever New York City Bus Hackathon on March 5, 2016. Participants will use ridership and performance data to inform and improve bus route planning. This event will build upon the MTA's study of Staten Island bus service and will shape local data-centric transit planning in the future.", "hackathon-number-of-prizes": "3", "hackathon-id": "staten-i-bus-hackathon", "hackathon-judges": [{"judge-role": "Vice President, 21st Century Service Delivery, MTA New York City Transit", "judge-name": "John Gaul"}, {"judge-role": "Senior Strategic Consultant, Intersection", "judge-name": "Manasvi Menon"}, {"judge-role": "Deputy Executive Director, TransitCenter", "judge-name": "Shin-pei Tsay"}, {"judge-role": "Senior Director, Bus Service Planning, MTA New York City Transit", "judge-name": "Sarah Wyss"}, {"judge-role": "", "judge-name": "To Be Announced"}], "hackathon-number-of-judges": "5", "hackathon-eligibility": "\n\n\n\u00b7\u00a0\u00a0\u00a0\u00a0\u00a0\u00a0 individuals who are at least 18 years of age as of March 5, 2016; signed up to attend the Hackathon via the NYU Rudin Center registration page and received confirmation of placement; and attended the Hackathon in-person.\n\u00b7\u00a0\u00a0\u00a0\u00a0\u00a0\u00a0 teams of eligible individuals; teams can include up to five individuals\n(the above are collectively, \u201cEntrants\u201d)\nEach team must appoint and authorize one individual (the \u201cRepresentative\u201d) to represent, act, and enter a Submission, on their behalf. The Representative must meet the eligibility requirements above. By entering a Submission on the Site on behalf of a team, you represent and warrant that you are the Representative authorized to act on behalf of your team.\n\n\u00b7\u00a0\u00a0\u00a0\u00a0\u00a0\u00a0 individuals who are not present in-person at the Hackathon\n\u00b7\u00a0\u00a0\u00a0\u00a0\u00a0\u00a0 individuals who did not RSVP and sign up to attend via the NYU Rudin Center\n\u00b7\u00a0\u00a0\u00a0\u00a0\u00a0\u00a0 organizations\n\u00b7\u00a0\u00a0\u00a0\u00a0\u00a0\u00a0 employees, representatives and agents** of ChallengePost, TransitCenter and New York University who are involved with the design, production, paid promotion, execution, or distribution of the Hackathon, and all members of their immediate family or household*\n\u00b7\u00a0\u00a0\u00a0\u00a0\u00a0\u00a0 any other individual involved with the design, production, promotion, execution, or distribution of the Hackathon, and each member of their immediate family or household*\n\u00b7\u00a0\u00a0\u00a0\u00a0\u00a0\u00a0 any Judge (defined below), or individual that employs a Judge\n\u00b7\u00a0\u00a0\u00a0\u00a0\u00a0\u00a0 any other individual or organization whose participation in the Hackathon would create, in the sole discretion of the Sponsors and/or Administrator, a real or apparent conflict of interest\n*The members of an individual\u2019s immediate family include the individual\u2019s spouse, children and stepchildren, parents and stepparents, and siblings and stepsiblings. The members of an individual\u2019s household include any other person that shares the same residence as the individual for at least three (3) months out of the year.\n**Agents include\u00a0individuals who, in creating a Submission to the Hackathon, are acting on behalf of, and at the direction of a Sponsor or the Administrator through a contractual or similar relationship.\n\u00a0", "hackathon-number-of-participants": "87", "hackathon-is-colocated": "True", "hackathon-has-ended": "True", "hackathon-number-of-judging-criteria": "5", "hackathon-requirements": "\n\nEntrants must do the following to participate in the Hackathon:\n\u00b7\u00a0\u00a0\u00a0\u00a0\u00a0\u00a0 Register for the Hackathon on the Hackathon Website by clicking the \u201cRegister for this hackathon\u201d button. To complete registration, sign up to create a DevPost account, or log in with an existing DevPost account. There is no charge for creating a DevPost account. This will enable you to access the \u201cEnter a Submission\u201d page.\n\u00b7\u00a0\u00a0\u00a0\u00a0\u00a0\u00a0 RSVP and sign up to attend via the NYU Rudin Center registration page. Space is limited and slots will be made available on a first come, first served basis.\n\u00b7\u00a0\u00a0\u00a0\u00a0\u00a0\u00a0 At the event, create a proposal that helps the MTA route buses throughout Staten Island and/or optimizes express bus service between Staten Island and Manhattan.\n\u00b7\u00a0\u00a0\u00a0\u00a0\u00a0\u00a0 Complete and enter all of the required fields on the \u201cEnter a Submission\u201d page of the Hackathon Website (each a \u201cSubmission\u201d) during the Hackathon Submission Period, and follow the requirements below.\n\nAll Submission materials must be in English or, if not in English, the Entrant must provide an English translation of the demonstration video, map, text description, and testing instructions as well as all other materials submitted.\n\n(i)\u00a0\n(ii)\u00a0\n(iii)\u00a0\n\u00b7\u00a0\u00a0\u00a0\u00a0\u00a0\u00a0 an interactive map (such as CartoDB, TransitMix or Google Map) with descriptive narrative\n\u00b7\u00a0\u00a0\u00a0\u00a0\u00a0\u00a0 a static map with descriptive narrative\n\u00b7\u00a0\u00a0\u00a0\u00a0\u00a0\u00a0 a presentation of data analysis, in chart, graph or other visual form, with descriptive narrative\n\u00b7\u00a0\u00a0\u00a0\u00a0\u00a0\u00a0 other visual data display tools, including, but not limited to, physical computing objects, with descriptive narrative\u00a0\n(v)\u00a0\n(vi)\u00a0\n(vii)\u00a0\n(viii)\u00a0\n(xi)\u00a0\n(x)\u00a0\n\nThe text description should\na. explain the features and usability of your Solution\nb. describe how the Solution helps to \u201csolve\u201d a problem of bus planning for Staten Island that relates to the technology challenge presented at the Hackathon\nThe image(s) should be photographs or screenshots of your working Solution.\u00a0\n\u00a0", "hackathon-rules": "\n\nNO PURCHASE OR PAYMENT NECESSARY. A PURCHASE OR PAYMENT OF ANY KIND WILL NOT INCREASE YOUR CHANCES OF WINNING.\u00a0\u00a0\nThe Staten Island Bus Hackathon (the \u201cHackathon\u201d) is an in-person event and contest organized by the Rudin Center for Transportation at New York University and MTA New York City Transit and sponsored by TransitCenter. Individuals and teams attending the Hackathon are invited to build proposals for new and revised bus route systems for Staten Island and between Staten Island and Manhattan. Participants will be given a technology challenge during the event and will enter solutions that address the challenge on\u00a0http://staten-i-bus-hackathon.devpost.com/ (the \u201cHackathon Website\u201d).\n\u00a0\n\n(the \u201cSponsors\u201d):\nNew York University, 295 Lafayette St., 2nd Floor, New York, NY 10012. NYU is responsible for organizing the Hackathon event.\nTransitCenter, 137 Varick Street, Spazio Urbano Suite 503, New York, NY 10013. TransitCenter is contributing funding for the Hackathon and participating in the design and organization of the Hackathon.\nMTA New York City Transit, 2 Broadway, New York, NY 10004. MTA NYCT is contributing data on bus ridership and will provide route planning expertise for Hackathon participants.\n(the \u201cAdministrator\u201d):\nDevPost, Inc., 425 W. 13th Street, Suite #504, New York, NY 10014. DevPost is the Administrator of the Hackathon website.\n\u00a0\n\nThe Hackathon will take place at: LMHQ, 150 Broadway, New York, NY 10038 starting at 9:00am Eastern Time on March 5, 2016 and concluding at 5:00pm Eastern Time on March 5, 2016.\nMarch 5, 2016 (9:00am Eastern Time) \u2013 March 5, 2016 (3:30pm Eastern Time)\nMarch 5, 2016 (3:30pm Eastern Time) \u2013 March 5, 2016, (4:30pm Eastern Time)\nOn or around March 5, 2016 (4:30pm Eastern Time)\n\u00a0\n\n\n\u00b7\u00a0\u00a0\u00a0\u00a0\u00a0\u00a0 individuals who are at least 18 years of age as of March 5, 2016; signed up to attend the Hackathon via the NYU Rudin Center registration page and received confirmation of placement; and attended the Hackathon in-person.\n\u00b7\u00a0\u00a0\u00a0\u00a0\u00a0\u00a0 teams of eligible individuals; teams can include up to five individuals\n(the above are collectively, \u201cEntrants\u201d)\nEach team must appoint and authorize one individual (the \u201cRepresentative\u201d) to represent, act, and enter a Submission, on their behalf. The Representative must meet the eligibility requirements above. By entering a Submission on the Site on behalf of a team, you represent and warrant that you are the Representative authorized to act on behalf of your team.\n\n\u00b7\u00a0\u00a0\u00a0\u00a0\u00a0\u00a0 individuals who are not present in-person at the Hackathon\n\u00b7\u00a0\u00a0\u00a0\u00a0\u00a0\u00a0 individuals who did not RSVP and sign up to attend via the NYU Rudin Center \n do so after the event was full\n\u00b7\u00a0\u00a0\u00a0\u00a0\u00a0\u00a0 organizations\n\u00b7\u00a0\u00a0\u00a0\u00a0\u00a0\u00a0 employees, representatives and agents** of ChallengePost, TransitCenter and New York University who are involved with the design, production, paid promotion, execution, or distribution of the Hackathon, and all members of their immediate family or household*\n\u00b7\u00a0\u00a0\u00a0\u00a0\u00a0\u00a0 any other individual involved with the design, production, promotion, execution, or distribution of the Hackathon, and each member of their immediate family or household*\n\u00b7\u00a0\u00a0\u00a0\u00a0\u00a0\u00a0 any Judge (defined below), or individual that employs a Judge\n\u00b7\u00a0\u00a0\u00a0\u00a0\u00a0\u00a0 any other individual or organization whose participation in the Hackathon would create, in the sole discretion of the Sponsors and/or Administrator, a real or apparent conflict of interest\n*The members of an individual\u2019s immediate family include the individual\u2019s spouse, children and stepchildren, parents and stepparents, and siblings and stepsiblings. The members of an individual\u2019s household include any other person that shares the same residence as the individual for at least three (3) months out of the year.\n**Agents include\u00a0individuals who, in creating a Submission to the Hackathon, are acting on behalf of, and at the direction of a Sponsor or the Administrator through a contractual or similar relationship.\n\u00a0\n\nEntrants must do the following to participate in the Hackathon:\n\u00b7\u00a0\u00a0\u00a0\u00a0\u00a0\u00a0 Register for the Hackathon on the Hackathon Website by clicking the \u201cRegister for this hackathon\u201d button. To complete registration, sign up to create a DevPost account, or log in with an existing DevPost account. There is no charge for creating a DevPost account. This will enable you to access the \u201cEnter a Submission\u201d page.\n\u00b7\u00a0\u00a0\u00a0\u00a0\u00a0\u00a0 RSVP and sign up to attend via the NYU Rudin Center registration page. Space is limited and slots will be made available on a first come, first served basis.\n\u00b7\u00a0\u00a0\u00a0\u00a0\u00a0\u00a0 At the event, create a proposal that helps the MTA route buses throughout Staten Island and/or optimizes express bus service between Staten Island and Manhattan.\n\u00b7\u00a0\u00a0\u00a0\u00a0\u00a0\u00a0 Complete and enter all of the required fields on the \u201cEnter a Submission\u201d page of the Hackathon Website (each a \u201cSubmission\u201d) during the Hackathon Submission Period, and follow the requirements below.\n\nAll Submission materials must be in English or, if not in English, the Entrant must provide an English translation of the demonstration video, map, text description, and testing instructions as well as all other materials submitted.\n\n(i)\u00a0\nEntrants must create a visual proposal that leverages data provided at the Hackathon to develop a cost-efficient, equitable, and usable recommendation for the local and express bus systems of Staten Island (each a \u201cSubmission\u201d).\n(ii)\u00a0\nThe Solution must be capable of being successfully incorporated into the MTA\u2019s bus planning study for which it is intended, and must portray results true to data distributed before and during the Hackathon.\n(iii)\u00a0\nA submitted Solution must be submitted in one of the following formats:\n\u00b7\u00a0\u00a0\u00a0\u00a0\u00a0\u00a0 an interactive map (such as CartoDB, TransitMix or Google Map) with descriptive narrative\n\u00b7\u00a0\u00a0\u00a0\u00a0\u00a0\u00a0 a static map with descriptive narrative\n\u00b7\u00a0\u00a0\u00a0\u00a0\u00a0\u00a0 a presentation of data analysis, in chart, graph or other visual form, with descriptive narrative\n\u00b7\u00a0\u00a0\u00a0\u00a0\u00a0\u00a0 other visual data display tools, including, but not limited to, physical computing objects, with descriptive narrative\u00a0\n(v)\u00a0\nUpon request, the Entrant must make the Solution and a device on which it runs available during the Hackathon, free of charge and without any restriction, for testing evaluation and use by the Sponsors, Administrator and judges.\n(vi)\u00a0\nThe Entrant may make the Solution available to the public via a website or online store, but is not required to do so.\n(vii)\u00a0\n\u00a0An Entrant may submit more than one Submission, however, each Submission must be unique, as determined by the Sponsors and/or the Administrator.\n(viii)\u00a0\nSolutions may integrate data from MTA, New York City\u2019s public data website, data provided in relation to the Hackathon, and other sources of related data, provided the Entrant is authorized to use them.\n(xi)\u00a0\nYour Submission must: (a) be your or your team\u2019s original work product; (b) be solely owned by you or your team with no other person or entity having any right or interest in it; and (c) not violate the intellectual property rights or other rights including but not limited to copyright, trademark, patent, contract, and/or privacy rights, of any other person or entity. By entering the Hackathon you represent, warrant, and agree that your Submission meets these requirements.\n(x)\u00a0\n\u00a0A Solution\u00a0must not have been developed, or derived from a Solution developed, with\u00a0financial or preferential support from\u00a0the Sponsors or Administrator. Such\u00a0Solutions include, but are not limited to, those that received funding or\u00a0investment for their development, were developed\u00a0under contract, or received a\u00a0commercial license, from the Sponsors or Administrator any time prior\u00a0to the end of Hackathon Submission Period. The\u00a0Sponsors, at their sole\u00a0discretion, may disqualify a Solution, if awarding a prize to the\u00a0Solution would create a real or apparent conflict of interest.\u00a0\n\nThe text description should\na. explain the features and usability of your Solution\nb. describe how the Solution helps to \u201csolve\u201d a problem of bus planning for Staten Island that relates to the technology challenge presented at the Hackathon\nThe image(s) should be photographs or screenshots of your working Solution.\u00a0\n\u00a0\n\nSubject to the licenses described below, any applicable intellectual property rights to a Submission will remain with the Entrant.\n \n \nBy entering the Hackathon, you grant to the Sponsors, Administrator, and any other third parties acting on the Sponsors\u2019 behalf, a royalty-free, non-exclusive, worldwide perpetual license to display publicly and use for promotional purposes the Submission, in perpetuity. This license includes, but is not limited to, posting or linking to the Submission on Sponsors\u2019, Administrator\u2019s, and partners\u2019 websites and applications, including the Hackathon Website, and display and promotion of the Submission in any other media, worldwide.\u00a0 In addition, by entering the Hackathon, you grant to MTA, NYU and TransitCenter a royalty-free, non-exclusive, worldwide perpetual license to use, reproduce, and publicize the Submission for the purpose of implementing your Submission, in or whole in part, in connection with New York City public transportation, with no further compensation to you.\n \n \nThe following Submission components may be displayed to the public: name, description, images, video URL, website, URL, team members, the Submission category and platform, and submitter type. Other Submission materials may be viewed by the Sponsors, Administrator, and Judges for screening and evaluation.\n \n \n\u00a0Entrants represent and warrant that the Sponsors, Administrator, and Hackathon partners are free to use Entrants\u2019 Submission in the manner described above, as provided or as modified by Administrator, without obtaining permission or license from any third party and without any compensation to Entrants.\n\nEligible Submissions will be evaluated by a panel of judges selected by the Sponsors (the \u201cJudges\u201d). Judges may be employees of the Sponsors or external, may or may not be listed individually on the Hackathon Website, and may change before the Judging Period. Judging may take place in one or more rounds with one or more panels of Judges, at the discretion of the Sponsors.\nThe Judges will score eligible Submissions using the following criteria (the \u201cJudging Criteria\u201d):\n(i)\u00a0\n(ii)\u00a0\n(iii)\u00a0\n(iv)\nThe Entrant(s) that are eligible for a Prize, and whose Submissions earn the highest overall scores based on the applicable Judging Criteria, will become potential winners of that Prize.\n\u00a0JUDGES are not required to test the Solution and may choose to judge based solely on the text description, map interface and in-person PRESENTATION OF the Submission.\u00a0\n\u00a0For each Prize listed in Section 7 below, if two or more Submissions are tied, the tied Submission with the highest score in the first applicable criterion listed above will be considered the higher scoring Submission. In the event any ties remain, this process will be repeated, as needed, by comparing the tied Submissions\u2019 scores on the next applicable criterion. If two or more Submissions are tied on all applicable criteria, the panel of Judges will vote on the tied Submissions.\n\u00a0\n\n\n\nTHE AWARD OF A PRIZE TO A POTENTIAL WINNER MAY BE SUBJECT TO VERIFICATION OF THE IDENTITY, QUALIFICATIONS AND ROLE OF THE POTENTIAL WINNER IN THE CREATION OF THE SUBMISSION. The final decision to designate a winner shall be made by the Sponsors and/or Administrator.\nPotential winners will be notified using the email address associated with the DevPost account used to enter the Submission (the submitter is the \u201cRepresentative\u201d in the case of a team). In order to receive a Prize, the potential winner (including all participating team members in the case of a team) may, at the Sponsors\u2019 discretion, be required to sign and return to the Sponsors, affidavit(s) of eligibility (or a similar verification document) and liability/publicity release(s), and any applicable tax forms (\u201cVerification Forms\u201d).\nten (10) business days after the Verification Forms are sent.\nThe Sponsors and/or Administrator may deem a potential winner (or participating team members) ineligible to win if:\u00a0\n(i) the potential winner\u2019s Representative or any participating member does not respond to multiple emails or fails to sign and return the Verification Forms by the deadline listed above, or responds and rejects the Prize;\u00a0\u00a0\n(ii) the Prize or Prize notification is returned as undeliverable; or\u00a0\u00a0\n(iii) the Submission or the potential winner, or any member of a potential winner\u2019s team, is disqualified for any other reason.\u00a0\nIn the event of a disqualification, the Sponsors may award the applicable Prize to an alternate potential winner.\n\u00a0\nThe Sponsors have the right to make a Prize substitution of equivalent or greater value. The Sponsors will not award a Prize if there are no eligible Submissions entered in the Hackathon, or if there are no eligible Entrants or Submissions for a specific Prize.\nA monetary Prize will be mailed to the winning Entrant\u2019s address (if an individual) or the Representative\u2019s address (if a team) after receipt of the Verification Forms. Prizes will be payable to the Entrant, if an individual, or to the Entrant\u2019s Representative, if a team. It will be the responsibility of the winning Entrant\u2019s Representative to allocate the Prize among their team\u2019s participating members, as the Representative deems appropriate.\u00a0\nWithin 45 days of the Sponsors or Administrator\u2019s receipt of the Verification Forms\nWinners (and in the case of team, all participating members) are responsible for reporting and paying all applicable taxes in their jurisdiction of residence (federal, state/provincial/territorial and local). Winners may be required to provide certain information to facilitate receipt of the award, including completing and submitting any tax or other forms necessary for compliance with applicable withholding and reporting requirements. United States residents are required to provide a completed form W-9 and residents of other countries are required to provide a completed W-8BEN form. Winners are also responsible for complying with foreign exchange and banking regulations in their respective jurisdictions and reporting the receipt of the Prize to relevant government departments/agencies, if necessary. The Sponsors, Administrator, and/or Prize provider reserve the right to withhold a portion of the prize amount to comply with the tax laws of the United States, or those of a winner\u2019s jurisdiction.\n\u00a0\n\nA. By entering the Hackathon, you (and, if you are entering on behalf of a team, each participating member) agree(s) to the following:\n(i) The relationship between you, the Entrant, and the Sponsors and Administrator, is not a confidential, fiduciary, or other special relationship.\u00a0\n(ii) You will be bound by and comply with these Official Rules and the decisions of the Sponsors, Administrator, and/or the Hackathon Judges which are binding and final in all matters relating to the Hackathon.\n(iii) You will conduct yourself in a professional and courteous manner while attending the Hackathon. Behavior that is harmful, threatening, abusive, harassing, defamatory, derogatory, libelous, invasive of another\u2019s privacy, harmful to minors in any way, or disrespectful toward an individual or group of individuals based on religion, gender, sexual orientation, race, ethnicity, age, or disability, will not be tolerated, and will result in a participant\u2019s expulsion from the Hackathon.\n(iv) You release, indemnify, defend and hold harmless the Sponsors, Administrator, and their respective parent, subsidiary, and affiliated companies, the Prize suppliers and any other organizations responsible for sponsoring, fulfilling, administering, advertising or promoting the Hackathon, and all of their respective past and present officers, directors, employees, agents and representatives (hereafter the \u201cReleased Parties\u201d) from and against any and all claims, expenses, and liabilities (including reasonable attorneys\u2019 fees), including but not limited to negligence and damages of any kind to persons and property, defamation, slander, libel, violation of right of publicity, infringement of trademark, copyright or other intellectual property rights, property damage, or death or personal injury arising out of or relating to a Entrant\u2019s entry, creation of Submission or entry of a Submission, participation in the Hackathon, acceptance or use or misuse of the Prize (including any travel or activity related thereto) and/or the broadcast, transmission, performance, exploitation or use of the Submission as authorized or licensed by these Official Rules.\u00a0\nB. Without limiting the foregoing, the Released Parties shall have no liability in connection with:\u00a0\n(i) any incorrect or inaccurate information, whether caused by the Sponsors or Administrator\u2019s electronic or printing error, or by any of the equipment or programming associated with or utilized in the Hackathon; \u00a0\n(ii) technical failures of any kind, including, but not limited to malfunctions, interruptions, or disconnections in phone lines, internet connectivity or electronic transmission errors, or network hardware or software or failure of the Hackathon Website;\n(iii) unauthorized human intervention in any part of the entry process or the Hackathon;\u00a0\n(iv) technical or human error which may occur in the administration of the Hackathon or the processing of Submissions; or\u00a0\n(v) any injury or damage to persons or property which may be caused, directly or indirectly, in whole or in part, from the Entrant\u2019s participation in and attendance at the Hackathon or receipt or use or misuse of any Prize.\nThe Released Parties are not responsible for incomplete, late, misdirected, damaged, lost, illegible, or incomprehensible Submissions or for address or email address changes of the Entrants. Proof of sending or submitting will not be deemed to be proof of receipt by the Sponsors or Administrator.\nIf for any reason any Entrant\u2019s Submission is determined to have not been received or been erroneously deleted, lost, or otherwise destroyed or corrupted, the Entrant\u2019s sole remedy is to request the opportunity to resubmit its Submission. Such request must be made promptly after the Entrant knows or should have known there was a problem, and will be determined at the sole discretion of the Sponsors.\n\n\nThe Sponsors and partners may take photos and video of the Hackathon activities (\u201cRecordings\u201d).\u00a0 By participating in the Hackathon you consent to the use of the Recordings and other personal information about you, if you are a winner, by the Sponsors, Administrator, and third parties acting on their behalf. Such personal information includes, but is not limited to, your name, likeness, photograph, voice, opinions, comments and hometown and country of residence. It may be used in any existing or newly created media, worldwide without further payment or consideration or right of review, unless prohibited by law. Authorized use includes advertising and promotional purposes.\nThe duration of your consent is for a period of three years following the conclusion of the Hackathon. This consent applies, as applicable, to all members a Entrant\u2019s team that participated in the winning Submission.\n\n\nA. Sponsors and Administrator reserve the right, in their sole discretion, to cancel, suspend and/or modify the Hackathon, or any part of it, in the event of a technical failure, fraud, or any other factor or event that was not anticipated or is not within their control.\nB.\u00a0 Sponsors and Administrator reserve the right in their sole discretion to disqualify any individual or Entrant it finds to be actually or presenting the appearance of tampering with the entry process or the operation of the Hackathon or to be acting in violation of these Official Rules or in a manner that is inappropriate, unsportsmanlike, not in the best interests of this Hackathon, or a violation of any applicable law or regulation.\u00a0\nC. Any attempt by any person to undermine the proper conduct of the Hackathon may be a violation of criminal and civil law.\u00a0 Should Sponsors or Administrator suspect that such an attempt has been made or is threatened, they reserve the right to take appropriate action including but not limited to requiring an Entrant to cooperate with an investigation and referral to criminal and civil law enforcement authorities.\nD. If there is any discrepancy or inconsistency between the terms and conditions of the Official Rules and disclosures or other statements contained in any Hackathon materials, including but not limited to the Hackathon Submission form, Hackathon Website, advertising (including but not limited to television, print, radio or online ads), the terms and conditions of the Official Rules shall prevail.\u00a0\nE. The terms and conditions of the Official Rules are subject to change at any time, including the rights or obligations of the Entrant, the Sponsors and the Administrator. The Sponsors and Administrator will post the terms and conditions of the amended Official Rules on the Hackathon Website.\u00a0 To the fullest extent permitted by law, any amendment will become effective at the time specified in the posting of the amended Official Rules or, if no time is specified, the time of posting.\u00a0\nF. If at any time prior to the deadline, an Entrant or prospective Entrant believes that any Official Rule is or may be unclear or ambiguous, they must submit a written request for clarification. \u00a0\u00a0\nG. The Sponsors or Administrator\u2019s failure to enforce any term of these Official Rules shall not constitute a waiver of that provision. Should any provision of these Official Rules be or become illegal or unenforceable in any jurisdiction whose laws or regulations may apply to an Entrant, such illegality or unenforceability shall leave the remainder of these Official Rules, including the Rule affected, to the fullest extent permitted by law, unaffected and valid. The illegal or unenforceable provision shall be replaced by a valid and enforceable provision that comes closest and best reflects the Sponsors\u2019 intention in a legal and enforceable manner with respect to the invalid or unenforceable provision.\nH. Excluding Submissions, all intellectual property related to this Hackathon, including but not limited to copyrighted material, trademarks, trade-names, logos, designs, promotional materials, web pages, source codes, drawings, illustrations, slogans and representations are owned or used under license by the Sponsors and/or Administrator. All rights are reserved. Unauthorized copying or use of any copyrighted material or intellectual property without the express written consent of its owners is strictly prohibited.\u00a0Any use in a Submission of Sponsors or Administrator intellectual property shall be solely to the extent provided for in these Official Rules.\nI.\u00a0 Third parties may provide goods, materials, or services related to the Hackathon (e.g., data hosting services, CartoDB, TransitMix or Google mapping services or visual data display tools).\u00a0 Entrants\u2019 use of any goods, materials, or services provided by any third party in connection with their Hackathon activities is at their own risk and is subject to any agreement with such third parties.\u00a0 It is the Entrants\u2019 responsibility to ensure that they are permitted to use such third party services.\u00a0 The Sponsors are not responsible for such use, even if they advertise the availability of such services.\n\n\nBy entering, all Entrants (including, in the case of a team, all participating members) agree to be bound by the Official Rules and hereby release the Released Parties from any and all liability in connection with the Prizes or Entrant\u2019s participation in the Hackathon. In no event will a Released Party be liable for (a) special, indirect, incidental, exemplary\u00a0 or\u00a0 consequential\u00a0 loss\u00a0 or\u00a0 damage\u00a0 of\u00a0 any \u00a0kind\u00a0 whatsoever arising out of or relating to the Hackathon, even if it has been advised of the likelihood of such loss or damage, whether arising under contract, tort (including negligence), strict liability, or otherwise.\u00a0 Provided, however, that any liability limitation regarding gross negligence or intentional acts, or events of death or body injury shall not be applicable in jurisdictions where such limitation is not legal.\u00a0\n\n\nA. Entrants agree that, to the fullest extent permitted by law: \u00a0\n(i) any and all disputes, claims and causes of action arising out of or connected with this Hackathon, or any Prizes awarded, other than those concerning the administration of the Hackathon or the determination of winners, shall be resolved individually, without resort to any form of class action; \u00a0\n(ii) any and all disputes, claims and causes of action arising out of or connected with this Hackathon or any Prizes awarded, shall be resolved exclusively by the United States District Court of New York or the appropriate New York\u00a0State Court and Entrants consent to the exclusive jurisdiction and venue of such courts; and \u00a0\u00a0\n(iii) under no circumstances will Entrants be entitled to, and Entrants hereby waives all rights to claim, any punitive, incidental and consequential damages and any and all rights to have damages multiplied or otherwise increased.\nSOME JURISDICTIONS DO NOT ALLOW THE LIMITATIONS OR EXCLUSION OF LIABILITY FOR INCIDENTAL OR CONSEQUENTIAL DAMAGES, SO THE ABOVE MAY NOT APPLY TO YOU.\u00a0\nB. All issues and questions concerning the construction, validity, interpretation and enforceability of these Official Rules, or the rights and obligations of the Entrants and the Sponsors in connection with the Hackathon, shall be governed by, and construed in accordance with, the laws of the State of New York, without giving effect to any choice of law or conflict of law rules (whether of the State of New York or any other jurisdiction), which would cause the application of the laws of any jurisdiction other than the State of New York.\u00a0\n\n\nPlease review the DevPost Terms of Service at\u00a0http://info.devpost.com/terms for additional rules that apply to your participation in the Hackathon and more generally your use of the Hackathon Website. Such Terms of Service are incorporated by reference into these Official Rules. If there is a conflict between the Terms of Service and these Official Rules, the latter terms shall control with respect to this Hackathon only.\nParticipation in the Hackathon constitutes Entrant\u2019s full and unconditional agreement to these Official Rules. By entering, a Entrant agrees that all decisions related to the Hackathon that are made pursuant to these Official Rules are final and binding, and that all such decisions are at the sole discretion of the Sponsors and/or Administrator.\nThe Administrator collects personal information from you when you enter the Hackathon. The information collected is subject to the privacy policy located here:\u00a0http://info.devpost.com/privacy\n\u00a0\n\nIf you have any questions or comment, or wish to send us any notice regarding this Hackathon, please email us at\u00a0rudin.center@nyu.edu\n\u00a0\n\u00a0", "hackathon-prizes": [{"prize-content": "$1,000", "prize-title": "Grand Prize"}, {"prize-content": "$500", "prize-title": "Best Solution for Express Bus Service"}, {"prize-content": "$500", "prize-title": "Best Solution for Local Bus Service"}], "hackathon-location-google-maps": "https://maps.google.com/?q=150 Broadway, New York, NY 10038, USA", "hackathon-url": "https://staten-i-bus-hackathon.devpost.com/", "hackathon-judging-criteria": [{"judging-criterion": "Submissions will be judged based on the quality of their proposals that leverage data provided at the Hackathon to develop a cost-efficient, equitable, and usable recommendation for the local and express bus systems of Staten Island."}, {"judging-criterion": "- More passengers benefiting from lower wait times and/or lower travel times\n\t- Fewer passengers experience higher wait times \n\t- Increase in residents and industry/office/retail within service area\n\t- Increase in subway connectivity"}, {"judging-criterion": "- Cost neutral\n\n\t- Low number of passengers with negative tradeoffs\n\n\t- Low loss of geographic coverage\n\n\t- Low loss of span of service coverage"}, {"judging-criterion": "- Extra dollars per global passenger-minutes saved (or even dollars saved)\n\t- Extra dollars per additional resident in service area\n\t- Extra dollars per additional industry/office/retail sqft in service area"}, {"judging-criterion": "- Distribution of geographic beneficiaries, measured by # of census tracts benefiting or with negative tradeoffs\n\t- Distribution of demographic beneficiaries, measured by # of \u201cminority or low income\u201d census tracts benefiting or with negative tradeoffs"}], "hackathon-location-address": "150 Broadway, New York, NY 10038, USA", "hackathon-description-header": "Using new data to shape the Staten Island bus network.", "hackathon-prizes-total": "$2,000", "hackathon-location-description": "LMHQ", "hackathon-end-date": "2016-03-05", "has-projects": "True"}