{"hackathon-description-text": "\nWe are GreatUniHack, an annual 24-hour student-oriented hackathon organised by the University of Manchester tech society, HackSoc.\u00a0", "hackathon-number-of-prizes": "14", "hackathon-id": "greatunihack17", "hackathon-judges": [{"judge-role": "GreatUniHack", "judge-name": "Judging Panel"}], "hackathon-number-of-judges": "1", "hackathon-eligibility": "", "hackathon-number-of-participants": "130", "hackathon-is-colocated": "True", "hackathon-has-ended": "True", "hackathon-number-of-judging-criteria": "4", "hackathon-requirements": "", "hackathon-rules": "\nWe follow the\u00a0", "hackathon-prizes": [{"prize-content": "Best overall projects.", "prize-title": "1st Place"}, {"prize-content": "Best overall projects.", "prize-title": "2nd Place"}, {"prize-content": "Best overall projects.", "prize-title": "3rd Place"}, {"prize-content": "Most voted project.", "prize-title": "Popularity Prize"}, {"prize-content": "A fun and innovative real time digital travel companion. We aren\u2019t looking for the next TripAdvisor or FlightRadar24. We\u2019re looking for something surprising that will make us smile when we\u2019re next on the go. To get you thinking, a good set of open data sources is at", "prize-title": "American Express"}, {"prize-content": "Build something to help young people engage with programming.", "prize-title": "WebApplicationsUK"}, {"prize-content": "Best financial hack. Solutions will be judged on: Innovation, User Experience, Functionality, Content and Overall quality.", "prize-title": "GoldmanSachs"}, {"prize-content": "Design a 3D packing algorithm that uses a list of grocery items to calculate the number of containers required for a customer order, grouping the items into specific containers according to a set of predefined rules. The output will also contain a list of picking sequences which will describe which items from which order will go into which container based on the rules provided. More info:", "prize-title": "OcadoTechnology"}, {"prize-content": "Build a tool to help customer service agents at THG prioritise and categorise customer emails, using NLP tools/techniques. Is the customer making a complaint? Is it a question about a product? Which of our websites are they talking about? Use any libraries/APIs you like. Should be able to analyse at least English, with other languages optional.", "prize-title": "TheHutGroup"}, {"prize-content": "Create a hack to make the world a better place, i.e. by considering inclusion and the needs of diverse range of users etc. More info:", "prize-title": "AutoTraderUK"}, {"prize-content": "The best/most creative use of Skyscanner's API.", "prize-title": "Skyscanner"}, {"prize-content": "Best Tech", "prize-title": "Bloomberg"}, {"prize-content": "$250 AWS Credit", "prize-title": "Amazon Web Services - Best Use of AWS"}, {"prize-content": "Raspberry Pi & PiHut Essential Kit", "prize-title": "Best Domain Name from Domain.com"}], "hackathon-location-google-maps": "https://maps.google.com/?q=All Saints, All Saints Campus, Manchester M15 6BH, UK", "hackathon-url": "https://greatunihack17.devpost.com/", "hackathon-judging-criteria": [{"judging-criterion": "50% weight"}, {"judging-criterion": "25% weight"}, {"judging-criterion": "15% weight"}, {"judging-criterion": "10% weight"}], "hackathon-location-address": "All Saints, All Saints Campus, Manchester M15 6BH, UK", "hackathon-description-header": "GreatUniHack is a 24-hour hackathon run annually by HackSoc, The University of Manchester tech society.", "hackathon-prizes-total": "0", "hackathon-location-description": "Manchester Metropolitan University Business School", "hackathon-end-date": "2017-11-12", "has-projects": "True"}