{"hackathon-description-text": "\nEngHack brings together passionate students for a two-day hackathon. Whether you're a first-timer or a battle-scarred veteran, all are welcome; ability doesn't matter, only your willingness to learn and have a good time!", "hackathon-number-of-prizes": "4", "hackathon-id": "enghack-s17", "hackathon-judges": [{"judge-role": "Capital One", "judge-name": "Kirill Kouklinski"}, {"judge-role": "Capital One", "judge-name": "Ricardo Paharsingh"}, {"judge-role": "Bell", "judge-name": "Oren Lahav"}, {"judge-role": "Bell", "judge-name": "Helen Ngo"}], "hackathon-number-of-judges": "4", "hackathon-eligibility": "", "hackathon-number-of-participants": "89", "hackathon-is-colocated": "True", "hackathon-has-ended": "True", "hackathon-number-of-judging-criteria": "4", "hackathon-requirements": "", "hackathon-rules": "", "hackathon-prizes": [{"prize-content": "First place wins $1000 for their team!", "prize-title": "EngHack 1st Place"}, {"prize-content": "Second place wins $400 for their team!", "prize-title": "EngHack 2nd Place"}, {"prize-content": "Third place wins $200 for their team!", "prize-title": "EngHack 3rd Place"}, {"prize-content": "The Sears Initium MVP prize will be awarded $1000 by the EngHack leadership team to an individual who clearly goes above and beyond during the hack. This individual demonstrates skill and leadership throughout the event. The MVP not only exhibits qualities of fair play and personal integrity but demonstrable technical prowess in defining, designing and contributing to team success.  As defined in Sears 'Culture of WOW Values' - A player who makes a team great, is more valuable than a great player.", "prize-title": "Sears MVP Prize"}], "hackathon-location-google-maps": "https://maps.google.com/?q=Waterloo, ON N2L 3G1, Canada", "hackathon-url": "https://enghack-s17.devpost.com/", "hackathon-judging-criteria": [{"judging-criterion": "The pure difficulty of the your implementation of the project. When judging this we'll take into account the usage of an API to implement the core feature of the project and how complex the project looks."}, {"judging-criterion": "The originality of your idea, approach, implementation, and/or design of the project."}, {"judging-criterion": "The value of the real world applications that can result from your project. This will be measured in the genuine difference it will make in everyday life."}, {"judging-criterion": "How your product is seen as a whole. Presentation aspects (like design and potential business applications) that stand out."}], "hackathon-location-address": "Waterloo, ON N2L 3G1, Canada", "hackathon-description-header": "EngHack brings together passionate students for a two-day hackathon. All are welcome; ability doesn't matter, only your willingness to learn and have a good time!", "hackathon-prizes-total": "$2,600", "hackathon-location-description": "University of Waterloo - Science Teaching Complex", "hackathon-end-date": "2017-05-27", "has-projects": "True"}