{"hackathon-description-text": "\nESE350, Spring 2017", "hackathon-number-of-prizes": "1", "hackathon-id": "ese350s17", "hackathon-judges": [{"judge-role": "", "judge-name": "Invited Judges"}], "hackathon-number-of-judges": "1", "hackathon-eligibility": "", "hackathon-number-of-participants": "26", "hackathon-is-colocated": "True", "hackathon-has-ended": "False", "hackathon-number-of-judging-criteria": "1", "hackathon-requirements": "", "hackathon-rules": "\nYou need to be enrolled in\u00a0ESE350, Spring 2017", "hackathon-prizes": [{"prize-content": "", "prize-title": "Will be announced by email"}], "hackathon-location-google-maps": "https://maps.google.com/?q=200 S 33rd St, Philadelphia, PA 19104, USA", "hackathon-url": "https://ese350s17.devpost.com/", "hackathon-judging-criteria": [{"judging-criterion": ""}], "hackathon-location-address": "200 S 33rd St, Philadelphia, PA 19104, USA", "hackathon-description-header": "Embedded Systems (ESE 350)", "hackathon-prizes-total": "0", "hackathon-location-description": "Detkin Lab, U of Penn", "hackathon-end-date": "", "has-projects": "False"}