{"hackathon-description-text": "\nWelcome to the\u00a0", "hackathon-number-of-prizes": "19", "hackathon-id": "hackru-f17", "hackathon-judges": [{"judge-role": "CS Professor", "judge-name": "Lars Sorensen"}, {"judge-role": "CS Professor", "judge-name": "Antonio Miranda"}, {"judge-role": "CS Professor", "judge-name": "Alex Borgida"}, {"judge-role": "Rutgers Alum and Former Hacker", "judge-name": "Emmanuel Baah"}, {"judge-role": "Software Development Engineer at Amazon", "judge-name": "Vince Xie"}, {"judge-role": "Wants Maui to board my boat and restore the heart of Te Fiti", "judge-name": "Carlin Au"}, {"judge-role": "Front End Engineer at Wedgewood Communications", "judge-name": "Toni Au"}, {"judge-role": "Research Assistant at Rutgers University in ECE", "judge-name": "David Le"}, {"judge-role": "Web Developer at NYHackathons", "judge-name": "Timotius Sitoris"}, {"judge-role": "Software Engineer at Tumblr", "judge-name": "Diana Navarro"}, {"judge-role": "Software Engineer at BuzzFeed", "judge-name": "Doug Rudolph"}], "hackathon-number-of-judges": "11", "hackathon-eligibility": "\nStudents who have registered for HackRU and checked-in to the event are eligible to participate. As per MLH regulations, all hackers must currently be a student or have graduated within the last school year.\nAll participants are only allowed to be a part of\u00a0", "hackathon-number-of-participants": "142", "hackathon-is-colocated": "True", "hackathon-has-ended": "True", "hackathon-number-of-judging-criteria": "1", "hackathon-requirements": "", "hackathon-rules": "\nStudents who have registered for HackRU and checked-in to the event are eligible to participate. As per MLH regulations, all hackers must currently be a student or have graduated within the last school year.\u00a0\nThose attending must abide to the\u00a0\n\u00a0\n\nHackRU is a community hackathon intended for collaboration and learning in the student community. We value the participation of each member of the student community\u00a0and want all attendees to have an enjoyable experience. All participants are expected to show respect to other fellow participants throughout the hackathon. All attendees and speakers at HackRU are required to conform to the following Code of Conduct.\u00a0The organizing team and Rutgers University reserve the right to enforce, revise, and append these rules.\nWe believe that every individual has the right to hack in a safe and amicable environment. All HackRU participants comply to:\n\nIf you feel uncomfortable or think there may be a possible violation of the code of conduct, please report it immediately. All individuals who report remain anonymous. The HackRU Organizers will work to resolve all incidents alongside MLH representatives.\u00a0", "hackathon-prizes": [{"prize-content": "3D Pen", "prize-title": "1st Place"}, {"prize-content": "Snapchat Spectacles", "prize-title": "2nd Place"}, {"prize-content": "Nintendo 2DS", "prize-title": "3rd Place"}, {"prize-content": "Awarded to hackers who create the best hack that utilizes MLH's hardware.", "prize-title": "Best Hardware Hack"}, {"prize-content": "Awarded to hackers who create a hack that shows their Rutgers spirit. Winners will receive a Hoodie & Rutgers Cap", "prize-title": "Best Rutgers Hack"}, {"prize-content": "Awarded to a hacker that utilizes their own skills to create a hack. Winner will receive a Headset & Amazon Gift Card", "prize-title": "Best Solo Hack"}, {"prize-content": "Awarded to hackers that create the best hack that helps others. Winners will receive a Battery Pack with Flashlight & Multitool", "prize-title": "Best Survival Hack"}, {"prize-content": "$250 Amazon Web Services Credit", "prize-title": "Amazon Web Services - Best Use of AWS"}, {"prize-content": "Raspberry Pi & PiHut Essential Kit", "prize-title": "Best Domain Name from Domain.com"}, {"prize-content": "Merge VR/AR Goggles Virtual Reality Headset", "prize-title": "Best Use of Twilio API"}, {"prize-content": "Amazon Echo Dot", "prize-title": "Best Healthcare Hack from Knowledgent"}, {"prize-content": "Amazon Echo", "prize-title": "Best Fintech Award from BNY Mellon"}, {"prize-content": "$3000 Amazon Gift Card", "prize-title": "Most Innovative Analysis from Vitech"}, {"prize-content": "$50 Amazon Gift Card and Shirt", "prize-title": "Best Use of MongoDB, Atlas or Stitch"}, {"prize-content": "$250 Amazon Gift Card", "prize-title": "Best Financial Hack from Capital One"}, {"prize-content": "Apple AIrPods", "prize-title": "Insurance App Made Easy from Prudential"}, {"prize-content": "Amazon Prime Gift Cards", "prize-title": "Is Your Data Good Enough? from Prudential"}, {"prize-content": "Amazon Echo Dot and Laptop Bag", "prize-title": "Best Use of Natural Language Processing from Gartner"}, {"prize-content": "Parrot Drone", "prize-title": "Best Use of Blockchain AI/ML, Social Apps, or Robotics &amp; Sensors from RBC"}], "hackathon-location-google-maps": "https://maps.google.com/?q=Rutgers Student Center, 126 College Ave, New Brunswick, NJ 08901, USA", "hackathon-url": "https://hackru-f17.devpost.com/", "hackathon-judging-criteria": [{"judging-criterion": ""}], "hackathon-location-address": "Rutgers Student Center, 126 College Ave, New Brunswick, NJ 08901, USA", "hackathon-description-header": "HackRU is a 24-hour hackathon at Rutgers University. We welcome hundreds of students to join us in building awesome software and hardware projects.", "hackathon-prizes-total": "$4,960", "hackathon-location-description": "College Ave Student Center", "hackathon-end-date": "2017-10-15", "has-projects": "True"}