{"hackathon-description-text": "\nRegister for 24 straight hours of hacking on our collection of music-tech APIs using your programming knowledge and your teammates' skills to develop industry-changing prototypes. Compete to get Harman's Swag Kits, A3C Festival FREE Pass and more.\u00a0The A3C\u00a0Music Hackathon is FREE and open to the public with approved application below on this page.", "hackathon-number-of-prizes": "3", "hackathon-id": "hackmusic-a3c", "hackathon-judges": [{"judge-role": "", "judge-name": "Celebrity Judge"}, {"judge-role": "covello Co-Founder", "judge-name": "M. Cole Jones"}, {"judge-role": "A3C Executive Director", "judge-name": "Mike Walbert"}], "hackathon-number-of-judges": "3", "hackathon-eligibility": "", "hackathon-number-of-participants": "32", "hackathon-is-colocated": "True", "hackathon-has-ended": "False", "hackathon-number-of-judging-criteria": "6", "hackathon-requirements": "", "hackathon-rules": "", "hackathon-prizes": [{"prize-content": "", "prize-title": "JBL Everest Elite Headphones &amp; JBL Pulse 2 Speakers"}, {"prize-content": "", "prize-title": "All Access Pass to A3C Festival "}, {"prize-content": "", "prize-title": "Opportunity to join us in Las Vegas at CES 2017"}], "hackathon-location-google-maps": "https://maps.google.com/?q=40 Courtland St NE, Atlanta, GA 30303, USA", "hackathon-url": "https://hackmusic-a3c.devpost.com/", "hackathon-judging-criteria": [{"judging-criterion": "How original, concrete or realistic is the idea or concept."}, {"judging-criterion": "How complete or how much of the idea or concept did the group complete that they presented."}, {"judging-criterion": "How challenging or hard was the idea/concept that they presented and how technically challenging is their product."}, {"judging-criterion": "How much does this project help with the event or provide value to the overall goals and challenges to either the event or the real world."}, {"judging-criterion": "How well did the group present their idea or concept."}, {"judging-criterion": "How reasonable, sustainable or realistic is this idea or concept."}], "hackathon-location-address": "40 Courtland St NE, Atlanta, GA 30303, USA", "hackathon-description-header": "A3C's 1st Music Hackathon", "hackathon-prizes-total": "$4,000", "hackathon-location-description": "Loudermilk Center: A3C Tech Hub", "hackathon-end-date": "", "has-projects": "False"}