{"hackathon-description-text": "\n10:00AM \u00a0Registration", "hackathon-number-of-prizes": "3", "hackathon-id": "hackdrew", "hackathon-judges": [{"judge-role": "Professor", "judge-name": "Emily Hill"}, {"judge-role": "Professor", "judge-name": "Barry Burd"}], "hackathon-number-of-judges": "2", "hackathon-eligibility": "\nA current Drew student who is interested in building a project with software or hardware.", "hackathon-number-of-participants": "10", "hackathon-is-colocated": "True", "hackathon-has-ended": "True", "hackathon-number-of-judging-criteria": "1", "hackathon-requirements": "", "hackathon-rules": "", "hackathon-prizes": [{"prize-content": "Visa Gift Card", "prize-title": "1st Place"}, {"prize-content": "Visa Gift Card", "prize-title": "2nd Place"}, {"prize-content": "Visa Gift Card", "prize-title": "3rd Place"}], "hackathon-location-google-maps": "https://maps.google.com/?q=36 Madison Ave, Madison, NJ 07940, USA", "hackathon-url": "https://hackdrew.devpost.com/", "hackathon-judging-criteria": [{"judging-criterion": ""}], "hackathon-location-address": "36 Madison Ave, Madison, NJ 07940, USA", "hackathon-description-header": "Create awesome applications with software or hardware", "hackathon-prizes-total": "$150", "hackathon-location-description": "Drew University- Learning Center 28", "hackathon-end-date": "2017-04-23", "has-projects": "True"}