{"hackathon-description-text": "\nHackATX is a\u00a0free 12-hour hackathon for high school women of all experience levels to code, learn, and make new friends. HackATX is for any high schooler who identifies as female and is interested in technology and computer science- no experience necessary.\u00a0", "hackathon-number-of-prizes": "3", "hackathon-id": "hackatx-2017", "hackathon-judges": [{"judge-role": "", "judge-name": "Deborah Kariuki"}], "hackathon-number-of-judges": "1", "hackathon-eligibility": "\nAny high schooler who identifies as female.", "hackathon-number-of-participants": "15", "hackathon-is-colocated": "True", "hackathon-has-ended": "False", "hackathon-number-of-judging-criteria": "2", "hackathon-requirements": "\nBuild a project that reflects and addresses a social\u00a0cause you and your team are passionate about! Submissions must be posted to Devpost by 7:00 pm to be considered for judging along with completing the google form on your handout.\u00a0", "hackathon-rules": "\nBe nice, be respectful, be open, and have fun!", "hackathon-prizes": [{"prize-content": "", "prize-title": "Starbucks Gift Card"}, {"prize-content": "", "prize-title": "Kendra Scott Jewelery"}, {"prize-content": "", "prize-title": "Amazon Gift Card"}], "hackathon-location-google-maps": "https://maps.google.com/?q=6433 Champion Grandview Way, Austin, TX 78750, USA", "hackathon-url": "https://hackatx-2017.devpost.com/", "hackathon-judging-criteria": [{"judging-criterion": "How creative is the project? Regardless of skill level, does the project show innovation and creativity?"}, {"judging-criterion": "Does the project address one UN Global Goal? Is it successful at addressing the problem?"}], "hackathon-location-address": "6433 Champion Grandview Way, Austin, TX 78750, USA", "hackathon-description-header": "An all-girl's hackathon for high school women in Central Texas!", "hackathon-prizes-total": "$220", "hackathon-location-description": "Indeed Austin", "hackathon-end-date": "", "has-projects": "False"}