{"hackathon-description-text": "\nA Hackathon at the University of Virginia. \u00a0This Hackathon was planned in memory of Connor Cormier, a second year at the University of Virginia, who enjoyed coding competitons. \u00a0", "hackathon-number-of-prizes": "1", "hackathon-id": "hacck2014", "hackathon-judges": [{"judge-role": "", "judge-name": "TBC"}], "hackathon-number-of-judges": "1", "hackathon-eligibility": "\nTeams can be anywhere from one to four members\u00a0\nOpen to anyone that is willing to participate!\u00a0", "hackathon-number-of-participants": "20", "hackathon-is-colocated": "True", "hackathon-has-ended": "False", "hackathon-number-of-judging-criteria": "5", "hackathon-requirements": "\nThink about how can technology help solve social issues? \u00a0\nCreate and present quality software prototypes that hav some social implication\u00a0\nWill need to pitch a 3 minute demo\u00a0\n\u00a0", "hackathon-rules": "\nTeams can be anywhere from one to four members\nTo ensure a level field for all contestants, all code, music, design, art, SFX, and assets must be created during the duration of the Hackathon. \u00a0The only exception to this rule would include material that is freely available to the public (ex. public domain images, open source librares, etc.)\nAll teams retain full ownership of what they have created during the Hackathon!\n\u00a0", "hackathon-prizes": [{"prize-content": "", "prize-title": "Will be Added Soon"}], "hackathon-location-google-maps": "https://maps.google.com/?q=Charlottesville, VA, USA", "hackathon-url": "https://hacck2014.devpost.com/", "hackathon-judging-criteria": [{"judging-criterion": ""}, {"judging-criterion": ""}, {"judging-criterion": ""}, {"judging-criterion": ""}, {"judging-criterion": ""}], "hackathon-location-address": "Charlottesville, VA, USA", "hackathon-description-header": "HACCK is a 24 hour hackathon on November 15 & 16 at the University of Virginia in honor of Connor Cormier.", "hackathon-prizes-total": "0", "hackathon-location-description": "", "hackathon-end-date": "", "has-projects": "False"}