{"hackathon-description-text": "\n\u00a0is scheduled for", "hackathon-number-of-prizes": "12", "hackathon-id": "hackkean2017", "hackathon-judges": [{"judge-role": "", "judge-name": "A killer judging panel!"}], "hackathon-number-of-judges": "1", "hackathon-eligibility": "\nIf you applied to HackKean\u00a0III,\u00a0", "hackathon-number-of-participants": "52", "hackathon-is-colocated": "True", "hackathon-has-ended": "True", "hackathon-number-of-judging-criteria": "4", "hackathon-requirements": "\nMake your project, submit your hack to Devpost\u00a0and attend the HackKean\u00a0closing ceremony\u00a0to show off what you built. You\u00a0", "hackathon-rules": "\nOnly teams comprised wholly of eligible participants that submit their hacks to this DevPost, and then go on to demo their hack at the HackKean\u00a0closing ceremony\u00a0can win prizes.", "hackathon-prizes": [{"prize-content": "MLH 1st Place Medals & FitBits for each team member", "prize-title": "1st Place"}, {"prize-content": "MLH 2nd Place Medals & Echo Dots w/ travel pouches for each team member", "prize-title": "2nd Place"}, {"prize-content": "MLH 3rd Place Medals & Chromecast for each team member", "prize-title": "3rd Place"}, {"prize-content": "Philips Hue Lightstrips & Bridges for each team member", "prize-title": "Best LifeHack - Viacom"}, {"prize-content": "1 year license of Wolfram|Alpha Pro", "prize-title": "Most Iterations"}, {"prize-content": "$50 Amazon Voucher per team member", "prize-title": "Best .tech domain"}, {"prize-content": "Arduino cars for each team member", "prize-title": "Best Hardware Hack"}, {"prize-content": "1 year access of Wolfram Dev Platform/Mathematica & Wolfram|Alpha Pro", "prize-title": "Best Use of Wolfram Technologies"}, {"prize-content": "1 year of free personal subscription for any single JetBrains tool/IDE", "prize-title": "Best Game"}, {"prize-content": "Sketch App licenses for each team member", "prize-title": "Best Mobile App"}, {"prize-content": "Domain.com Swag Bags", "prize-title": "Best Domain Name from Domain.com"}, {"prize-content": "Use your tech skills for good and hack online harassment! Build a software solution that can help reduce the frequency and/or severity of online harassment. Members of the winning team receive Hack Harassment Battery Packs!", "prize-title": "#HackHarassment"}], "hackathon-location-google-maps": "https://maps.google.com/?q=1000 Morris Ave, Union, NJ 07083, USA", "hackathon-url": "https://hackkean2017.devpost.com/", "hackathon-judging-criteria": [{"judging-criterion": "Is the hack technically interesting or difficult? Is it just some lipstick on an API, or were there real technical challenges to surmount? This is the most important criterion that your hack will be judged upon for the general prizes."}, {"judging-criterion": "Is the hack more than just another generic social/mobile/local app? Does it do something entirely novel, or at least take a fresh approach to an old problem?"}, {"judging-criterion": "Is the hack usable in its current state? Is the user experience smooth? Does everything appear to work? Is it well designed?"}, {"judging-criterion": "Is the hack practical? Is it something people would actually use? Does it fulfill a real need people have?"}], "hackathon-location-address": "1000 Morris Ave, Union, NJ 07083, USA", "hackathon-description-header": "24 hours of collaboration, prizes, hacking and more", "hackathon-prizes-total": "$4,080", "hackathon-location-description": "Kean University - North Ave Academic Building", "hackathon-end-date": "2017-04-02", "has-projects": "True"}