{"hackathon-description-text": "\nLoRaWAN IoT news and applications have been coming on thick and heavy because this IoT standard promises low-cost implementation, rapid scalability and economic operation. The technology, supporting business and community applications are bursting.", "hackathon-number-of-prizes": "1", "hackathon-id": "hackiot17", "hackathon-judges": [{"judge-role": "Co-Chair Market LoRa Alliance", "judge-name": "Charles Paumelle"}, {"judge-role": "CTO Microshare", "judge-name": "Tim Panagos"}, {"judge-role": "Director Consulting Services Senet", "judge-name": "Steven Ball"}], "hackathon-number-of-judges": "3", "hackathon-eligibility": "", "hackathon-number-of-participants": "72", "hackathon-is-colocated": "True", "hackathon-has-ended": "True", "hackathon-number-of-judging-criteria": "3", "hackathon-requirements": "\n\u00a0", "hackathon-rules": "\n\u00a0\n\u00a0\n\nBe Good or Be Gone!\n\u00a0\n\n\u00a0", "hackathon-prizes": [{"prize-content": "Each member of the wining team will be awarded one LORA\u00ae-ENABLED GATEWAY.  Teams can not exceed 4 members.", "prize-title": "LORA\u00ae-ENABLED GATEWAY"}], "hackathon-location-google-maps": "https://maps.google.com/?q=3101 Market St, Philadelphia, PA 19104, USA", "hackathon-url": "https://hackiot17.devpost.com/", "hackathon-judging-criteria": [{"judging-criterion": "Provide innovative solutions -innovate using the tech stacks provided.\n\nKeep in mind that you are innovating with a stack that includes hardware, applications and data. So innovate in all areas."}, {"judging-criterion": "Clearly identify the problems being solved & demonstrate the how your project will solve your issue."}, {"judging-criterion": "Degree of technical complexity. Keep in mind that you are working with hardware, software and data."}], "hackathon-location-address": "3101 Market St, Philadelphia, PA 19104, USA", "hackathon-description-header": "Learn and hack on LoRa enabled IoT projects.", "hackathon-prizes-total": "$1,200", "hackathon-location-description": "Drexel University Innovation Studio", "hackathon-end-date": "2017-12-09", "has-projects": "True"}