{"hackathon-description-text": "\nThe second annual worldwide RootsTech Innovator Showdown is back and even bigger than before. Leverage the power of social, and turn your ideas into cash. Innovators of all kinds in any industry are invited to compete with their latest hardware and software apps and services.", "hackathon-number-of-prizes": "4", "hackathon-id": "rootstech2016", "hackathon-judges": [{"judge-role": "Managing Partner, REES Capital; Contributor, Forbes and The Huffington Post", "judge-name": "Amy Rees Anderson"}, {"judge-role": "JD, CG, CGL, The Legal Genealogist", "judge-name": "Judy G. Russell"}, {"judge-role": "Chairman of the Board of FluentWorlds", "judge-name": "David Bradford"}, {"judge-role": "Former CEO, FamilySearch International", "judge-name": "Dennis Brimhall"}, {"judge-role": "MA, MLS, President and Executive Director of the New York Genealogical & Biographical Society (NYG&B)", "judge-name": "D. Joshua Taylor"}], "hackathon-number-of-judges": "5", "hackathon-eligibility": "\nThis challenge is open to Individuals (who have reached the age of majority in their jurisdiction of residence at the time of entry); Teams of eligible individuals; and Organizations (up to 50 employees).\u00a0", "hackathon-number-of-participants": "162", "hackathon-is-colocated": "False", "hackathon-has-ended": "True", "hackathon-number-of-judging-criteria": "5", "hackathon-requirements": "\nYour submission must include a working software application that solves a problem you've\u00a0identified in any industry vertical, with features either directly or indirectly related to family history. The application should at least be a working prototype, and enable\u00a0a social or collaborative activity.\nCheck out the\u00a0\n\u00a0Your submission must include a software component such as:\nYou must submit a 60-90 second demo video (hosted on YouTube, Vimeo, or Youku) that walks through the main functionality of the app via screencast or video. The goal of this video is not to walk through every feature in detail, but to provide a compelling overview of it's capabilities and convince judges of it's value in the market. Basically, you want to make a case that your app should make it to the final round!\u00a0 You must also submit at least one image/screenshot of your working app.\u00a0\nIf you\u2019re a finalist you\u2019ll also need to prepare a 2-minute pitch to deliver to the judges and audience (including a demo, business model, etc.)\nYou must make your app available for no charge to judges for evaluation during the judging periods.", "hackathon-rules": "\n\nNO PURCHASE OR PAYMENT NECESSARY. A PURCHASE OR PAYMENT OF ANY KIND WILL NOT INCREASE YOUR CHANCES OF WINNING.\u00a0\u00a0\nRootsTech Innovator Showdown (the \u201cChallenge\u201d)\nhttp://rootstech.challengepost.com (the \u201cChallenge Website\u201d)\n\u00a0\n\n\n\u00a0September 1, 2015 to December 1, 2015 (11:45pm Mountain Standard\u00a0Time) (the \u201cChallenge Submission Period\u201d)\n\u00a0\n\u00a0December 1, 2015 (10:00am Mountain Standard Time) \u2013 January 8, 2016 (5:00pm Mountain Standard Time) (the \u201cOnline Judging Period\u201d)\n\nTo be held in-person at RootsTech (\n) on February 3, 2016\n\n\nNOTE: Semi-finalists and finalists will be required to attend RootsTech in Salt Lake City, Utah in order to be eligible to win a prize. Attendance to RootsTech is free (excluding travel) for Challenge semi-finalists and finalists. Attendance at RootsTech is not required to enter the Challenge. See Section 6 below for additional details.\n\n\u00a0On or around February 5, 2016\nChallengePost, Inc. will be the official timekeeper for the Challenge Submission Period and Online Judging Period.\n\u00a0\n\n(the above are collectively, \u201cMakers\u201d)\nAn individual may join more than one team or Organization and an individual who is part of a team or Organization may also enter the Challenge on an individual basis.\u00a0\u00a0\n\u00a0\nIf a team or Organization is entering the Challenge, they must appoint and authorize one individual (the \u201cRepresentative\u201d) to represent, act, and enter a Submission, on their behalf. The Representative must meet the eligibility requirements above. By entering a Submission on the Site on behalf of a team or Organization, you represent and warrant that you are the Representative authorized to act on behalf of your team or Organization.\n\u00a0\n\u00a0\n*The members of an individual\u2019s immediate family include the individual\u2019s spouse, children and stepchildren, parents and stepparents, and siblings and stepsiblings. The members of an individual\u2019s household include any other person that shares the same residence as the individual for at least three (3) months out of the year.\n\u00a0\n**Agents include\u00a0individuals or organizations acting on behalf of, and at the direction of, a\u00a0Promotion Entity through a contractual or other relationship.\n\u00a0\n***An affiliate is:\u00a0(a) an organization that is under common control, sharing a common majority or\u00a0controlling owner, or common management; or (b) an\u00a0organization that owns\u00a0equity in, or is partially owned by the other organization.\n\u00a0\nMakers must do the following to participate in the Challenge:\n\u00a0\nAll Submission materials must be in English or, if not in English, the Maker must provide an English translation of the demonstration video, text description, and testing instructions as well as all other materials submitted.\u00a0\n\u00a0\n\u00a0\n\u00a0\nYou can make your Application available using one of the following methods:\n\u00a0\n\u00a0\n\n\n\nPreference will be given to solutions that apply across generations and include \u201cthe rising generation\u201d (ages 13-30) in addition to older audiences. This may include gamification, games, community building, sharing, or other relevant capabilities. \u201cLikes\u201d on facebook or similar indications of user interest may be influential for judges.\n\u00a0\nThe Judging Criteria above may not apply to every Prize. See section 7 below for the Judging Criteria that apply for each Prize. The Maker(s) that are eligible for a Prize, and whose Submissions earn the highest overall scores based on the applicable Judging Criteria, will become potential winners of that Prize.\n\u00a0\n\n\u00a0\n\u00a0\n\u00a0\nVoting will take place during a voting period specified by the Poster on the Challenge Website and at RootsTech. The Poster has the right to extend the voting period at any time for any reason.\n\u00a0\nVerified vote counts will be determined by the Poster. If there is a tie between two or more Submissions, the People\u2019s Choice Award will be given to the Submission with the highest score from Judges following the Finalist presentations.\n\u00a0\nVoters will be limited to one vote per mobile phone number. Makers may not directly or indirectly offer or pay any monetary or other form of consideration in exchange for a vote.\n\u00a0\nYou many not use any manual or automated vote process or methods to circumvent the one-vote limit per mobile phone. Doing so will subject all of your votes to disqualification. The Poster may also disqualify a Maker, if the Maker receives multiple or irregular votes from the same user or users, receives votes in a manner that indicates manual, automated or other vote manipulation, or attempts to compensate voters.\n\u00a0\nIf the voting process fails to operate properly or appears to be tampered with or tainted with errors, fraud or unfair practices, the Poster has the right to determine the People\u2019s Choice winner by using non-suspect votes, or by any other means it deems appropriate. If no alternative means of determining the People\u2019s Choice is available or selected, the Poster may terminate the prize without designating a winner.\n\u00a0\nThe Poster is not responsible for, and is not required to count any vote which, in its judgment, is incomplete, late, misdirected, damaged, unlawful or illicit. This includes votes secured in breach of the voting rules above, as well as those lost for technical reasons, or otherwise in violation these Official Rules.\n\u00a0\n\u00a0\n\u00a0\n\nten (10) business days after the Required Forms are sent.\n\u00a0\nIn the event of a disqualification, the Poster may award the applicable Prize to an alternate potential winner.\n\u00a0\n\n\u00a0\n\n\u00a0\nThe Released Parties are not responsible for incomplete, late, misdirected, damaged, lost, illegible, or incomprehensible Submissions or for address or email address changes of the Makers. Proof of sending or submitting will not be deemed to be proof of receipt by the Poster or ChallengePost.\u00a0\n\u00a0\nIf for any reason any Maker\u2019s Submission is determined to have not been received or been erroneously deleted, lost, or otherwise destroyed or corrupted, the Maker\u2019s sole remedy is to request the opportunity to resubmit its Submission. Such request must be made promptly after the Maker knows or should have known there was a problem, and will be determined at the sole discretion of the Poster.\n\nBy participating in the Challenge you consent to the use of personal information about you, if you are a winner, by the Poster, ChallengePost, and third parties acting on their behalf. Such personal information includes, but is not limited to, your name, likeness, photograph, voice, opinions, comments and hometown and country of residence. It may be used in any existing or newly created media, worldwide without further payment or consideration or right of review, unless prohibited by law. Authorized use includes advertising and promotional purposes.\nThe duration of your consent is for a period of three years following the conclusion of the Challenge. This consent applies, as applicable, to all members a Maker\u2019s team or Organization that participated in the winning Submission.\n\n\n\nBy entering, all Makers (including, in the case of a team or Organization, all participating members) agree to be bound by the Official Rules and hereby release the Released Parties from any and all liability in connection with the Prizes or Maker\u2019s participation in the Challenge. Provided, however, that any liability limitation regarding gross negligence or intentional acts, or events of death or body injury shall not be applicable in jurisdictions where such limitation is not legal.\u00a0\n\n\u00a0\nSOME JURISDICTIONS DO NOT ALLOW THE LIMITATIONS OR EXCLUSION OF LIABILITY FOR INCIDENTAL OR CONSEQUENTIAL DAMAGES, SO THE ABOVE MAY NOT APPLY TO YOU. \u00a0\n\u00a0\n\u00a0\n\nPlease review the ChallengePost \u201cTerms of Service\u201d at\u00a0\n\u00a0for additional rules that apply to your participation in the Challenge and more generally your use of the Challenge Website. Such Terms of Service are incorporated by reference into these Official Rules. If there is a conflict between the Terms of Service and these Official Rules, the latter terms shall control with respect to this Challenge only.\n\u00a0\nParticipation in the Challenge constitutes Maker\u2019s full and unconditional agreement to these Official Rules. By entering, a Maker agrees that all decisions related to the Challenge that are made pursuant to these Official Rules are final and binding, and that all such decisions are at the sole discretion of the Poster and/or ChallengePost.\nChallengePost collects personal information from you when you enter the Challenge. The information collected is subject to the privacy policy located here:\u00a0\n.\n\u00a0\nIf you have any questions or comment, or wish to send us any notice regarding this Challenge, please email us at\u00a0\n.\u00a0\n\u00a0\n\u00a0\n\u00a0\n\u00a0\n\u00a0\n\u00a0", "hackathon-prizes": [{"prize-content": "$20,000 cash and $25,000 in-kind*", "prize-title": "Judges Choice 1st Place"}, {"prize-content": "$14,000 cash and $15,000 in-kind*", "prize-title": "Judges Choice 2nd Place"}, {"prize-content": "$6,000 cash and $10,000 in-kind*", "prize-title": "Judges Choice 3rd Place"}, {"prize-content": "$10,000 cash", "prize-title": "People's Choice"}], "hackathon-location-google-maps": "", "hackathon-url": "https://rootstech2016.devpost.com/", "hackathon-judging-criteria": [{"judging-criterion": "Submissions must enable a social or collaborative activity."}, {"judging-criterion": "Submissions must be directly or indirectly related to family history. (for example:  facebook is indirectly the largest repository of family history content today, even though it may not have been originally designed with that in mind."}, {"judging-criterion": "Includes creativity and originality."}, {"judging-criterion": "Includes how well the idea was executed by the developer."}, {"judging-criterion": "Will users get excited about this, is it applicable, does it solve a genuine problem?"}], "hackathon-location-address": "", "hackathon-description-header": "6 finalists. 5 renowned judges. 1 large audience. $100,000. Leverage the power of social to connect past, present and future.", "hackathon-prizes-total": "$100,000", "hackathon-location-description": "", "hackathon-end-date": "2015-12-02", "has-projects": "True"}