{"hackathon-description-text": "\nMove over, swipe and drag. Lenovo is bringing multi-user & multi-touch (10 finger-touch!) tech to your desktop. Get your hands on a whole new platform for building interactive touchscreen apps.", "hackathon-number-of-prizes": "6", "hackathon-id": "multitouch", "hackathon-judges": [{"judge-role": "Director of Business Development, Lenovo Software", "judge-name": "Mark Fletcher"}, {"judge-role": "Senior Design Staff Member, Lenovo", "judge-name": "Karen Kluttz"}, {"judge-role": "Manager-Consumer App Development, Lenovo Desktop Product Development", "judge-name": "Lu A. Lu"}, {"judge-role": "Director, Lenovo Desktop Product Development \u00a0", "judge-name": "William Huan"}, {"judge-role": "Senior Manager, Software Development, Lenovo", "judge-name": "Bridgett Rogers"}, {"judge-role": "Product Manager, Open Labs", "judge-name": "Matt Presley"}, {"judge-role": "OEM Relationship Manager, Cyberlink", "judge-name": "Jason Kim"}, {"judge-role": "VP of Business Development, Cyberlink", "judge-name": "Wayne Liu"}, {"judge-role": "Managing Director, Mobius Venture Capital and Foundry Group", "judge-name": "Brad Feld"}], "hackathon-number-of-judges": "9", "hackathon-eligibility": "\nThis hackathon is open to:\n\u00a0\n", "hackathon-number-of-participants": "172", "hackathon-is-colocated": "False", "hackathon-has-ended": "True", "hackathon-number-of-judging-criteria": "3", "hackathon-requirements": "\nUse the multi-user or multi-touch (MUMT) technology of\u00a0\nPer Lenovo\u2019s Security Criteria, submitted applications should not:\nAll participants must also create a\n\u00a0\n\n\u00a0\n\u00a0", "hackathon-rules": "\nNO PURCHASE OR PAYMENT NECESSARY. A PURCHASE OR PAYMENT OF ANY KIND WILL NOT INCREASE YOUR CHANCES OF WINNING.\u00a0\u00a0\nMulti-Touch Multi-Hack (the \u201cHackathon\u201d)\n(the \u201cHackathon Website\u201d)\n\u00a0\n(the \u201cPoster\u201d): Lenovo, 1009 Think Place, Morrisville, NC 27560, USA.\nThe Poster is the sponsor and entity responsible for the Hackathon.\n(the \u201cAdministrator\u201d): Devpost, Inc. (\u201cDevpost\u201d), 433 W. 14th Street, #3F, New York, NY 10014.\n\u00a0\nMarch 15, 2016 (10:00am Eastern Time) \u2013 June 14, 2016 (5:00pm Eastern Time) (the \u201cHackathon Submission Period\u201d)\nJune 20, 2016 (10:00am Eastern Time) \u2013 July 1, 2016 (5:00pm Eastern Time) (the \u201cJudging Period\u201d)\nJune 20, 2016 (10:00am Eastern Time) \u2013 July 1, 2016 (5:00pm Eastern Time) (the \u201cPublic Voting Period\u201d)\nOn or around July 18, 2016 (2:00pm Eastern Time)\u00a0\nThe Administrator will be the official timekeeper for the Hackathon.\n\u00a0\n\n\u00a0\n(the above are collectively, \u201cMakers\u201d)\nAn Eligible Individual may join more than one Team or Small Organization, and an Eligible Individual who is part of a Team or Small Organization may also enter the Hackathon on an individual basis.\u00a0\u00a0\nIf a Team or Small Organization is entering the Hackathon, they must appoint and authorize one individual (the \u201cRepresentative\u201d) to represent, act, and enter a Submission, on their behalf. The Representative must meet the eligibility requirements above. By entering a Submission on the Site on behalf of a Team or Small Organization you represent and warrant that you are the Representative authorized to act on behalf of your Team or Small Organization.\n\n*The members of an individual\u2019s immediate family include the individual\u2019s spouse, children and stepchildren, parents and stepparents, and siblings and stepsiblings. The members of an individual\u2019s household include any other person that shares the same residence as the individual for at least three (3) months out of the year.\n**Agents include\u00a0individuals or organizations that in creating a Submission to the Hackathon, are acting on behalf of, and at the direction of, a\u00a0Promotion Entity through a contractual or similar relationship.\n***An affiliate is:\u00a0(a) an organization that is under common control, sharing a common majority or\u00a0controlling owner, or common management; or (b) an\u00a0organization that has a substantial ownership in, or is substantially owned by the other organization.\nAdditional Prize specific eligibility requirements are stated below in Section 8.\n\u00a0\nMakers must do the following to participate in the Hackathon:\n\nAll Submission materials must be in English or, if not in English, the Maker must provide an English translation of the demonstration video, text description, and testing instructions as well as all other materials submitted.\u00a0\n\n(i) \nMakers must create an Application for \n\u00a0which includes\u00a0the multi-user or multi-touch (MUMT) technology of\u00a0\n. A submitted Application must be either a Windows Desktop application or a Windows Universal App Platform (UAP) application, and must run on a \n running Windows 8 or Windows 10.\u00a0\nPer Lenovo\u2019s Security Criteria, submitted applications should not:\n(ii)\n(iii)\n(iv) \nApplications must be submitted to one of the following content categories (the \u201cCategories\u201d):\nAt any time, and at its sole discretion, the Poster will have the ability to re-assign a submitted Submission from one Category to another. Submissions in each Category are eligible for the Grand Prize, Runner Up Prize, Popular Choice Prize, and Best Student App. Submissions in the Media & Entertainment and Education Categories are eligible for additional Category Prizes. Winners of the Grand Prize and Runner Up Prize are not eligible to win a Category Prize in addition. See Section 7 for Prize details.\u00a0\n(iv) \nThe Application must be capable of being successfully installed and running consistently on the platform for which it is intended, and must function as depicted in the video and/or expressed in the text description.\n(v) \nApplications must be either newly created by the Maker or, if the Application existed prior to the Hackathon Submission Period, must have added multi-touch, or multi-user\u00a0features \u00a0after the start of the Hackathon Submission Period.\n(vi) \nThe Maker must make the Application available free of charge and without any restriction, for testing, evaluation and use by the Poster, Administrator and judges during the Hackathon and until the Judging Period ends and winners are announced.\n(vii) \n A Maker may submit more than one Submission, however, each Submission must be unique and substantially different from each of the Maker\u2019s other Submissions, as determined by the Poster and/or the Administrator.\n(viii)\u00a0\nApplications may integrate SDKs, APIs and data, provided the Maker is authorized to use them.\u00a0\n(ix)\u00a0\nYour Submission must: (a) be your (or your Team or Small Organization\u2019s) original work product; (b) be solely owned by you, your Team, or your Small Organization with no other person or entity having any right or interest in it; and (c) not violate the intellectual property rights or other rights including but not limited to copyright, trademark, patent, contract, and/or privacy rights, of any other person or entity. A Maker may contract with a third party for technical assistance to create the Submission provided the Submission components are solely the Maker\u2019s work product and the result of the Maker\u2019s ideas and creativity, and the Maker owns all rights to them. A Maker may submit a Submission that includes the use of open source software or hardware, provided the Maker complies with applicable open source licenses and, as part of the Submission, creates software that enhances and builds upon the features and functionality included in the underlying open source product. By entering the Hackathon you represent, warrant, and agree that your Submission meets these requirements.\n(x)\u00a0\n\u00a0An Application\u00a0must not have been developed, or derived from an Application developed, with\u00a0financial or preferential support from\u00a0the Poster or Administrator. Such\u00a0Applications include, but are not limited to, those that received funding or\u00a0investment for their development, were developed\u00a0under contract, or received a\u00a0commercial license, from the Poster or Administrator any time prior\u00a0to the end of Hackathon Submission Period. The\u00a0Poster, at their sole\u00a0discretion, may disqualify an Application, if awarding a prize to the\u00a0Application would create a real or apparent conflict of interest.\n\u00a0\n\nThe text description should explain the features and functionality of your Application.\nThe image(s) should be photographs or screenshots of your working Application.\u00a0\nThe video portion of the Submission:\u00a0\na. should be less than five (5) minutes;\nb. must include footage that clearly explains the Application\u2019s features and functionality through a comprehensive demonstration;\nc. must be uploaded to YouTube, Vimeo, or Youku, and a link to the video must be provided on the submission form on the Hackathon Website; and\nd. must not include third party trademarks, or copyrighted music or other material unless the Maker has permission to use such material.\n\u00a0\nSubject to the licenses described below, any applicable intellectual property rights to a Submission will remain with the Maker.\nBy entering the Hackathon, you grant to the Poster, Administrator, and any other third parties acting on the Poster\u2019s behalf, a royalty-free, non-exclusive, worldwide perpetual license to display publicly and use for promotional purposes the Submission, in perpetuity. This license includes, but is not limited to, posting or linking to the Submission on Poster\u2019s, Administrator\u2019s, and partners\u2019 websites and applications, including the Hackathon Website, and display and promotion of the Submission in any other media, worldwide.\nThe following Submission components may be displayed to the public: name, description, images, video URL, website, URL, team members, the Submission category and platform, and submitter type. Other Submission materials may be viewed by the Poster, Administrator, and Judges for screening and evaluation.\nMakers represent and warrant that the Poster, Administrator, and Hackathon partners are free to use Makers\u2019 Submission in the manner described above, as provided or as modified by the Administrator, without obtaining permission or license from any third party and without any compensation to Makers.\nEligible Submissions will be evaluated by a panel of judges selected by the Poster (the \u201cJudges\u201d). Judges may be employees of the Poster or external, may or may not be listed individually on the Hackathon Website, and may change before or during the Judging Period. Judging may take place in one or more rounds with one or more panels of Judges, at the discretion of the Poster.\nThe Judges will score eligible Submissions using the following equally weighted criteria (the \u201cJudging Criteria\u201d):\n(i) \n (Includes creativity, originality and \u201cwow\u201d factor of the idea);\n(ii) \n (Includes how well the idea was executed by the developer and the extent to which the Multi-User, Multi-Touch, or Multi-Session functionalities of the Aura Interface\u00a0were utilized); and\n(iii) \n (Includes the user experience and design of the Application).\nThe Judging Criteria above may not apply to every Prize. See Section 7 below for the Judging Criteria that apply for each Prize. The Maker(s) that are eligible for a Prize, and whose Submissions earn the highest overall scores based on the applicable Judging Criteria, will become potential winners of that Prize.\nJUDGES are not required to test the Application and may choose to judge based solely on the text description, IMAGES and video provided in the Submission.\u00a0\nFor each Prize listed in Section 7 below, if two or more Submissions are tied, the tied Submission with the highest score in the first applicable criterion listed above will be considered the higher scoring Submission. In the event any ties remain, this process will be repeated, as needed, by comparing the tied Submissions\u2019 scores on the next applicable criterion. If two or more Submissions are tied on all applicable criteria, the panel of Judges will vote on the tied Submissions.\n\u00a0\n\nPlease review the Devpost Terms of Service at \n for voting rules.\n\u00a0\nIn addition to the requirements in Section 3, Makers (including all team members, if a team submission) must:\n\u00a0\nTHE AWARD OF A PRIZE TO A POTENTIAL WINNER IS SUBJECT TO VERIFICATION OF THE IDENTITY, QUALIFICATIONS AND ROLE OF THE POTENTIAL WINNER IN THE CREATION OF THE SUBMISSION. The final decision to designate a winner shall be made by the Poster and/or Administrator.\nPotential winners will be notified using the email address associated with the Devpost account used to enter the Submission (the submitter is the \u201cRepresentative\u201d in the case of a Team or Small Organization). In order to receive a Prize, the potential winner (including all participating team members in the case of a Team or Small Organization) will be required to sign and return to the Poster or Administrator, affidavit(s) of eligibility (or a similar verification document) and liability/publicity release(s), and any applicable tax forms (\u201cRequired Forms\u201d).\nten (10) business days after the Required Forms are sent.\nThe Poster and/or Administrator may deem a potential winner (or participating team members) ineligible to win if:\u00a0\n(i) the potential winner\u2019s Representative or any participating member does not respond to multiple emails or fails to sign and return the Required Forms by the deadline listed above, or responds and rejects the Prize;\u00a0\u00a0\n(ii) the Prize or Prize notification is returned as undeliverable; or\u00a0\u00a0\n(iii) the Submission or the potential winner, or any member of a potential winner\u2019s Team or Small Organization, is disqualified for any other reason.\u00a0\nIn the event of a disqualification, the Poster and/or Administrator may award the applicable Prize to an alternate potential winner.\n\u00a0\nThe Poster has the right to make a Prize substitution of equivalent or greater value. The Poster will not award a Prize if there are no eligible Submissions entered in the Hackathon, or if there are no eligible Makers or Submissions for a specific Prize.\nPrizes will be payable to the Maker, if an individual, to the Maker\u2019s Representative, if a Team, or to the Small Organization, if the Maker is a Small Organization. It will be the responsibility of the winning Maker\u2019s Representative to allocate the Prize among their Team or Small Organization\u2019s participating members, as the Representative deems appropriate.\u00a0A monetary Prize will be mailed to the winning Maker\u2019s address (if an individual) or the Representative\u2019s address (if a Team or Small Organization), or wired to the Maker, Maker Representative, or Small Organization\u2019s bank account, only after receipt of the Required Forms.\nFailure to provide correct information on the Required Forms, or other correct information required for the delivery of a Prize, may result in delayed Prize delivery, disqualification or the Maker, or forfeiture of a Prize.\nWithin 45 days of the Poster or Administrator\u2019s receipt of the Required Forms\nWinners (and in the case of Team or Small Organization, all participating members) are responsible for any fees associated with receiving or using a prize, including but not limited to, wiring fees. Winners (and in the case of Team or Small Organization, all participating members) are responsible for reporting and paying all applicable taxes in their jurisdiction of residence (federal, state/provincial/territorial and local). Winners may be required to provide certain information to facilitate receipt of the award, including completing and submitting any tax or other forms necessary for compliance with applicable withholding and reporting requirements. United States residents are required to provide a completed form W-9 and residents of other countries are required to provide a completed W-8BEN form. Winners are also responsible for complying with foreign exchange and banking regulations in their respective jurisdictions and reporting the receipt of the Prize to relevant government departments/agencies, if necessary. The Poster, Administrator, and/or Prize provider reserve the right to withhold a portion of the prize amount to comply with the tax laws of the United States or other Poster jurisdiction, or those of a winner\u2019s jurisdiction.\n\u00a0\nA. By entering the Hackathon, you (and, if you are entering on behalf of a Team or Small Organization, each participating members) agree(s) to the following:\u00a0\n(i) The relationship between you, the Maker, and the Poster and Administrator, is not a confidential, fiduciary, or other special relationship.\u00a0\n(ii) You will be bound by and comply with these Official Rules and the decisions of the Poster, Administrator, and/or the Hackathon Judges which are binding and final in all matters relating to the Hackathon.\u00a0\n(iii) You release, indemnify, defend and hold harmless the Poster, Administrator, Promotion Entities, and their respective parent, subsidiary, and affiliated companies, the Prize suppliers and any other organizations responsible for sponsoring, fulfilling, administering, advertising or promoting the Hackathon, and all of their respective past and present officers, directors, employees, agents and representatives (hereafter the \u201cReleased Parties\u201d) from and against any and all claims, expenses, and liabilities (including reasonable attorneys\u2019 fees), including but not limited to negligence and damages of any kind to persons and property, defamation, slander, libel, violation of right of publicity, infringement of trademark, copyright or other intellectual property rights, property damage, or death or personal injury arising out of or relating to a Maker\u2019s entry, creation of Submission or entry of a Submission, participation in the Hackathon, acceptance or use or misuse of the Prize (including any travel or activity related thereto) and/or the broadcast, transmission, performance, exploitation or use of the Submission as authorized or licensed by these Official Rules. \u00a0\nB. Without limiting the foregoing, the Released Parties shall have no liability in connection with: \u00a0\n(i) any incorrect or inaccurate information, whether caused by the Poster or Administrator\u2019s electronic or printing error, or by any of the equipment or programming associated with or utilized in the Hackathon; \u00a0\n(ii) technical failures of any kind, including, but not limited to malfunctions, interruptions, or disconnections in phone lines, internet connectivity or electronic transmission errors, or network hardware or software or failure of the Hackathon Website;\u00a0\n(iii) unauthorized human intervention in any part of the entry process or the Hackathon; \u00a0\n(iv) technical or human error which may occur in the administration of the Hackathon or the processing of Submissions; or \u00a0\n(v) any injury or damage to persons or property which may be caused, directly or indirectly, in whole or in part, from the Maker\u2019s participation in the Hackathon or receipt or use or misuse of any Prize.\u00a0\nThe Released Parties are not responsible for incomplete, late, misdirected, damaged, lost, illegible, or incomprehensible Submissions or for address or email address changes of the Makers. Proof of sending or submitting will not be deemed to be proof of receipt by the Poster or Administrator.\u00a0\nIf for any reason any Maker\u2019s Submission is determined to have not been received or been erroneously deleted, lost, or otherwise destroyed or corrupted, the Maker\u2019s sole remedy is to request the opportunity to resubmit its Submission. Such request must be made promptly after the Maker knows or should have known there was a problem, and will be determined at the sole discretion of the Poster.\n\nBy participating in the Hackathon you consent to the use of personal information about you, if you are a winner, by the Poster, Administrator, and third parties acting on their behalf. Such personal information includes, but is not limited to, your name, likeness, photograph, voice, opinions, comments and hometown and country of residence. It may be used in any existing or newly created media, worldwide without further payment or consideration or right of review, unless prohibited by law. Authorized use includes advertising and promotional purposes.\u00a0\nThe duration of your consent is for a period of three years following the conclusion of the Hackathon. This consent applies, as applicable, to all members a Maker\u2019s Team or Small Organization that participated in the winning Submission.\n\nA. Poster and Administrator reserve the right, in their sole discretion, to cancel, suspend and/or modify the Hackathon, or any part of it, in the event of a technical failure, fraud, or any other factor or event that was not anticipated or is not within their control.\nB.\u00a0 Poster and Administrator reserve the right in their sole discretion to disqualify any individual or Maker it finds to be actually or presenting the appearance of tampering with the entry process or the operation of the Hackathon or to be acting in violation of these Official Rules or in a manner that is inappropriate, unsportsmanlike, not in the best interests of this Hackathon, or a violation of any applicable law or regulation. \u00a0\nC. Any attempt by any person to undermine the proper conduct of the Hackathon may be a violation of criminal and civil law.\u00a0 Should Poster or Administrator suspect that such an attempt has been made or is threatened, they reserve the right to take appropriate action including but not limited to requiring a Maker to cooperate with an investigation and referral to criminal and civil law enforcement authorities.\u00a0\nD. If there is any discrepancy or inconsistency between the terms and conditions of the Official Rules and disclosures or other statements contained in any Hackathon materials, including but not limited to the Hackathon Submission form, Hackathon Website, advertising (including but not limited to television, print, radio or online ads), the terms and conditions of the Official Rules shall prevail. \u00a0\nE. The terms and conditions of the Official Rules are subject to change at any time, including the rights or obligations of the Maker, the Poster and the Administrator. The Poster and Administrator will post the terms and conditions of the amended Official Rules on the Hackathon Website.\u00a0 To the fullest extent permitted by law, any amendment will become effective at the time specified in the posting of the amended Official Rules or, if no time is specified, the time of posting.\u00a0\nF. If at any time prior to the deadline, a Maker or prospective Maker believes that any Official Rule is or may be unclear or ambiguous, they must submit a written request for clarification. \u00a0 \u00a0\nG. The Poster or Administrator\u2019s failure to enforce any term of these Official Rules shall not constitute a waiver of that provision. Should any provision of these Official Rules be or become illegal or unenforceable in any jurisdiction whose laws or regulations may apply to a Maker, such illegality or unenforceability shall leave the remainder of these Official Rules, including the Rule affected, to the fullest extent permitted by law, unaffected and valid. The illegal or unenforceable provision shall be replaced by a valid and enforceable provision that comes closest and best reflects the Poster\u2019s intention in a legal and enforceable manner with respect to the invalid or unenforceable provision.\u00a0\nH. Excluding Submissions, all intellectual property related to this Hackathon, including but not limited to copyrighted material, trademarks, trade-names, logos, designs, promotional materials, web pages, source codes, drawings, illustrations, slogans and representations are owned or used under license by the Poster and/or Administrator. All rights are reserved. Unauthorized copying or use of any copyrighted material or intellectual property without the express written consent of its owners is strictly prohibited.\u00a0Any use in a Submission of Poster or Administrator intellectual property shall be solely to the extent provided for in these Official Rules.\n\nBy entering, all Makers (including, in the case of a Team or Small Organization, all participating members) agree to be bound by the Official Rules and hereby release the Released Parties from any and all liability in connection with the Prizes or Maker\u2019s participation in the Hackathon. Provided, however, that any liability limitation regarding gross negligence or intentional acts, or events of death or body injury shall not be applicable in jurisdictions where such limitation is not legal.\u00a0\n\nA. Makers agree that, to the fullest extent permitted by law:\u00a0\n(i) any and all disputes, claims and causes of action arising out of or connected with this Hackathon, or any Prizes awarded, other than those concerning the administration of the Hackathon or the determination of winners, shall be resolved individually, without resort to any form of class action; \u00a0\n(ii) any and all disputes, claims and causes of action arising out of or connected with this Hackathon or any Prizes awarded, shall be resolved exclusively by the United States District Court of New York or the appropriate New York\u00a0State Court and Makers consent to the exclusive jurisdiction and venue of such courts; and \u00a0\u00a0\n(iii) under no circumstances will Makers be entitled to, and Makers hereby waives all rights to claim, any punitive, incidental and consequential damages and any and all rights to have damages multiplied or otherwise increased.\nSOME JURISDICTIONS DO NOT ALLOW THE LIMITATIONS OR EXCLUSION OF LIABILITY FOR INCIDENTAL OR CONSEQUENTIAL DAMAGES, SO THE ABOVE MAY NOT APPLY TO YOU. \u00a0\nB. All issues and questions concerning the construction, validity, interpretation and enforceability of these Official Rules, or the rights and obligations of the Makers and the Poster in connection with the Hackathon, shall be governed by, and construed in accordance with, the laws of the State of New York, without giving effect to any choice of law or conflict of law rules (whether of the State of New York or any other jurisdiction), which would cause the application of the laws of any jurisdiction other than the State of New York.\u00a0\n\nPlease review the Devpost Terms of Service at \n for additional rules that apply to your participation in the Hackathon and more generally your use of the Hackathon Website. Such Terms of Service are incorporated by reference into these Official Rules. If there is a conflict between the Terms of Service and these Official Rules, the latter terms shall control with respect to this Hackathon only.\nParticipation in the Hackathon constitutes Maker\u2019s full and unconditional agreement to these Official Rules. By entering, a Maker agrees that all decisions related to the Hackathon that are made pursuant to these Official Rules are final and binding, and that all such decisions are at the sole discretion of the Poster and/or Administrator.\nThe Administrator collects personal information from you when you enter the Hackathon. The information collected is subject to the privacy policy located here:\u00a0\n.\n\u00a0\nIf you have any questions or comment, or wish to send us any notice regarding this Hackathon, please email us at\u00a0\n.\u00a0\n\u00a0", "hackathon-prizes": [{"prize-content": "- $10,000 cash", "prize-title": "Grand Prize"}, {"prize-content": "- $7,000 cash", "prize-title": "Runner-Up Prize"}, {"prize-content": "- $4,000 cash", "prize-title": "Category Bonus Prize: Media &amp; Entertainment"}, {"prize-content": "- $4,000 cash", "prize-title": "Category Bonus Prize: Educational"}, {"prize-content": "- Lenovo YOGA Tablet 2 8\u201ddevice for each team member up to 4 teammates (~$160 each)", "prize-title": "Best Student App"}, {"prize-content": "- One Lenovo YOGA Tablet 2 8\u201ddevice (~$160 each)", "prize-title": "Popular Choice Award"}], "hackathon-location-google-maps": "", "hackathon-url": "https://multitouch.devpost.com/", "hackathon-judging-criteria": [{"judging-criterion": "Includes creativity, originality, and \u201cwow\u201d factor of the idea."}, {"judging-criterion": "Includes how well the idea was executed by the developer and the extent to which the Multi-User, Multi-Touch, or Multi-Session functionalities of the Aura Interface were utilized."}, {"judging-criterion": "Includes the user experience and design of the application."}], "hackathon-location-address": "", "hackathon-description-header": "Put the power of touch in your app. Build apps for Lenovo\u2019s multi-touch YOGA Home PC, supporting 10 fingers at once.", "hackathon-prizes-total": "$39,800", "hackathon-location-description": "", "hackathon-end-date": "2016-06-08", "has-projects": "True"}