{"hackathon-description-text": "\nThe World Bank launched its Open Data Initiative in April, 2010. This initiative made an array of data sets, including the World Development Indicators, Africa Development Indicators, and Millennium Development Goal Indicators \u2013 free for all.", "hackathon-number-of-prizes": "6", "hackathon-id": "appsfordevelopment", "hackathon-judges": [{"judge-role": "Director, Development Data Group, World Bank", "judge-name": "Shaida Badiee"}, {"judge-role": "Chief Economist, Africa Region, World Bank", "judge-name": "Shanta Devarajan"}, {"judge-role": "Vice President, Government Relations and Business Environment, Nokia Middle East and Africa", "judge-name": "Jussi Hinkkanen"}, {"judge-role": "Senior Fellow and Deputy Director, Global Economy and Development, Brookings Institution", "judge-name": "Homi Kharas"}, {"judge-role": "Chief Economist (a.i.) and General Manager, Research Department, Inter-American Development Bank", "judge-name": "Eduardo Lora"}, {"judge-role": "Founder, Craigslist, Inc.", "judge-name": "Craig Newmark"}, {"judge-role": "Co-founder, Ushahidi", "judge-name": "Ory Okolloh"}, {"judge-role": "Director, Engineering, Google", "judge-name": "Kannan Pashupathy"}, {"judge-role": "Chief Executive Officer, Development Gateway", "judge-name": "Jean-Louis Sarbib"}], "hackathon-number-of-judges": "9", "hackathon-eligibility": "", "hackathon-number-of-participants": "210", "hackathon-is-colocated": "False", "hackathon-has-ended": "True", "hackathon-number-of-judging-criteria": "3", "hackathon-requirements": "", "hackathon-rules": "\nThe World Bank\u2019s Apps for Development Competition challenges participants to develop software applications related to one or more of the Millennium Development Goals (MDGs). The applications could serve to raise awareness, measure progress, or to help in some other way to achieve the goals. The only other requirement is that the proposed application use one or more datasets from the World Bank Data Catalog found at\nThe MDGs represent a collective ambition for our world. Simply put, the MDGs express a vision of a world in which extreme poverty and hunger have been eliminated, and the economic and human welfare of poor people worldwide has been tangibly improved. The MDGs articulate specific targets, to be reached by 2015, related to poverty and hunger, universal education, child health and other crucial dimensions.\nThere are many dimensions to development \u2013 competition participants are encouraged to also use other indicators and datasets, and to be creative in exploring approaches for realizing the goals.\nThis Competition is a complement to World Bank\u2019s Open Data Initiative, launched April 20 2010, making development data \u2013 including the World Development Indicators, Africa Development Indicators, and Millennium Development Goal indicators \u2013 free for all.\nThe Apps for Development Competition aims to bring together software developers and development practitioners to use World Bank data in the creation of innovative software applications which relate to the Millennium Development Goals.\nApplications submitted to the Competition should address at least one of the following objectives: \n i) raise awareness of at least one of the Millennium Development Goals (MDGs), or\n ii) contribute to progress toward meeting at least one of the MDGs by 2015.\nSubmissions will be judged on the following three criteria:\nApplications will be selected and awarded for the following categories:\nCash prizes will be awarded for the Best App for Development Awards and the Popular Choice Award.\nReview the sections below for more Official Rules and Submission Requirements. By entering the Competition, Contestants fully and unconditionally agree to be bound by these Official Rules. All decisions will be final and binding.\nThe Competition is open to Contestants (\u2018Contestant\u201d) from member countries of the World Bank (see: \n ). Contestants may be individuals, legally established entities (profit or non-profit, academic) and public sector agencies/organizations, though not all are eligible for cash prizes. Contestants competing for cash prizes may be individuals or organizations (profit, non-profit organizations, academic) with fewer than 50 employees. \u00a0Public sector agencies/organizations may not compete for cash prizes. Contestants are responsible for compliance with legal requirements of their country.\nA) Individuals must be of age of majority in their country at the time of entry. Individuals may form teams and submit entries on behalf of teams. Individuals who join teams must meet the eligibility requirements for Individual Contestants.\nB) Organizations must be legally established entities (profit, non-profit, academic) or public sector agencies/organizations in their respective countries. Public sector agencies/organizations of any size, and legally established entities with 50 or more employees will be eligible only for the Large Organization Recognition Award Category for which there is no cash prize.\nEmployees, contractors and vendors of the World Bank Group (The World Bank Group consists of the International Bank for Reconstruction and Development, the International Development Association, the Multilateral Investment Guarantee Agency, the International Finance Corporation, the International Center for the Settlement of Investment Disputes.) , the members of the Finalist Judging Panel or any company or individual involved with the design, production, execution or distribution of the Competition and their immediate family members (spouse, parents and step-parents, siblings and step-siblings, and children and step-children, aunt, uncle, niece and nephew) are not eligible to join the Competition.\nThe Competition Submission Period begins on October 7, 2010 at 12:00 PM Eastern Daylight Time (\u201cEDT\u201d) and ends on January 10, 2011 at 5:00 PM EST (the \u201cCompetition Submission Period\u201d).\nContestants must register at \n to submit an entry, and may do so at any time until the close of the submission period. Registration is free. Only Applications submitted through \n will be accepted.\nEach Contestant will be required to provide the following as part of its entry (\u201cSubmission\u201d):\nSubmissions must meet at least one of the following two objectives:\n1. Raise awareness of at least one of the Millennium Development Goals. There are eight goals:\nAlso see \n .\n2. Contribute to progress toward meeting at least one of the Millennium Development Goals.\n1. Each Submission must be a software Application that uses some data from at least one of the data sources or content from the World Bank datasets available at http://data.worldbank.org/. There may be limited changes (updating or refreshing) to the existing World Bank datasets. Applications must not use data from new datasets marked as first posted to the World Bank Data Catalog after October 15, 2010, unless those datasets are available from other sources.\n2. Submissions may be any kind of software tool or game, be it for the web, a personal computer, a mobile handheld device, console, or any software platform broadly available to the public\n3. Each Submission must contain an Application that functions as expressed in the text description.\n4. Contestants may submit more than one Submission. However, Applications must not be substantially similar to a prior Application in a Submission by the same Contestant.\n5. Each Submission must be in English, or if in a language other than English, the Submission must be accompanied by an English translation of the full text.\n6. Submissions which, in the World Bank\u2019s sole determination do any of the following will be disqualified:\n a) adversely affect the reputation of the World Bank Group or any of its officials or member countries; \n b) are illegal under applicable laws; \n c) depict hatred, defame, abuse, harass, stalk, threaten a specific person or community in the society or can incite violence or conflict, or otherwise violate the legal rights (such as rights of privacy and publicity) of others; \n d) contain any infringing, obscene, indecent, or unlawful material or information.\n7. Submission must a) be original; b) be solely owned by Contestant, who represents that no other party has any rights or interest, whether known or unknown; and 3) not violate the Intellectual Property or privacy rights of other parties. Intellectual property rights of submitted Applications will be owned by the Contestants. The World Bank disclaims any liability for infringements or other violations of intellectual property rights based on claims of ownership by Contestant; Contestant, by entering the Competition, agrees to hold harmless and indemnify the Bank against any third party claims.\n8. Once a Submission is submitted, the Contestant cannot make any changes or alterations to the Submission until the judging is complete.\n9. All winning Submissions may be linked to the World Bank\u2019s website. By submitting an Application, you grant the World Bank a non-exclusive, one-year, royalty-free right to use for promotion, public display, informational, educational or awareness purposes your Application. The Bank may at its sole discretion, decide not to expose any Application on its website.\nSubmissions will be posted on \n on a rolling basis after being screened for basic functionality, accuracy of messaging, and integrity (i.e., security). All Contestants will have equal access to Submissions posted on the website.\nNon-Contestants are encouraged to register on \n. Registration will be required in order to receive updates on the Competition and to vote for the Popular Choice Award.\nPublic voting will take place between on or about January 31, 2011 at 10:00 am EST and February 28, 2011 at 5:00 PM EST. Public voting will determine the winner of the Popular Choice Award. Each registered visitor may only vote once during the voting period.\n1. Quality of the idea (including creativity and originality) (1/3); \n 2. Implementation of the idea (including user experience, design, and performance) (1/3); and \n 3. Potential Impact on either of the two competition objectives (1/3)\n1. Submissions will initially be screened by a World Bank Technical Committee (\u201cTechnical Committee\u201d). The Technical Committee will verify that the Contestant meets the Eligibility criteria in Official Rule I and its Submission(s) meet the Submission Requirements in Official Rule III. D.\n2. All Submissions that pass the Technical Committee screening will be judged by a World Bank Internal Panel (\u201cInternal Panel\u201d) to select approximately thirty finalist Applications (\u201cFinalist Application\u201d) based on the Judging Criteria.\n3. Finalist Applications will be judged by a Finalist Judging Panel based on the judging criteria to select those Applications to be awarded prizes or recognition.\nThe dates for the judging are between January 31, 2011 and February 28, 2011.\nDECISIONS OF THE TECHNICAL COMMITTEE, INTERNAL PANEL AND FINALIST JUDGING PANEL ARE FINAL AND NOT SUBJECT TO NEGOTIATIONS OR APPEAL.\nA Finalist Judging Panel will be determined by the World Bank. The World Bank reserves the right to substitute or modify the Finalist Judging Panel at any time for any reason.\nFirst Prize Winner, Second Prize Winner, Third Prize Winner and Honorable Mention Winners \n The External Judging Panel will select eight (8) Contestants whose Finalist Applications earn the highest overall score to win the following prizes:\nIn the event of a tie, winner will be selected based on the criteria described in Judging Criteria (1), then (2), and finally (3). If there is still a tie then the winner will be selected based on a vote by the Finalist Judging Panel.\nThe Contestant whose Application receives the highest number of votes based solely on the public voting of registered visitors at \n will receive a cash prize of US$5,000.00. Organizations with 50 or more employees are not eligible for the Popular Choice Award.\nIf there is a tie between one or more Submissions for the Popular Choice Award, the prize will be split equally amongst the tied Contestants.\nUse of an automated process or similar device to submit an electronic vote is strictly prohibited. Any attempt to circumvent the one vote limit per Submission or to use an automated vote process will subject all votes from the person to disqualification. If a Contestant receives multiple and/or irregular votes from the same user or users, including but not limited to, votes generated by a robotic, programmed, script, macro, other automated means or other source, the World Bank reserves the right to disqualify the Contestant in their sole discretion. If the voting process for the Popular Choice Award fails to operate properly or appears to be tampered with or tainted with errors, fraud or unfair practices, the World Bank its sole discretion reserves the right to use another means to determine the winner of the Popular Choice Award, i.e. random selection or appointing a panel of judges. Contestants may not pay people or provide any other type of consideration in exchange for votes. Any Contestant who violates the ban on paying or providing consideration in exchange for votes will be disqualified. Public votes may be displayed on the competition website, on a real-time basis, before being verified for integrity. These unverified votes do not necessarily reflect accurately the winner of the Popular Choice Award. The winner of the Popular Choice Award will be the entrant(s) who are contacted directly by the World Bank after votes have been verified. The World Bank reserves the right to modify the voting period at anytime for any reason.\nThe Large Organization Recognition Award is a non-cash recognition award intended to encourage public sector agencies and legally-registered organizations (profit, non-profit and academic) with fifty (50) or more employees. Each finalist Submission for the Large Organization Recognition Award will be scored by the judging panel on the following three criteria: (1) Quality of the idea (including creativity and originality) (1/3); (2) Implementation of the idea (including user experience, design, and performance) (1/3); and (3) Potential Impact on any of the two competition objectives (1/3). The one eligible Large Organization whose Submission earns the highest overall score will win the Large Organization Recognition Award, which has no cash prize. In the event of a tie, winner will be selected based on the criteria described in (1), then (2), and finally (3). If there is still a tie, the winner will be selected based on a vote by the judging panel.\nALL POTENTIAL AWARD WINNERS ARE SUBJECT TO VERIFICATION BY The World Bank WHOSE DECISIONS ARE FINAL AND BINDING IN ALL MATTERS RELATED TO THE COMPETITION. Award winners must continue to comply with all terms and conditions of these Official Rules and winning is contingent upon fulfilling all requirements. The potential winners will be notified by email, telephone, or mail on or about March 15, April 2011. The potential winners will be required to sign and return to the World Bank , within Ten (10) days of the date notice is sent, an affidavit of eligibility, and liability/publicity release (except where prohibited) in order to claim his/her prize if applicable. If a potential winner of any prize cannot be contacted, fails to sign and return the affidavit of eligibility and liability/publicity release within the required time period (if applicable), or if the prize or prize notification is returned as undeliverable, potential winner forfeits prize. In the event that a potential winner of a Competition prize is disqualified for any reason, Sponsor may award the applicable prize to an alternate winner who had the highest score remaining of the Finalist Applications.\nBy entering this Competition, Contestant agrees that the World Bank may verify the ownership and originality of any Application and that upon request, Contestant shall submit a written copy of any release, license or permission Contestant has received from a third party granting Contestant the right to use such Application. Contestant understands that in the event an Application is selected as a winning Application and Contestant\u2019s ownership rights and the originality of Contestant\u2019s Application cannot be verified to the satisfaction of the World Bank or is in any other way ineligible, the World Bank shall select an alternate winner based on the same Judging Criteria. The World Bank assumes no liability to third parties for false ownership rights claimed by Contestants.\nIf after announcing the Best Applications the World Bank Group determines that a Contestant has misrepresented, misstated, or mischaracterized its Submission in any way or Contestant is not the rightful owner of the submitted Application, the Submission may be withdrawn and disqualified from the Competition, and any privileges received by winning this contest may be rescinded. Any determinations made by the World Bank in withdrawing and disqualifying any Submission will be final and confidential.\nFor all Cash Prizes: Winners are responsible for all applicable taxes and fees associated with prize receipt and/or use. No transfer or substitution of a prize is permitted except by the World Bank. If a team of individuals, a corporation or an organization is selected as a prize winner, the prize will be awarded to the group and it will be up to them to split or appropriately allocate the prize.\nFor Competition results go to \n on or about April 15, 2011.\nBy entering, each Contestant agrees to: (a) comply with and be bound by these Official Rules and the decisions of the World Bank and/or the Judging Panels which are binding and final in all matters relating to this Competition; (b) release and hold harmless the World Bank and its affiliates, from and against any and all claims, expenses, and liability, including but not limited to negligence and damages of any kind to persons and property, including but not limited to invasion of privacy (under appropriation, intrusion, public disclosure of private facts, false light in the public eye or other legal theory), defamation, slander, libel, violation of right of publicity, infringement of trademark, copyright or other intellectual property rights, property damage, or death or personal injury arising out of or relating to a Contestant\u2019s entry, creation of an entry or submission of an entry, participation in the Competition, acceptance or use or misuse of prize (including any travel or activity related thereto) and/or the broadcast, transmission, performance, exploitation or use of entry; and \u00a9 indemnify, defend and hold harmless the World Bank from and against any and all claims, expenses, and liabilities (including reasonable attorneys fees) arising out of or relating to a Contestant\u2019s participation in the Competition and/or Contestant\u2019s acceptance, use or misuse of prize.\nExcept where prohibited, participation in the Competition constitutes winners\u2019 consent to the World Bank\u2019s use of winner\u2019s name, likeness, photograph, voice, opinions and/or hometown and state for promotional purposes in any media, worldwide, without payment or consideration.\nThe World Bank is not responsible for: (1) any false, incorrect or inaccurate information, whether caused by Contestants, printing errors or by any of the equipment or programming associated with or utilized in the Competition; (2) technical failures of any kind, including, but not limited to malfunctions, interruptions, or disconnections in phone lines or network hardware or software; (3) unauthorized human intervention in any part of the entry process or the Competition; (4) technical or human error which may occur in the administration of the Competition or the processing of entries; or (5) any injury or damage to persons or property which may be caused, directly or indirectly, in whole or in part, from Contestant\u2019s participation in the Competition or receipt or use or misuse of any prize. If for any reason an entrant\u2019s Submission is confirmed to have been erroneously deleted, lost, or otherwise destroyed or corrupted, entrant\u2019s sole remedy is another provide another Submission. No more than the stated number of prizes will be awarded.\nIn the event that an entrant should disagree with any of these Competition Rules or any decision made by the World Bank or the Judging Panels, Contestant will have the right to withdraw its Submission. To the extent permitted by law, the rights to litigate, to seek injunctive relief or to any other recourse to judicial procedure in case of disputes or claims resulting from or in connection with this Competition are hereby excluded, and Contestant and Voters expressly waive any and all such rights.\nNothing herein shall constitute or be considered to be a limitation upon or a waiver of the privileges and immunities of the World Bank, or any other member of the World Bank Group, which are specifically reserved.\n\nThe use of the World Bank name, or any trademark, official mark, official emblem, or logo of the World Bank, or any of its other means of promotion or publicity is strictly prohibited except for attribution purposes only. By using the Datasets, you agree to provide attribution to the World Bank and its content providers in the following format: The World Bank: Dataset name: Data source (if known). When sharing or facilitating access to the Datasets, you agree to include the same acknowledgment requirement in any sub-licenses of the data that you grant, and a requirement that any sub-licensees do the same. You may meet this requirement by providing the uniform resource locator (\n) of the World Bank Dataset terms of use. The World Bank will prosecute, to the fullest extent of the law, any other use of the World Bank name, or any trademark, official mark, official emblem, or logo of the World Bank.", "hackathon-prizes": [{"prize-content": "$15,000 USD", "prize-title": "First Prize"}, {"prize-content": "$10,000 USD", "prize-title": "Second Prize"}, {"prize-content": "$5,000 USD", "prize-title": "Third Prize"}, {"prize-content": "$2,000 USD Each", "prize-title": "Honorable Mentions (10)"}, {"prize-content": "$5,000 USD", "prize-title": "Popular Choice Award"}, {"prize-content": "The Large Organization Award winner will receive public acknowledgement, but no cash prize.", "prize-title": "Large Organization Recognition Award"}], "hackathon-location-google-maps": "", "hackathon-url": "https://appsfordevelopment.devpost.com/", "hackathon-judging-criteria": [{"judging-criterion": "Including creativity and originality"}, {"judging-criterion": "Including user experience, design, and performance"}, {"judging-criterion": "Which are 1) raising awareness of, or 2) making progress toward achieving at least one MDG"}], "hackathon-location-address": "", "hackathon-description-header": "We challenged people to create innovative tools, applications, and mash-ups using the data available through the World Bank\u2019s Open Data Initiative.", "hackathon-prizes-total": "$55,000", "hackathon-location-description": "", "hackathon-end-date": "2014-03-24", "has-projects": "True"}