{"hackathon-description-text": "\nThis year, we're really excited to announce collaboration with some other on-campus groups, so we can diversify the event as much as possible. We also have some really great sponsors this year. KAYAK, Facebook, Google, Microsoft, and some other awesome companies are generously donating tons of money, swag and prizes to the hackathon.", "hackathon-number-of-prizes": "5", "hackathon-id": "tufts", "hackathon-judges": [{"judge-role": "", "judge-name": "James Downer"}, {"judge-role": "", "judge-name": "Sam Purcell"}, {"judge-role": "", "judge-name": "Brendan Conron"}, {"judge-role": "", "judge-name": "Tom Wang"}], "hackathon-number-of-judges": "4", "hackathon-eligibility": "\nMust be a Tufts student to enter.", "hackathon-number-of-participants": "54", "hackathon-is-colocated": "True", "hackathon-has-ended": "True", "hackathon-number-of-judging-criteria": "1", "hackathon-requirements": "\nWhatever you built at the hackathon!", "hackathon-rules": "\nMust be a Tufts student to enter.\u00a0", "hackathon-prizes": [{"prize-content": "It's not a secret that our tools for digesting information at Tufts are lackluster at best. Building new ones can have a huge impact across the university. Last year, James Roseman built a class scheduler on top of his Tufts Text website. There's a lot left to do to improve software at Tufts. Prizes include some smartwatches, and some really sweet coffee table swag.", "prize-title": "Tufts Tools"}, {"prize-content": "We're working hard to get you guys some cool data sets to visualize, and some Arduinos to build with. Anything and everything can be entered here. Prizes include Chromecasts, Windows swag, and more.", "prize-title": "General"}, {"prize-content": "The \"Hack for Good\" prize (sponsored by Galatea Associates) is a best in show award given to the team that assist NGOs in their missions or use data in a creative way that helps people. Preference will be given to those who work in collaboration with Tufts 180 Degrees Consulting. Prizes include a Galaxy Tab, amazing solar-powered lamps, and more.", "prize-title": "The \"Hack For Good\" Prize"}, {"prize-content": "", "prize-title": "Best use of Google API"}, {"prize-content": "", "prize-title": "Best use of Facebook API"}], "hackathon-location-google-maps": "https://maps.google.com/?q=196 Boston Avenue, Medford, MA 02155, USA", "hackathon-url": "https://tufts.devpost.com/", "hackathon-judging-criteria": [{"judging-criterion": ""}], "hackathon-location-address": "196 Boston Avenue, Medford, MA 02155, USA", "hackathon-description-header": "The Tufts Fall Hackathon is a 24 hour coding event, where Tufts students of all years and skill levels can come together to make ideas into reality.", "hackathon-prizes-total": "0", "hackathon-location-description": "", "hackathon-end-date": "2014-10-25", "has-projects": "True"}