{"hackathon-description-text": "\nGov. David Y. Ige, the Office of Enterprise Technology Services (ETS), and the State of Hawaii Transformation Internship Program (TIP) will host the\u00a0", "hackathon-number-of-prizes": "4", "hackathon-id": "hacc", "hackathon-judges": [{"judge-role": "Governor / State of Hawaii", "judge-name": "David Ige"}, {"judge-role": "Chief Innovation Officer / State of Hawaii", "judge-name": "Todd Nacapuy"}, {"judge-role": "Senator / State of Hawaii", "judge-name": "Glenn Wakai"}, {"judge-role": "Chief Information Officer / University of Hawaii", "judge-name": "Garret Yoshimi"}, {"judge-role": "Business Sales Managing Partner \u2013 Hawaii & Alaska / Verizon", "judge-name": "Bill Hozey"}, {"judge-role": "VP of IT Operations and Business Information Officer / Kaiser Permanente", "judge-name": "Donna Scannell"}, {"judge-role": "Director, Desktop Services / Hawaiian Electric", "judge-name": "Camille Au"}], "hackathon-number-of-judges": "7", "hackathon-eligibility": "\n", "hackathon-number-of-participants": "134", "hackathon-is-colocated": "True", "hackathon-has-ended": "True", "hackathon-number-of-judging-criteria": "7", "hackathon-requirements": "\nSubmission Criteria", "hackathon-rules": "\n", "hackathon-prizes": [{"prize-content": "First place team as determined by the judges", "prize-title": "First Place"}, {"prize-content": "Third place team as determined by the judges", "prize-title": "Third Place"}, {"prize-content": "", "prize-title": "First Place- High School"}, {"prize-content": "$2800 travel stipend for a team to represent Hawaii at the Global Hackathon in Saint Louis, Missouri this October.", "prize-title": "Governor's HACC award"}], "hackathon-location-google-maps": "https://maps.google.com/?q=1 Aloha Tower Dr, Honolulu, HI 96813, USA", "hackathon-url": "https://hacc.devpost.com/", "hackathon-judging-criteria": [{"judging-criterion": "Includes creativity and uniqueness of the idea; point maximum for this category is 15."}, {"judging-criterion": "Includes the extent to which the solution or application is polished and visually appealing; point maximum for this category is 15."}, {"judging-criterion": "Includes using appropriate technology currently in use or being considered for use by the State. Department Challenge Sponsors\u2019 assessment of the solutions for their challenge(s) will be considered in scoring; point maximum for this category is 15."}, {"judging-criterion": "Includes the uniqueness of the integration and the extent to which the application impacts users or new users. 5 points are automatically awarded for a functioning prototype; point maximum for this category is 15."}, {"judging-criterion": "Includes ability for team to collaborate with State of Hawai\u02bbi Challenge Sponsor. During pre-screening Department Challenge Sponsors will confirm the level of collaboration with the participating code challenge team; point maximum for this category is 15."}, {"judging-criterion": "Includes the use of various media in the final presentation and a well-executed and engaging delivery within prescribed time limit; point maximum for this category is 15."}, {"judging-criterion": "Points will be awarded to the top 5 teams chosen by the audience; point maximum for this category is 10. The point breakdown is 10/8/6/4/2 points for 1st/2nd/3rd/4th/5th place respectively(This criteria is not applicable during pre-screening)"}], "hackathon-location-address": "1 Aloha Tower Dr, Honolulu, HI 96813, USA", "hackathon-description-header": "The State of Hawaii engages with the tech community to help improve government.", "hackathon-prizes-total": "$13,800", "hackathon-location-description": "Aloha Tower Marketplace, Multipurpose Room 3", "hackathon-end-date": "2016-09-20", "has-projects": "True"}