{"hackathon-description-text": "\nTerribleHack is back again for the third time!", "hackathon-number-of-prizes": "5", "hackathon-id": "terriblehackw16", "hackathon-judges": [{"judge-role": "", "judge-name": "Tom Taubkin"}, {"judge-role": "", "judge-name": "John Gwon"}, {"judge-role": "", "judge-name": "Victoria Li"}, {"judge-role": "", "judge-name": "Ahad Shoaib"}, {"judge-role": "", "judge-name": "Utkarsh Lamba"}], "hackathon-number-of-judges": "5", "hackathon-eligibility": "", "hackathon-number-of-participants": "54", "hackathon-is-colocated": "True", "hackathon-has-ended": "False", "hackathon-number-of-judging-criteria": "5", "hackathon-requirements": "", "hackathon-rules": "\n1. Your hack must be terrible.\n2. Do not break any rules/laws set by the University of Waterloo or Canada.\n3. Clean up after yourself\n4. Do not make a hack that discriminates or involves hate speech.", "hackathon-prizes": [{"prize-content": "", "prize-title": "Best Meme"}, {"prize-content": "", "prize-title": "Technically Horrible"}, {"prize-content": "", "prize-title": "Most Useless"}, {"prize-content": "", "prize-title": "People's Choice"}, {"prize-content": "", "prize-title": "Worst Deign"}], "hackathon-location-google-maps": "", "hackathon-url": "https://terriblehackw16.devpost.com/", "hackathon-judging-criteria": [{"judging-criterion": ""}, {"judging-criterion": ""}, {"judging-criterion": ""}, {"judging-criterion": ""}, {"judging-criterion": ""}], "hackathon-location-address": "", "hackathon-description-header": "TerribleHack III is a hackathon focused around shitty ideas.", "hackathon-prizes-total": "0", "hackathon-location-description": "University of Waterloo - Mathematics 3", "hackathon-end-date": "", "has-projects": "False"}