{"hackathon-description-text": "\nOur cities of the future should be epicentres of creativity, innovation, sustainability - where people will thrive. But only if we get things right. On a planet that will soon need to support up to nine billion people, our cities also consume the most resources, produce the most waste, use the most energy. Added to this, we are witnessing the troubling rise of social and economic inequality. To enable a positive future for our cities, we need to start now by collectively building the new products, services, platforms and business models to achieve this vision.", "hackathon-number-of-prizes": "5", "hackathon-id": "futurecitieshack", "hackathon-judges": [{"judge-role": "Director of Partner Projects, Schneider Electric", "judge-name": "Farokh Ghadially"}, {"judge-role": "Strategic Initiatives Lead, ConsenSys", "judge-name": "Claudio Lisco"}, {"judge-role": "Director, NAB", "judge-name": "Lisa Wade"}, {"judge-role": "University of Technology Sydney", "judge-name": "Rodger Watson"}, {"judge-role": "University of Technology Sydney", "judge-name": "Claire Marshall"}, {"judge-role": "CEO, WWF Australia", "judge-name": "Dermot O\u2019Gorman"}], "hackathon-number-of-judges": "6", "hackathon-eligibility": "\nYou must be registered as a participant through WWF.\u00a0", "hackathon-number-of-participants": "92", "hackathon-is-colocated": "True", "hackathon-has-ended": "False", "hackathon-number-of-judging-criteria": "3", "hackathon-requirements": "\n1. Must create a project page by 2pm on Thursday November 23, 2017\n2. Must fill out all required fields by 10am on Friday November 24, 2017\n3. Must have the a link to your code and 3 minute video uploaded onto DevPost by 1pm on Friday November 24, 2017", "hackathon-rules": "\nWe abide by the Code of Conduct:\u00a0https://hackcodeofconduct.org/\nYou own what you build #opensource\nYou must be present at the Hackathon on November 23 and 24, 2017", "hackathon-prizes": [{"prize-content": "Finalists will be invited on stage to pitch for $2,000", "prize-title": "\"Reduced Footprint\" Finalists"}, {"prize-content": "Finalists will be invited on stage to pitch for $2,000", "prize-title": "\"Civic Empowerment\" Finalists"}, {"prize-content": "Finalists will be invited on stage to pitch for $2,000", "prize-title": "\"Sustainable Products\" Finalists"}, {"prize-content": "Finalists will be invited on stage to pitch for $2,000", "prize-title": "\"Liveable cities\" Finalists"}, {"prize-content": "Build an innovative decentralized solution to any of the four problem statements that takes advantage of the Ethereum blockchain and one of ConsenSys' tools highlighted in the \"starter kit\", such as MetaMask or uPort!", "prize-title": "Blockchain Finalists"}], "hackathon-location-google-maps": "https://maps.google.com/?q=622/632 Harris St, Ultimo NSW 2007, Australia", "hackathon-url": "https://futurecitieshack.devpost.com/", "hackathon-judging-criteria": [{"judging-criterion": "Does it have an environmental and social impact?\nHas it focused on the Sustainability Development Goals?\nAre they solving a problem? \nWhat makes them different or ahead of others? \nWill their business model work? \nCan we continue to support this project?"}, {"judging-criterion": "Have they identified who their user/s are? \nHow well have they understood the persona/s? \nIs the solution user friendly? \nHow easy is it to navigate the features and do they have clear benefits?\nIs it unique and interesting?"}, {"judging-criterion": "What languages/platforms have been used? \nHow clean is the code? \nDoes the solution work?\nHas it been tested with the user?"}], "hackathon-location-address": "622/632 Harris St, Ultimo NSW 2007, Australia", "hackathon-description-header": "Shape our cities, shape our future", "hackathon-prizes-total": "0", "hackathon-location-description": "Level 3, Building 15, University of Technology, Mary Ann St. Ultimo", "hackathon-end-date": "", "has-projects": "False"}