{"hackathon-description-text": "\nOur mission at Numenta is to lead a new era of machine intelligence. Our technology, Hierarchical Temporal Memory (HTM), is a detailed computational framework based on principles of the brain along with an extensive suite of software operating on HTM principles. Our HTM learning algorithms are available through the", "hackathon-number-of-prizes": "4", "hackathon-id": "htmchallenge", "hackathon-judges": [{"judge-role": "Co-Founder, Numenta, Inc.", "judge-name": "Jeff Hawkins"}, {"judge-role": "Senior Software Engineer, Numenta", "judge-name": "Marion LeBorgne"}, {"judge-role": "Independent HTM Consultant / NuPIC Community Member", "judge-name": "Fergal Byrne"}, {"judge-role": "User Experience Designer / NuPIC Community Member", "judge-name": "Jeff Fohl"}, {"judge-role": "VP Research, Numenta, Inc.", "judge-name": "Subutai Ahmad"}, {"judge-role": "Board Member, Numenta, Inc.", "judge-name": "Harry Saal"}, {"judge-role": "Member of the original Macintosh team", "judge-name": "Bill Atkinson"}, {"judge-role": "Research Scientist, Xerox PARC", "judge-name": "Eric Saund"}], "hackathon-number-of-judges": "8", "hackathon-eligibility": "", "hackathon-number-of-participants": "89", "hackathon-is-colocated": "False", "hackathon-has-ended": "True", "hackathon-number-of-judging-criteria": "5", "hackathon-requirements": "\nA complete submission includes the following:", "hackathon-rules": "\nNO PURCHASE OR PAYMENT NECESSARY. A PURCHASE OR PAYMENT OF ANY KIND WILL NOT INCREASE YOUR CHANCES OF WINNING.\nChallenge Name: HTM Challenge (the \u201cChallenge\u201d)\nDevPost Website: http://htmchallenge.devpost.com (the \u201cDevPost Website\u201d)\nPoster (the \u201cPoster\u201d): Numenta, Inc., 791 Middlefield Rd, Redwood City, CA 94063\nThe Challenge is an initiative of Numenta, Inc. (Poster). The Poster is the sponsor and entity responsible for the Challenge and is contributing the funding.\nAdministrator (the \u201cAdministrator\u201d):\u00a0Numenta, Inc., 791 Middlefield Rd, Redwood City, CA 94063\nThe Challenge IS NOT open to:\n* The members of an individual\u2019s immediate family include the individual\u2019s spouse, children and stepchildren, parents and stepparents, and siblings and stepsiblings. The members of an individual\u2019s household include any other person that shares the same residence as the individual for at least three (3) months out of the year.\n** Agents include individuals or organizations that in creating a Submission to the Challenge, are acting on behalf of, and at the direction of, a Promotion Entity through a contractual or similar relationship.\n***An affiliate is: (a) an organization that is under common control, sharing a common majority or controlling owner, or common management; or (b) an organization that has a substantial ownership in, or is substantially owned by the other organization.\nMakers must do the following to participate in the Challenge:\nAll Submission materials must be in English or, if not in English, the Maker must provide an English translation of the demonstration video, text description, and testing instructions as well as all other materials submitted.\nMakers must create (or have created) a working software application that utilizes Hierarchical Temporal Memory (HTM)* as a key construct of its functionality. Submissions should NOT be implementations of HTM, but rather applications of HTM. The underlying HTM must be open source and advertised openly as an implementation of HTM (as defined by Numenta, Inc. on http://numenta.com).\nThe Application must be capable of being successfully installed and running consistently on the platform for which it is intended, and must function as depicted in the video and/or expressed in the text description.\nApplications must be either newly created by the Maker or, if the Application existed prior to the Challenge Submission Period, the Maker must have added new features and functionality after the start of the Challenge Submission Period. Submitted Applications must be substantially different from any version of the Application that existed prior to the start of the Challenge Submission Period.\nA Maker may submit more than one Submission, however, each Submission must be unique, as determined by the Poster and/or Administrator.\nApplications may integrate SDKs, APIs and data, provided the Maker is authorized to use them.\nYour Submission must: (a) be your (or your team or Organization\u2019s) original work product; (b) be solely owned by you, your team, or your Organization with no other person or entity having any right or interest in it; and (c) not violate the intellectual property rights or other rights including but not limited to copyright, trademark, patent, contract, and/or privacy rights, of any other person or entity. A Maker may contract with a third party for technical assistance to create the Submission provided the Submission components are solely the Maker\u2019s work product and the result of the Maker\u2019s ideas and creativity, and the Maker owns all rights to them. A Maker may submit a Submission that includes the use of open source software or hardware, provided the Maker complies with applicable open source licenses and, as part of the Submission, creates software that enhances and builds upon the features and functionality included in the underlying open source product. By entering the Challenge you represent, warrant, and agree that your Submission meets these requirements.\nAn Application must not have been developed, or derived from an Application developed, with financial or preferential support from the Poster or a Promotion Entity. Such Applications include, but are not limited to, those that received funding or investment for their development, were developed under contract, or received a commercial license, from the Poster or a Promotion Entity any time prior to the end of Challenge Submission Period. The Poster, at their sole discretion, may disqualify an Application, if awarding a prize to the Application would create a real or apparent conflict of interest.\n(i) Text Description: The text description should explain the features and functionality of your Application.\n(ii) Images: The image(s) should be photographs or screenshots of your working Application.\n(iii) Video: The video portion of the Submission:\na. should be less than three (3) minutes;\nb. must include footage that clearly explains the Application\u2019s features and functionality through a comprehensive demonstration;\nc. must be uploaded to YouTube and a link to the video must be provided on the submission form on the DevPost Website; and\nd. must not include third party trademarks, or copyrighted music or other material unless the Maker has permission to use such material.\nSubject to the licenses described below, any applicable intellectual property rights to a Submission will remain with the Maker.\n \n By entering the Challenge, you grant to the Poster, Administrator, and any other third parties acting on the Poster\u2019s behalf, a royalty-free, non-exclusive, worldwide perpetual license to display publicly and use for promotional purposes the Submission, in perpetuity. This license includes, but is not limited to, posting or linking to the Submission on Poster\u2019s, Administrator\u2019s, and partners\u2019 websites and applications, including the DevPost Website, and display and promotion of the Submission in any other media, worldwide.\n \n The following Submission components may be displayed to the public: name, description, images, video URL, website, URL, team members, the Submission category and platform, and submitter type. Other Submission materials may be viewed by the Poster, Administrator, and Judges for screening and evaluation.\n \nD. Makers represent and warrant that the Poster, Administrator, and Challenge partners are free to use Makers\u2019 Submission in the manner described above, as provided or as modified by Administrator, without obtaining permission or license from any third party and without any compensation to Makers.\nEligible Submissions will be evaluated by a panel of judges selected by the Poster (the \u201cJudges\u201d). Judges may be employees of the Poster or external, may or may not be listed individually on the DevPost Website, and may change before or during the Judging Period. Judging may take place in one or more rounds with one or more panels of Judges, at the discretion of the Poster.\nThe Judges will score eligible Submissions using the criteria (the \u201cJudging Criteria\u201d) defined on the DevPost Website at\u00a0http://htmchallenge.devpost.com/.\nThe Judging Criteria above may not apply to every Prize. See the DevPost Website for the Judging Criteria that apply for each Prize. The Maker(s) that are eligible for a Prize, and whose Submissions earn the highest overall scores based on the applicable Judging Criteria, will become potential winners of that Prize. Judges will deliberate after scoring to decide on winners. Winning submissions may not align with scoring, and are at the sole discretion of the judging panel.\nJUDGES are not required to test the Application and may choose to judge based solely on the text description, IMAGES and video provided in the Submission.\nTHE AWARD OF A PRIZE TO A POTENTIAL WINNER IS SUBJECT TO VERIFICATION OF THE IDENTITY, QUALIFICATIONS AND ROLE OF THE POTENTIAL WINNER IN THE CREATION OF THE SUBMISSION. The final decision to designate a winner shall be made by the Poster and/or Administrator.\nPotential winners will be notified using the email address associated with the DevPost account used to enter the Submission (the submitter is the \u201cRepresentative\u201d in the case of a team, Organization, or Large Organization). In order to receive a Prize, the potential winner (including all participating team members in the case of a team or Organization) will be required to sign and return to the Poster or Administrator, affidavit(s) of eligibility (or a similar verification document) and liability/publicity release(s), and any applicable tax forms (\u201cRequired Forms\u201d).\nDeadline for Returning Required Forms: ten (10) business days after the Required Forms are sent.\nThe Poster may deem a potential winner (or participating team members) ineligible to win if:\n(i) the potential winner\u2019s Representative or any participating member does not respond to multiple emails or fails to sign and return the Required Forms by the deadline listed above, or responds and rejects the Prize;\n(ii) the Prize or Prize notification is returned as undeliverable; or\n(iii) the Submission or the potential winner, or any member of a potential winner\u2019s team, Organization, or Large Organization, is disqualified for any other reason.\nIn the event of a disqualification, the Poster may award the applicable Prize to an alternate potential winner.\nThe Poster has the right to make a Prize substitution of equivalent or greater value. The Poster will not award a Prize if there are no eligible Submissions entered in the Challenge, or if there are no eligible Makers or Submissions for a specific Prize.\nThe Poster reserves the right to add more prizes of a topical nature if many submissions are received for the Challenge.\nA monetary Prize will be mailed to the winning Maker\u2019s address (if an individual) or the Representative\u2019s address (if a team or Organization) after receipt of the Required Forms. Prizes will be payable to the Maker, if an individual, to the Maker\u2019s Representative, if a team, or to the Organization, if the Maker is an Organization. It will be the responsibility of the winning Maker\u2019s Representative to allocate the Prize among their team or Organization\u2019s participating members, as the Representative deems appropriate.\nWithin 45 days of the Poster or Administrator\u2019s receipt of the Required Forms\nWinners (and in the case of team or Organization, all participating members) are responsible for reporting and paying all applicable taxes in their jurisdiction of residence (federal, state/provincial/territorial and local). Winners may be required to provide certain information to facilitate receipt of the award, including completing and submitting any tax or other forms necessary for compliance with applicable withholding and reporting requirements. United States residents are required to provide a completed form W-9 and residents of other countries are required to provide a completed W-8BEN form. Winners are also responsible for complying with foreign exchange and banking regulations in their respective jurisdictions and reporting the receipt of the Prize to relevant government departments/agencies, if necessary. The Poster and/or Prize provider reserve the right to withhold a portion of the prize amount to comply with the tax laws of the United States or other Poster jurisdiction, or those of a winner\u2019s jurisdiction.\nA. By entering the Challenge, you (and, if you are entering on behalf of a team or Organization, each participating members) agree(s) to the following:\n(i) The relationship between you, the Maker, and the Poster and Administrator is not a confidential, fiduciary, or other special relationship.\n(ii) You will be bound by and comply with these Official Rules and the decisions of the Poster, Administrator, and/or the Challenge Judges which are binding and final in all matters relating to the Challenge.\n(iii) You release, indemnify, defend and hold harmless the Poster, Administrator, Promotion Entities, and their respective parent, subsidiary, and affiliated companies, the Prize suppliers and any other organizations responsible for sponsoring, fulfilling, administering, advertising or promoting the Challenge, and all of their respective past and present officers, directors, employees, agents and representatives (hereafter the \u201cReleased Parties\u201d) from and against any and all claims, expenses, and liabilities (including reasonable attorneys\u2019 fees), including but not limited to negligence and damages of any kind to persons and property, defamation, slander, libel, violation of right of publicity, infringement of trademark, copyright or other intellectual property rights, property damage, or death or personal injury arising out of or relating to a Maker\u2019s entry, creation of Submission or entry of a Submission, participation in the Challenge, acceptance or use or misuse of the Prize (including any travel or activity related thereto) and/or the broadcast, transmission, performance, exploitation or use of the Submission as authorized or licensed by these Official Rules.\nB. Without limiting the foregoing, the Released Parties shall have no liability in connection with:\n(i) any incorrect or inaccurate information, whether caused by the Poster or Administrator\u2019s electronic or printing error, or by any of the equipment or programming associated with or utilized in the Challenge;\n(ii) technical failures of any kind, including, but not limited to malfunctions, interruptions, or disconnections in phone lines, internet connectivity or electronic transmission errors, or network hardware or software or failure of the DevPost Website;\n(iii) unauthorized human intervention in any part of the entry process or the Challenge;\n(iv) technical or human error which may occur in the administration of the Challenge or the processing of Submissions; or\n(v) any injury or damage to persons or property which may be caused, directly or indirectly, in whole or in part, from the Maker\u2019s participation in the Challenge or receipt or use or misuse of any Prize.\nThe Released Parties are not responsible for incomplete, late, misdirected, damaged, lost, illegible, or incomprehensible Submissions or for address or email address changes of the Makers. Proof of sending or submitting will not be deemed to be proof of receipt by the Poster or Administrator.\nIf for any reason any Maker\u2019s Submission is determined to have not been received or been erroneously deleted, lost, or otherwise destroyed or corrupted, the Maker\u2019s sole remedy is to request the opportunity to resubmit its Submission. Such request must be made promptly after the Maker knows or should have known there was a problem, and will be determined at the sole discretion of the Poster.\nBy participating in the Challenge you consent to the use of personal information about you, if you are a winner, by the Poster, Administrator, and third parties acting on their behalf. Such personal information includes, but is not limited to, your name, likeness, photograph, voice, opinions, comments and hometown and country of residence. It may be used in any existing or newly created media, worldwide without further payment or consideration or right of review, unless prohibited by law. Authorized use includes advertising and promotional purposes.\nThe duration of your consent is for a period of three years following the conclusion of the Challenge. This consent applies, as applicable, to all members a Maker\u2019s team or Organization that participated in the winning Submission.\nA. Poster and Administrator reserve the right, in their sole discretion, to cancel, suspend and/or modify the Challenge, or any part of it, in the event of a technical failure, fraud, or any other factor or event that was not anticipated or is not within their control.\nB. Poster and Administrator reserve the right in their sole discretion to disqualify any individual or Maker it finds to be actually or presenting the appearance of tampering with the entry process or the operation of the Challenge or to be acting in violation of these Official Rules or in a manner that is inappropriate, unsportsmanlike, not in the best interests of this Challenge, or a violation of any applicable law or regulation.\nC. Any attempt by any person to undermine the proper conduct of the Challenge may be a violation of criminal and civil law. Should Poster or Administrator suspect that such an attempt has been made or is threatened, they reserve the right to take appropriate action including but not limited to requiring a Maker to cooperate with an investigation and referral to criminal and civil law enforcement authorities.\nD. If there is any discrepancy or inconsistency between the terms and conditions of the Official Rules and disclosures or other statements contained in any Challenge materials, including but not limited to the Challenge Submission form, DevPost Website, advertising (including but not limited to television, print, radio or online ads), the terms and conditions of the Official Rules shall prevail.\nE. The terms and conditions of the Official Rules are subject to change at any time, including the rights or obligations of the Maker, the Poster and the Administrator. The Poster and Administrator will post the terms and conditions of the amended Official Rules on the DevPost Website. To the fullest extent permitted by law, any amendment will become effective at the time specified in the posting of the amended Official Rules or, if no time is specified, the time of posting.\nF. If at any time prior to the deadline, a Maker or prospective Maker believes that any Official Rule is or may be unclear or ambiguous, they must submit a written request for clarification.\nG. The Poster or Administrator\u2019s failure to enforce any term of these Official Rules shall not constitute a waiver of that provision. Should any provision of these Official Rules be or become illegal or unenforceable in any jurisdiction whose laws or regulations may apply to a Maker, such illegality or unenforceability shall leave the remainder of these Official Rules, including the Rule affected, to the fullest extent permitted by law, unaffected and valid. The illegal or unenforceable provision shall be replaced by a valid and enforceable provision that comes closest and best reflects the Poster\u2019s intention in a legal and enforceable manner with respect to the invalid or unenforceable provision.\nH. Excluding Submissions, all intellectual property related to this Challenge, including but not limited to copyrighted material, trademarks, trade-names, logos, designs, promotional materials, web pages, source codes, drawings, illustrations, slogans and representations are owned or used under license by the Poster and/or Administrator. All rights are reserved. Unauthorized copying or use of any copyrighted material or intellectual property without the express written consent of its owners is strictly prohibited. Any use in a Submission of Poster or Administrator intellectual property shall be solely to the extent provided for in these Official Rules.\nBy entering, all Makers (including, in the case of a team or Organization, all participating members) agree to be bound by the Official Rules and hereby release the Released Parties from any and all liability in connection with the Prizes or Maker\u2019s participation in the Challenge. Provided, however, that any liability limitation regarding gross negligence or intentional acts, or events of death or body injury shall not be applicable in jurisdictions where such limitation is not legal.\nA. Makers agree that, to the fullest extent permitted by law:\n(i) any and all disputes, claims and causes of action arising out of or connected with this Challenge, or any Prizes awarded, other than those concerning the administration of the Challenge or the determination of winners, shall be resolved individually, without resort to any form of class action;\n(ii) any and all disputes, claims and causes of action arising out of or connected with this Challenge or any Prizes awarded, shall be resolved exclusively by the United States District Court of California or the appropriateCalifornia State Court and Makers consent to the exclusive jurisdiction and venue of such courts; and\n(iii) under no circumstances will Makers be entitled to, and Makers hereby waives all rights to claim, any punitive, incidental and consequential damages and any and all rights to have damages multiplied or otherwise increased.\nSOME JURISDICTIONS DO NOT ALLOW THE LIMITATIONS OR EXCLUSION OF LIABILITY FOR INCIDENTAL OR CONSEQUENTIAL DAMAGES, SO THE ABOVE MAY NOT APPLY TO YOU.\nB. All issues and questions concerning the construction, validity, interpretation and enforceability of these Official Rules, or the rights and obligations of the Makers and the Poster in connection with the Challenge, shall be governed by, and construed in accordance with, the laws of the State of California, without giving effect to any choice of law or conflict of law rules (whether of the State of California or any other jurisdiction), which would cause the application of the laws of any jurisdiction other than the State ofCalifornia.\nPlease review the DevPost Terms of Service at http://challengepost.com/terms for additional rules that apply to your participation in the Challenge and more generally your use of the DevPost Website. Such Terms of Service are incorporated by reference into these Official Rules. If there is a conflict between the Terms of Service and these Official Rules, the latter terms shall control with respect to this Challenge only.\nParticipation in the Challenge constitutes Maker\u2019s full and unconditional agreement to these Official Rules. By entering, a Maker agrees that all decisions related to the Challenge that are made pursuant to these Official Rules are final and binding, and that all such decisions are at the sole discretion of the Poster.\nThe Administrator collects personal information from you when you enter the Challenge. The information collected is subject to the privacy policy located here: http://DevPost.com/privacy.\nIf you have any questions or comment, or wish to send us any notice regarding this Challenge, please email us at help@numenta.org.", "hackathon-prizes": [{"prize-content": "$3,000 cash.", "prize-title": "Best Overall"}, {"prize-content": "$2,000 cash.", "prize-title": "1st Runner Up"}, {"prize-content": "$1,000 cash.", "prize-title": "2nd Runner Up"}, {"prize-content": "", "prize-title": "Innovation Prize: Muse &amp; SmartThings kit"}], "hackathon-location-google-maps": "", "hackathon-url": "https://htmchallenge.devpost.com/", "hackathon-judging-criteria": [{"judging-criterion": "Is the application something that adds practical value? Would it appeal to a wide audience of users? Would it be easy to work the application into other workflows?"}, {"judging-criterion": "Does the application provide functionality that is useful for users? Could the application (or a more mature version of the application) fill a real-world need in a production setting? Is there a desire for the functionality the application provides?"}, {"judging-criterion": "Does the application use streaming temporal data source(s) efficiently? Is the data open to the public or easily accessible through an API? Does the application extract value from the data source?"}, {"judging-criterion": "Does the application provide a good experience for the end user? Is there a graphical user interface that makes it approachable and easy to operate? Would you be able to use the application after watching the demo?"}, {"judging-criterion": "Does the application solve an important problem? Would widespread usage of the application disrupt its target domain?"}], "hackathon-location-address": "", "hackathon-description-header": "Create real world applications with Hierarchical Temporal Memory", "hackathon-prizes-total": "$6,500", "hackathon-location-description": "", "hackathon-end-date": "2015-10-27", "has-projects": "True"}