{"hackathon-description-text": "\nApp4Mi \u00e8 un concorso promosso \u00a0dal Comune di Milano aperto a cittadini maggiorenni e alle microimprese \u00a0per incentivare lo sviluppo di strumenti innovativi basati sull\u2019utilizzo di dati pubblici (open data \u2013 diffusi dal Comune attraverso il portale tematico", "hackathon-number-of-prizes": "10", "hackathon-id": "app4mi", "hackathon-judges": [{"judge-role": "Dir. Centr. Sistemi Informativi & Agenda Digitale / Comune di Milano", "judge-name": "Guido Albertini"}, {"judge-role": "Responsabile Formazione / Intesa SanPaolo", "judge-name": "Roberto Battaglia"}, {"judge-role": "Direttore Scientifico  DensityDesign Lab / Politecnico Milano", "judge-name": "Paolo Ciuccarelli"}, {"judge-role": "Managing Director - IGEM Mobility Services Lead / Accenture", "judge-name": "Fabio Fantauzzi"}, {"judge-role": "Founder & Chairman / Digital Magics", "judge-name": "Enrico Gasperini"}, {"judge-role": "Prof. di Business Strategy ed e-Business, delegato del Rettore per il PoliHub / Politecnico di Milano", "judge-name": "Andrea Rangone"}, {"judge-role": "Chief Digital Officer / RCS MediaGroup", "judge-name": "Alceo Rapagna"}, {"judge-role": "Presidente Assintel", "judge-name": "Giorgio Rapari"}, {"judge-role": "Head of Innovation & New Products / Vodafone", "judge-name": "Vincenzo Scarlato"}], "hackathon-number-of-judges": "9", "hackathon-eligibility": "\nPossono partecipare alla competizione individui maggiorenni o microimprese. La partecipazione \u00e8 preclusa ai dipendenti del Comune di Milano, di RCS MediaGroup S.p.A., di Digital Magics, degli Sponsor della competizione e a tutti i loro parenti di primo grado.", "hackathon-number-of-participants": "237", "hackathon-is-colocated": "False", "hackathon-has-ended": "True", "hackathon-number-of-judging-criteria": "6", "hackathon-requirements": "\nLe applicazioni dovranno essere:\nInoltre, i concorrenti, al momento dell\u2019invio della app dovranno fornire:", "hackathon-rules": "\nApp4Mi \u00e8 un concorso promosso \u00a0dal Comune di Milano (di seguito Promotore) aperto a cittadini maggiorenni e alle microimprese \u00a0per incentivare lo sviluppo di strumenti innovativi basati sull\u2019utilizzo di dati pubblici (open data \u2013 diffusi dal Comune attraverso il portale tematico \n), capaci di portare alla luce il valore del patrimonio informativo pubblico.\nLo scopo del concorso \u00e8 di attribuire un riconoscimento a persone e piccole aziende che intendano sviluppare soluzioni innovative basate sugli Opendata del Comune di Milano.\n\u00a0In questo senso l\u2019obiettivo di App4Mi Contest \u00e8 duplice:\n1. Stimolare lo sviluppo di applicazioni che facilitino l\u2019accesso al patrimonio informativo pubblico del Comune di Milano accrescendone la trasparenza e aumentando al contempo il numero e il livello dei servizi digitali ai cittadini.\n2. Incentivare la creazione di nuove opportunit\u00e0 economiche nel campo dell\u2019innovazione tecnologica.\n1. Possono partecipare ad App4Mi Contest (di seguito anche menzionato \u201cconcorso\u201d) le persone fisiche maggiorenni, \u00a0le microimprese.\n2. La partecipazione \u00e8 preclusa ai dipendenti del Comune di Milano, di RCS MediaGroup S.p.A., di Digital Magics, degli Sponsor della competizione e a tutti i loro parenti di primo grado.\nIl concorso si svolge tramite la piattaforma internazionale ChallengePost che conta una comunit\u00e0 di oltre 200.000 sviluppatori a livello internazionale.\u00a0\nPer poter partecipare al concorso \u00e8 necessario iscriversi alla piattaforma ChallengePost. I dati verranno pertanto raccolti direttamente dalla societ\u00e0 ChallengePost che assume in tal caso la qualit\u00e0 di Titolare del trattamento dei dati personali e li gestisce secondo le policy privacy pubblicate sul sito \n. Il Comune di Milano come Promotore si far\u00e0 carico di trattare esclusivamente i dati dei vincitori con la sola finalit\u00e0 di assegnare agli stessi il relativo premio e solo per questi dati assumer\u00e0 la qualit\u00e0 di titolare del trattamento, nei termini\u00a0 descritti nel successivo paragrafo tutela dei dati.\nIl concorso \u00e8 aperto dalle ore 09.00 C.E.T. del\u00a0 08.05.2013 alle ore 6.00 pm C.E.T. del 1.09.2013.\nI concorrenti dovranno sviluppare applicazioni che consentano l\u2019aggregazione e la rielaborazione per scopi specifici dei dataset messi a disposizione dal Comune di Milano sul portale \n. Potranno essere utilizzati anche dati di terzi, ma dovranno essere accessibili al pubblico e divulgabili e comunque non prevalenti rispetto ai dati del Comune di Milano.\nLa proposta dovr\u00e0 essere corredata da documentazione che ne illustri le specifiche funzionali. Il pacchetto da inviare, che potr\u00e0 essere in lingua italiana o inglese, dovr\u00e0 essere composto da:\nL\u2019invio delle proposte deve essere effettuato attraverso l\u2019apposita sezione del sito.\n\u00a0Le applicazioni partecipanti dovranno presentare le seguenti caratteristiche\nPartecipando alla competizione il concorrente accetta che il Promotore non possa essere considerato responsabile per qualunque perdita, danneggiamento o costo di qualunque natura sostenuto dal concorrente.\nIl Promotore escluder\u00e0 proposte, idee e applicazioni il cui contenuto violi diritti di propriet\u00e0 intellettuale di terzi, sia contrario a norme di legge, ordine pubblico o buon costume, sia veicolo di propaganda di natura politica, sindacale e/o religiosa e di dubbia moralit\u00e0 e sia veicolo di messaggi offensivi, incluse le espressioni di fanatismo, razzismo, odio o minaccia o comunque lesive della dignit\u00e0 umana.\nResta inteso che i Vincitori si impegnano a garantire e manlevare il Comune di Milano da ogni molestia, impedimento, pretesa o contestazione a qualunque titolo da parte di terzi che possano sorgere in merito all\u2019utilizzo e allo sfruttamento delle Applicazioni ed a tenere indenne il Comune di Milano da tutti i costi e/o danni diretti o indiretti che possano derivare da eventuali turbative e/o pretese da parte di terzi.\nIl Promotore si riserva il diritto discrezionale di cancellare o sospendere la competizione e la distribuzione dei premi nel caso fattori esogeni e fuori dal proprio controllo ne causino l\u2019interruzione tecnica e operativa. Il presente regolamento \u00e8 sottoposto alla legge italiana.\nLa partecipazione alla competizione e l\u2019invio delle proposte implicano l\u2019accettazione integrale del presente regolamento.\nAll\u2019atto dell\u2019invio della proposta il concorrente concede al Comune di Milano il diritto perpetuo, non trasferibile, non esclusivo, nel rispetto della normativa in materia di diritto i d\u2019autore, di: (1) riprodurre il contenuto della proposta, (2) generare contenuti derivati dalla proposta; (3) divulgare in ogni forma, anche pubblica, i contenuti originali della proposta e quelli derivati a partire dall\u2019elaborazione effettuata dal Promotore.\nLe applicazioni vincitrici, nella versione rilasciata per la partecipazione al concorso, saranno soggette ad un diritto d\u2019uso perpetuo da parte del Comune di Milano.\nCi\u00f2 non preclude la possibilit\u00e0 per i vincitori di utilizzare anche per scopi commerciali la medesima versione dell\u2019Applicazione.\nLe proposte ricevute saranno esaminate da una giuria di esperti qualificati, il cui giudizio \u00e8 da ritenersi insindacabile. La suddetta giuria sar\u00e0 composta da max 15 membri.\nIl Promotore \u00a0si riserva il diritto di sostituire o modificare la giuria in qualsiasi momento, per qualsiasi motivo .\nAlle proposte ricevute e ritenute ammissibili, la giuria attribuir\u00e0 un punteggio massimo di 30 punti, ottenuti dall\u2019attribuzione di un voto da 1 a 5 per ognuno dei sei criteri di seguito indicati:\nTabella riassuntiva premi in denaro espressi al lordo delle ritenute di legge applicabili.\n\u00a0\nIl premio giuria popolare verr\u00e0 attribuito in base ai voti ricevuti su sito \n, previa verifica dei requisiti previsti dal seguente regolamento; \u00e8 espressamente vietato utilizzare sistemi elettronici per votare le app. Qualora il Promotore o la piattaforma ChallengePost riscontrassero irregolarit\u00e0 nel voto di questa particolare categoria, si riservano la possibilit\u00e0 di attribuire il premio utilizzando metodi alternativi.\nIl Comune di Milano e gli Sponsor avranno la facolt\u00e0 di istituire premi speciali la cui natura ed i criteri di assegnazione verranno pubblicati durante lo svolgimento del concorso sul portale di App4Mi.\nTutti i vincitori della competizione saranno oggetto di verifica da parte Promotore, le cui decisioni sono definitive e vincolanti per tutte le questioni relative alla competizione. I potenziali vincitori devono operare nel continuo rispetto di tutti i termini e le condizioni del presente regolamento.\nI vincitori saranno contattati da ChallengePost entro 5 giorni dal termine dei lavori della giuria. I vincitori dovranno inviare secondo le modalit\u00e0 indicate i dati, i documenti e le dichiarazioni, obbligatorie e facoltative, \u00a0entro 5 \u00a0giorni lavorativi.\nSe un potenziale vincitore di un premio non pu\u00f2 essere contattato, o non restituisca la dichiarazione di idoneit\u00e0 e responsabilit\u00e0 entro il periodo di tempo richiesto, o se il premio o la notifica dell\u2019assegnazione sono stati restituiti al mittente, il potenziale vincitore perde il premio. Nel caso in cui un potenziale vincitore di un premio venga squalificato per qualsiasi ragione, il premio potr\u00e0 essere assegnato al concorrente che nella apposita graduatoria di punteggio segue il vincitore squalificato.\nIn nessun caso i concorrenti potranno avanzare pretese nei confronti del Promotore in relazione alla partecipazione al presente concorso e all\u2019eventuale mancata selezione della proposta presentata.\nAi sensi dell\u2019art. 4 \u2013 comma 1 lett. f) - del D.Lgs. 196 2003 \u201c Codice in materia di protezione dei dati personali\u201d, il Titolare del Trattamento \u00e8 la persona fisica, la persona giuridica, la pubblica amministrazione e qualsiasi altro ente, associazione e organismo cui competono, anche unitamente ad altro titolare, le decisioni in ordine alle finalit\u00e0, alle modalit\u00e0 del trattamento di dati personali e agli strumenti utilizzati, ivi compreso il profilo della sicurezza.\nNell\u2019ambito del concorso App4Mi Contest, come indicato nel punto 1 del Paragrafo \u201cChi pu\u00f2 partecipare ad App4mi Contest\u201d, assumono ai sensi dell\u2019art. 28 del \u201cCodice\u201d, la qualit\u00e0 di Titolari del Trattamento dei dati personali Challenge Post e il Comune di Milano con autonomi poteri decisionali nell\u2019esercizio delle distinte funzioni e delle rispettive competenze ed attivit\u00e0.\nChallengePost gestisce con autonomi poteri decisionali la piattaforma informatica nei termini e secondo le condizioni di utilizzo indicati nella policy privacy presente sul sito \n.\nIl trattamento dei dati personali forniti in sede di iscrizione alla piattaforma informatica anche ai fini della partecipazione al concorso \u201cApp4Mi\u201d o comunque acquisiti per le stesse finalit\u00e0, sar\u00e0 pertanto effettuato dalla Societ\u00e0 ChallengePost, Inc. quale Titolare autonomo del trattamento dei dati personali.\nL\u2019iscrizione alla piattaforma di ChallengePost consente di partecipare al concorso App4Mi Contest in modo libero e volontario. Le App pubblicate sulla piattaforma verranno esaminate dalla Giuria per l\u2019assegnazione dei premi. I vincitori saranno contattati da ChallengePost ed invitati a conferire al Comune di Milano i dati necessari per l\u2019espletamento della procedura di premiazione. Solo in tale fase il Comune di Milano assumer\u00e0 la qualit\u00e0 di Titolare del trattamento dei dati personali, al quale gli interessati potranno rivolgersi ai sensi dell\u2019art 7 del Codice inviando un\u2019apposita richiesta \u2013 anche a mezzo e-mail app4mi@comune.milano.it - P.zza della Scala, 2, Milano e chiedere di accedere ai dati personali che li riguardano, di chiederne la rettifica, l\u2019aggiornamento e la cancellazione, se incompleti, erronei o raccolti in violazione di legge, nonch\u00e9 di opporsi al loro trattamento\nSu richiesta degli interessati i dati dei vincitori, pertinenti e non eccedenti rispetto alle finalit\u00e0 perseguite, potranno essere \u00a0pubblicati sul sito della manifestazione e del Comune di Milano.\nI dati personali dei vincitori non saranno oggetto di comunicazione a terzi, fatta salva la possibilit\u00e0 di comunicarli agli sponsor su delega degli interessati per finalit\u00e0 compatibili con la manifestazione. Ove necessario, per le stesse finalit\u00e0, i dati potranno essere conosciuti da soggetti opportunamente individuati e designati come Responsabili del trattamento, con compiti di natura tecnica o organizzativa per i servizi connessi al concorso.\n\u00a0", "hackathon-prizes": [{"prize-content": "", "prize-title": "Primo Premio, Migliore Applicazione"}, {"prize-content": "", "prize-title": "Secondo Premio, Migliore Applicazione"}, {"prize-content": "", "prize-title": "Terzo Premio, Migliore  Applicazione"}, {"prize-content": "", "prize-title": "Premio giuria popolare"}, {"prize-content": "", "prize-title": "Migliore Applicazione per Traffico e Trasporti"}, {"prize-content": "", "prize-title": "Migliore Applicazione Green"}, {"prize-content": "", "prize-title": "Migliore Applicazione Cultura/Education"}, {"prize-content": "", "prize-title": "Migliore Applicazione Disabilit\u00e0"}, {"prize-content": "", "prize-title": "Migliore Applicazione Sociale/Sanitaria"}, {"prize-content": "", "prize-title": "Migliore Applicazione per Turismo Tempo Libero"}], "hackathon-location-google-maps": "", "hackathon-url": "https://app4mi.devpost.com/", "hackathon-judging-criteria": [{"judging-criterion": ""}, {"judging-criterion": ""}, {"judging-criterion": ""}, {"judging-criterion": ""}, {"judging-criterion": ""}, {"judging-criterion": ""}], "hackathon-location-address": "", "hackathon-description-header": "Hai una buona idea per utilizzare gli open data del Comune di Milano ? Realizzala con App4MI OPEN CONTEST e vinci! \u2026 non perderti inoltre gli appuntamenti formativi dell\u2019 App4MI OPEN CAMPUS", "hackathon-prizes-total": "\u20ac20,000", "hackathon-location-description": "", "hackathon-end-date": "2014-03-21", "has-projects": "True"}