{"hackathon-description-text": "\nWant to build a prototype for a solar startup in less than 24 hours and win $10,000 in cash prizes? Powerhouse is hosting the fifth\u00a0annual SunCode Solar Hackathon on Friday, April 7th through Saturday April 8th at the Citizen Engagement Lab in downtown Oakland. SunCode is your opportunity to build tools that can help power the planet with sunshine. Previous SunCodes\u00a0have produced startups like\u00a0", "hackathon-number-of-prizes": "4", "hackathon-id": "suncode2017", "hackathon-judges": [{"judge-role": "Sr Investment Manager, DSM Venturing, DSM, Judge", "judge-name": "Luda Kopeikina"}, {"judge-role": "Vice President of Product Management and Software Engineering, Sunrun, Judge", "judge-name": "Asif Iqbal"}, {"judge-role": "Senior Renewable Energy Consultant, SunShot, Judge", "judge-name": "Ammar Qusaibaty"}, {"judge-role": "Senior Director, Siemens, Mentor", "judge-name": "Farshid Arman"}, {"judge-role": "Danny Kennedy, Managing Director, California Clean Energy Fund, Mentor", "judge-name": "Danny Kennedy"}, {"judge-role": "Senior Director, Software Engineering, Sunrun, Mentor", "judge-name": "Chris Cholette"}, {"judge-role": "Presidential Innovation Fellow, Department of Energy, Mentor", "judge-name": "Bosco So"}, {"judge-role": "Sr. Director of Product Management, Enphase Energy, Mentor", "judge-name": "Ilen Zazueta-Hall"}, {"judge-role": "Strategy Director, DSM Innovation Center, Mentor", "judge-name": "Nathan Arbitman"}], "hackathon-number-of-judges": "9", "hackathon-eligibility": "\n\u00a0\n\nAnyone over 18\u00a0\n\nSure\n\nNo need to bring a paper ticket\n\nNo refunds\u00a0\n\nFor sure - after you fill out the survey\n\nMinimum 3 and Maximum 5\u00a0\n\nThe most successful teams have at least two software\u00a0developers and one solar person\u00a0\n\nNo\n\nTeams can only submit one final idea to judges\u00a0\n\nFriday night after you form your team. Teams are subject to code review to ensure all development happens on site\n\nYes but teams must be set but Saturday at 8am when coding begins\u00a0\n\nYes\u00a0- Friday night 6:30-8:30pm and Saturday 8am-9pm\u00a0\n\nUntil it sells out - you can register on site the day of if tickets are still available\u00a0\n\nPitches start on Saturday, April 8th\u00a0at 6:30pm\u00a0\n\nYes - you can buy your ticket\n\nWhat you create is yours\n\nYes, dinner on Friday and breakfast, lunch, and dinner will be served on Saturday (veggie and gluten free options will be available - we hear you Bay Area). There will be beer.\n\nSponsors are in the process of submitting specific challenges. You will also have\u00a0an opportunity to come up with your own idea, announce your challenge and create a team to tackle it together.", "hackathon-number-of-participants": "142", "hackathon-is-colocated": "True", "hackathon-has-ended": "True", "hackathon-number-of-judging-criteria": "5", "hackathon-requirements": "\nSubmissions must be uploaded to Devpost by 6pm on Saturday April 8th\u00a0\nWatch\nYou must include\u00a0the following:", "hackathon-rules": "", "hackathon-prizes": [{"prize-content": "", "prize-title": "1st Place - $4,000"}, {"prize-content": "", "prize-title": "2nd Place - $3,000"}, {"prize-content": "", "prize-title": "3rd Place - $2,000"}, {"prize-content": "", "prize-title": "People's Choice - $1,000"}], "hackathon-location-google-maps": "https://maps.google.com/?q=1330 Broadway, Oakland, CA 94612, USA", "hackathon-url": "https://suncode2017.devpost.com/", "hackathon-judging-criteria": [{"judging-criterion": "How well does the solution address the goals defined for this challenge? (20%)"}, {"judging-criterion": "How creative, innovative, interesting, and unique is the solution in meeting contest requirements? (20%)"}, {"judging-criterion": "How well is the idea executed by the team and how well is the solution integrated with potential customers or systems? (20%)"}, {"judging-criterion": "How successful is the design, user functionality, graphics, typography, ease of use and visual aesthetic? (20%)"}, {"judging-criterion": "To what extent will the submission impact the clean energy industry? How scaleable is the submission? (20%)"}], "hackathon-location-address": "1330 Broadway, Oakland, CA 94612, USA", "hackathon-description-header": "Powerhouse\u2019s SunCode Hackathon", "hackathon-prizes-total": "$10,000", "hackathon-location-description": "Citizen Engagement Laboratory", "hackathon-end-date": "2017-04-09", "has-projects": "True"}