{"hackathon-description-text": "\nDurHack is back - and with more sponsors, more prizes, and more free food than ever before!\u00a0", "hackathon-number-of-prizes": "7", "hackathon-id": "durhack2017", "hackathon-judges": [{"judge-role": "DU CompSoc", "judge-name": "Robbie Jakob-Whitworth"}, {"judge-role": "DU CompSoc", "judge-name": "Alex Greenen"}, {"judge-role": "DU CompSoc", "judge-name": "Vivek Mehta"}, {"judge-role": "DU CompSoc", "judge-name": "Soumya Singh"}, {"judge-role": "MLH", "judge-name": "Alex Bucknall"}, {"judge-role": "Durham County Council", "judge-name": "Steve Hodgson"}, {"judge-role": "Durham County Council", "judge-name": "Alan Patrickson"}, {"judge-role": "Barclays", "judge-name": "Chris Hallett"}], "hackathon-number-of-judges": "8", "hackathon-eligibility": "\nStudents over the age of 18, or graduates who graduated within the last 12 months.", "hackathon-number-of-participants": "43", "hackathon-is-colocated": "True", "hackathon-has-ended": "True", "hackathon-number-of-judging-criteria": "1", "hackathon-requirements": "\nThe theme is\u00a0\nHowever, hacks that don't follow this theme are also very welcome - and we'll judge these based upon how good the idea is, their implementation, and how well-polished your hack is.", "hackathon-rules": "\nAll attendees are required to follow the \n.\n", "hackathon-prizes": [{"prize-content": "Qualcomm DragonBoard 410c + power source", "prize-title": "Best IoT Hack Using a Qualcomm Device"}, {"prize-content": "$30 Amazon Gift Cards", "prize-title": "Amazon Web Services - Best Use of AWS"}, {"prize-content": "Raspberry Pi & PiHut Essential Kits", "prize-title": "Best Domain Name from Domain.com"}, {"prize-content": "", "prize-title": "Mechanical Keyboards from The Keyboard Company"}, {"prize-content": "", "prize-title": "Amazon Echo Dots from Durham County Council"}, {"prize-content": "\u00a350 Amazon Voucher", "prize-title": "Best Use of .tech Domain from .TECH Domains"}, {"prize-content": "", "prize-title": "Paid Trip and Mentoring at Barclays Eagle Labs from Barclays"}], "hackathon-location-google-maps": "https://maps.google.com/?q=Durham DH1 3LE, UK", "hackathon-url": "https://durhack2017.devpost.com/", "hackathon-judging-criteria": [{"judging-criterion": ""}], "hackathon-location-address": "Durham DH1 3LE, UK", "hackathon-description-header": "Enhancing City Life with Interdisciplinary Solutions", "hackathon-prizes-total": "\u00a31,628", "hackathon-location-description": "Christopherson Building (Engineering) - Durham University", "hackathon-end-date": "2017-12-10", "has-projects": "True"}