{"hackathon-description-text": "\nAs part of Global Entrepreneurship Week Acorn Aspirations in partnership with UnLtd is organising a 2-day Hackathon-style event where young people aged 16-19 will collaborate with University tech students and mentors from the TechCity community to develop digital solutions to social problems in their local communities and worldwide.", "hackathon-number-of-prizes": "10", "hackathon-id": "acornhack", "hackathon-judges": [{"judge-role": "CEO, CodeFirst Girls", "judge-name": "Amali de Alwis"}, {"judge-role": "CEO, Autotorq", "judge-name": "Stewart Niblock"}, {"judge-role": "CEO, King of Shaves", "judge-name": "Will King"}, {"judge-role": "EMEA Marketing Director, Percolate", "judge-name": "Edmund Ovington"}, {"judge-role": "Software Engineer, MOO", "judge-name": "Emily Atkinson"}, {"judge-role": "KCL Tech", "judge-name": "Fares Alaboud"}, {"judge-role": "Techstars", "judge-name": "Nancy Fechnay"}, {"judge-role": "CEO, Digital Jam", "judge-name": "Tanya Laird"}, {"judge-role": "Angel Investor", "judge-name": "Sherry Coutu"}, {"judge-role": "Enterprise Education Manager, UnLtd", "judge-name": "Zain Miah"}, {"judge-role": "Co-Founder, Founder Centric", "judge-name": "Rob Fitzpatrick"}, {"judge-role": "Director, GeekGirl Meetup", "judge-name": "Cathy White"}], "hackathon-number-of-judges": "12", "hackathon-eligibility": "", "hackathon-number-of-participants": "17", "hackathon-is-colocated": "True", "hackathon-has-ended": "False", "hackathon-number-of-judging-criteria": "5", "hackathon-requirements": "", "hackathon-rules": "\nAcornHack is dedicated to providing a fun, harassment-free experience for everyone. We expect all of our attendees, sponsors, volunteers and staff to be respected and considerate of others. All participants will be required to agree to the\u00a0\n. Organisers will enforce it throughout the event.", "hackathon-prizes": [{"prize-content": "Winners get to demo their project at the TechHub Demo Day, will be invited for 'Get your pitch right' Masterclass from Will King!", "prize-title": "Grand Prize"}, {"prize-content": "Firefly & TechHub Campus Tour", "prize-title": "Most Commercially Viable"}, {"prize-content": "Gadget bundle!", "prize-title": "Best technical implementation"}, {"prize-content": "New Entrepeneur Foundation Invitation", "prize-title": "Social Impact"}, {"prize-content": "Tour of Google Campus and Ropemaker's sites from TechHub", "prize-title": "People's Choice"}, {"prize-content": "Google Cardboard VR Kit", "prize-title": "Can't believe it doesn't exist"}, {"prize-content": "Every idea is eligible for a grant from Unltd to carry on with development", "prize-title": "Unltd Grant"}, {"prize-content": "Makers Academy will offer a \u00a3500 discount on a 12-week course to every participant over the age of 18", "prize-title": "Makers Academy Discount"}, {"prize-content": "Every team that participates will get 3 free workshops from Codecademy - UX, HTML and CSS", "prize-title": "Codecademy Workshops"}, {"prize-content": "Every team receives a copy of Rob Fitzpatrick's The Mom Test: How to talk to customers & learn if your business is a good idea when everyone is lying to you", "prize-title": "The Mom Test"}], "hackathon-location-google-maps": "", "hackathon-url": "https://acornhack.devpost.com/", "hackathon-judging-criteria": [{"judging-criterion": ""}, {"judging-criterion": ""}, {"judging-criterion": ""}, {"judging-criterion": ""}, {"judging-criterion": ""}], "hackathon-location-address": "", "hackathon-description-header": "#MakeItHappen", "hackathon-prizes-total": "0", "hackathon-location-description": "NEWS", "hackathon-end-date": "", "has-projects": "False"}