{"hackathon-description-text": "\nThis year our theme is hacking for social good. We are partnering with non-profits to develop technological solutions to their biggest challenges. Our three main tracks are Education, Health, and Accessibility. Check out our info packet", "hackathon-number-of-prizes": "12", "hackathon-id": "whack2016", "hackathon-judges": [{"judge-role": "The New York Times", "judge-name": "Alex Ording"}, {"judge-role": "Microsoft", "judge-name": "Cassandra Hoef"}, {"judge-role": "Amazon", "judge-name": "Catherine Dodge"}], "hackathon-number-of-judges": "3", "hackathon-eligibility": "\nAll undergraduate students are eligible to apply to WHACK.", "hackathon-number-of-participants": "61", "hackathon-is-colocated": "True", "hackathon-has-ended": "True", "hackathon-number-of-judging-criteria": "4", "hackathon-requirements": "", "hackathon-rules": "\nAll participants have agreed to follow MLH's Code of Conduct, which can be found \n.", "hackathon-prizes": [{"prize-content": "$75 Amazon.com Gift Cards", "prize-title": "Best Accessibility Hack (Office of Disability Services)"}, {"prize-content": "$75 Amazon.com Gift Cards", "prize-title": "Best Health Hack (Partners in Health)"}, {"prize-content": "$75 Amazon.com Gift Cards", "prize-title": "Best Education Hack (Uplift)"}, {"prize-content": "MLH Medal", "prize-title": "Overall 1st Place"}, {"prize-content": "MLH Medal", "prize-title": "Overall 2nd Place"}, {"prize-content": "MLH Medal", "prize-title": "Overall 3rd Place"}, {"prize-content": "HP Laptops", "prize-title": "Best use of Vertica (1st place)"}, {"prize-content": "Raspberry Pi Kits", "prize-title": "Best use of Vertica (2nd place)"}, {"prize-content": "Compact sleeping bags", "prize-title": "Rookie Division"}, {"prize-content": "1 TB Hard drives", "prize-title": "Best use of AWS"}, {"prize-content": "Domain.com swag bag", "prize-title": "Best Domain name from Domain.com"}, {"prize-content": "#HackHarassment prize", "prize-title": "#HackHarassment"}], "hackathon-location-google-maps": "https://maps.google.com/?q=College Rd, Wellesley, MA 02481, USA", "hackathon-url": "https://whack2016.devpost.com/", "hackathon-judging-criteria": [{"judging-criterion": ""}, {"judging-criterion": ""}, {"judging-criterion": ""}, {"judging-criterion": "How much is the product implemented? How functional is it? Is it just a mock-up? Or a good working demo?"}], "hackathon-location-address": "College Rd, Wellesley, MA 02481, USA", "hackathon-description-header": "Hack for social good!", "hackathon-prizes-total": "$1,290", "hackathon-location-description": "Wellesley College", "hackathon-end-date": "2016-10-02", "has-projects": "True"}