{"hackathon-description-text": "\nhackcmu.org", "hackathon-number-of-prizes": "4", "hackathon-id": "hackcmu-2017", "hackathon-judges": [{"judge-role": "", "judge-name": "ACM@CMU"}], "hackathon-number-of-judges": "1", "hackathon-eligibility": "", "hackathon-number-of-participants": "174", "hackathon-is-colocated": "True", "hackathon-has-ended": "False", "hackathon-number-of-judging-criteria": "4", "hackathon-requirements": "", "hackathon-rules": "", "hackathon-prizes": [{"prize-content": "", "prize-title": "Best Use of Machine Learning - Presented by Google"}, {"prize-content": "", "prize-title": "Most Real World Value Hack - Presented by Sandia Labs"}, {"prize-content": "", "prize-title": "Most Cupcake - Presented by Dropbox"}, {"prize-content": "", "prize-title": "Most Entrepreneurial - Presented by Project Olympus"}], "hackathon-location-google-maps": "https://maps.google.com/?q=Cyert Hall, 4902 Forbes Ave, Pittsburgh, PA 15213, USA", "hackathon-url": "https://hackcmu-2017.devpost.com/", "hackathon-judging-criteria": [{"judging-criterion": "Is the hack more than just another generic social/mobile/local app? Does it do something entirely novel, or at least take a fresh approach to an old problem?"}, {"judging-criterion": "Is the hack technically interesting or difficult? Is it just some lipstick on an API, or were there real technical challenges to surmount?"}, {"judging-criterion": "If your demo video clear, understandable, and under 120 seconds? Can we understand what you did, and why? Does the demo work? Does your project show care and polish?"}, {"judging-criterion": "Is the hack practical? Is it something people would actually use? Does it fulfill a real need people have?"}], "hackathon-location-address": "Cyert Hall, 4902 Forbes Ave, Pittsburgh, PA 15213, USA", "hackathon-description-header": "Carnegie Mellon University's premier beginner hackathon", "hackathon-prizes-total": "0", "hackathon-location-description": "Rashid Auditorium", "hackathon-end-date": "", "has-projects": "False"}