{"hackathon-description-text": "\n", "hackathon-number-of-prizes": "1", "hackathon-id": "sanomien-thinkathon-5538", "hackathon-judges": [{"judge-role": "", "judge-name": "Katri Saarikivi"}], "hackathon-number-of-judges": "1", "hackathon-eligibility": "", "hackathon-number-of-participants": "One", "hackathon-is-colocated": "True", "hackathon-has-ended": "False", "hackathon-number-of-judging-criteria": "1", "hackathon-requirements": "", "hackathon-rules": "\n\u00a0\nSanomien Thinkathon on tarkoitettu Sanomien toimittajakoulun 50-vuotisjuhlan osallistujille.", "hackathon-prizes": [{"prize-content": "", "prize-title": "Thinkathonissa ei jaeta palkintoja."}], "hackathon-location-google-maps": "", "hackathon-url": "https://sanomien-thinkathon-5538.devpost.com/", "hackathon-judging-criteria": [{"judging-criterion": ""}], "hackathon-location-address": "", "hackathon-description-header": "Ajatellaan yhdess\u00e4 journalismille valoisa tulevaisuus!", "hackathon-prizes-total": "0", "hackathon-location-description": "Sanomatalo", "hackathon-end-date": "", "has-projects": "False"}