{"hackathon-description-text": "\nHacking Generation Y promotes youth entrepreneurship by bringing the most brilliant and creative minds together through collaborative learning. Starting first in Silicon Valley, January 2015, and later in Israel, Jamaica and India. HackGenY plans to go global by providing those dedicated and passionate the tools to organize a 36 hour hackathon for over 1,000 youth under the age of 26.", "hackathon-number-of-prizes": "4", "hackathon-id": "hackgeny-london", "hackathon-judges": [{"judge-role": "", "judge-name": "Jacqueline Lam"}, {"judge-role": "", "judge-name": "Omer Harel"}, {"judge-role": "", "judge-name": "Adam Burstein"}, {"judge-role": "", "judge-name": "Hafez Rafirasme"}], "hackathon-number-of-judges": "4", "hackathon-eligibility": "\n\u00a0", "hackathon-number-of-participants": "14", "hackathon-is-colocated": "True", "hackathon-has-ended": "False", "hackathon-number-of-judging-criteria": "4", "hackathon-requirements": "", "hackathon-rules": "", "hackathon-prizes": [{"prize-content": "Awarded to the best 3D application developed at the hackathon", "prize-title": "Autodesk - Best 3D Application"}, {"prize-content": "Private 5-person-WeWork-office for 1 month + 3doodler pen", "prize-title": "1st prize"}, {"prize-content": "1 month of PR by Publicize + 5 pebble watches + 3doodler pen", "prize-title": "2nd prize"}, {"prize-content": "1 month of PR by Publicize + Estimote", "prize-title": "3rd prize"}], "hackathon-location-google-maps": "https://maps.google.com/?q=1 Fore St, London EC2Y 5EJ, UK", "hackathon-url": "https://hackgeny-london.devpost.com/", "hackathon-judging-criteria": [{"judging-criterion": "How good well was the idea implemented?"}, {"judging-criterion": "How well does the project look like? How well did they present it? How interesting the pitch was?"}, {"judging-criterion": "Does it look like the team worked well? Everybody was involved?"}, {"judging-criterion": "How original is the idea? Does it looks like something you didn't see before?"}], "hackathon-location-address": "1 Fore St, London EC2Y 5EJ, UK", "hackathon-description-header": "Bringing together the most talented 16-25 years old developers, designers and entrepreneurs to one, big, Hackathon!", "hackathon-prizes-total": "$3,614", "hackathon-location-description": "WeWork Moorgate, London", "hackathon-end-date": "", "has-projects": "False"}