{"hackathon-description-text": "\nBuild anything at all - we have a bunch of hardware and cool APIs that you can use, but we don't care what you build as long as you think it's cool.", "hackathon-number-of-prizes": "8", "hackathon-id": "oxhack", "hackathon-judges": [{"judge-role": "OxHACK", "judge-name": "Taimur Abdaal"}, {"judge-role": "OxHACK", "judge-name": "James May"}, {"judge-role": "Mendeley", "judge-name": "Joyce Stack"}, {"judge-role": "Esri UK", "judge-name": "James Milner"}, {"judge-role": "Sendgrid", "judge-name": "Eddie Zaneski"}, {"judge-role": "Bloomberg", "judge-name": "Lilit Darbinyan"}, {"judge-role": "MLH", "judge-name": "Bilawal Hameed"}, {"judge-role": "GoCardless", "judge-name": "Paul Jolly"}, {"judge-role": "Yo", "judge-name": "Danny Hakimian"}, {"judge-role": "Onfido", "judge-name": "Ruhul Amin"}, {"judge-role": "OxHACK", "judge-name": "Tomas Halgas"}], "hackathon-number-of-judges": "11", "hackathon-eligibility": "", "hackathon-number-of-participants": "133", "hackathon-is-colocated": "True", "hackathon-has-ended": "True", "hackathon-number-of-judging-criteria": "5", "hackathon-requirements": "", "hackathon-rules": "", "hackathon-prizes": [{"prize-content": "\u00a31000 cash + 4 Treehouse annual subscriptions", "prize-title": "Grand Prize"}, {"prize-content": "\u00a3500 cash + 4 Treehouse annual subscriptions", "prize-title": "Runner-up Prize"}, {"prize-content": "4 Chromecasts (1 per team member)", "prize-title": "Google API Prize"}, {"prize-content": "4 Parrot Mini Drones (1 per team member)", "prize-title": "Bloomberg API Prize"}, {"prize-content": "\u00a3200 Amazon voucher (for the whole team) + Raspberry Pi for each team member", "prize-title": "Esri API Prize"}, {"prize-content": "4 Sennheiser headsets + swag bags (1 per team member)", "prize-title": "Mendeley API Prize"}, {"prize-content": "4 Treehouse Annual Subscriptions", "prize-title": "Best First-Time Hackers"}, {"prize-content": "4 Treehouse Annual Subscriptions", "prize-title": "Best First-Time Coders"}], "hackathon-location-google-maps": "https://maps.google.com/?q=Sa\u00efd Business School, Oxford", "hackathon-url": "https://oxhack.devpost.com/", "hackathon-judging-criteria": [{"judging-criterion": "Ratings can be based on coolness, usefulness, creativity, humour, etc."}, {"judging-criterion": "Ratings can be based on coolness, usefulness, creativity, humour, etc."}, {"judging-criterion": "Does the hack work? Does it run smoothly? Did they present it well?"}, {"judging-criterion": "Does the hack work? Does it run smoothly? Did they present it well?"}, {"judging-criterion": "How well designed is the hack? Is the design style appropriate for the idea? What's the user experience like?"}], "hackathon-location-address": "Sa\u00efd Business School, Oxford", "hackathon-description-header": "Oxford's first ever hackathon.", "hackathon-prizes-total": "$2,347", "hackathon-location-description": "", "hackathon-end-date": "2014-11-30", "has-projects": "True"}