{"hackathon-description-text": "\nKent Hack Enough brings hackers from all over the nation together to learn something new, party hard, and create something awesome. With more than 250 highly motivated, creative, and talented participants, Kent Hack Enough is a weekend-long event where students from all areas of interest come together to make something awesome, like an app, website or hardware hack. The entire event is free for students, including food, energy drinks, and swag. In between all the coding, designing, and water pong, our sponsors are available as mentors to provide help and expertise throughout the hacking process.", "hackathon-number-of-prizes": "11", "hackathon-id": "kenthackenough15", "hackathon-judges": [{"judge-role": "American Greetings", "judge-name": "Scott Weintraub"}, {"judge-role": "MRI Software", "judge-name": "Dan Mosora"}, {"judge-role": "Tiny Circuits", "judge-name": "Ken Burns"}, {"judge-role": "MRI Software", "judge-name": "Jason Buffin"}], "hackathon-number-of-judges": "4", "hackathon-eligibility": "", "hackathon-number-of-participants": "83", "hackathon-is-colocated": "True", "hackathon-has-ended": "True", "hackathon-number-of-judging-criteria": "4", "hackathon-requirements": "", "hackathon-rules": "\nWe require that all entries be created from scratch, during the competition. The use of 3rd party libraries and APIs is allowed and encouraged. Teams are limited to four people. To provide hackers with the best possible environment for learning, networking, and creating we adhere to the \n.", "hackathon-prizes": [{"prize-content": "4 Kent Hack Enough custom branded playing card sets +", "prize-title": "First Place"}, {"prize-content": "$1000", "prize-title": "Second Place"}, {"prize-content": "$500", "prize-title": "Third Place"}, {"prize-content": "Presented by Mobile Defense", "prize-title": "Best Internet of Things"}, {"prize-content": "Presented by The TechStyleLAB", "prize-title": "Best Fashion Hack"}, {"prize-content": "Presented by The School of Journalism and Mass Communication", "prize-title": "Best Contribution to the Internet of Things"}, {"prize-content": "Presented by The School of Journalism and Mass Communication", "prize-title": "Best Data Visualization"}, {"prize-content": "Presented by Blackstone Launchpad", "prize-title": "Hack With Most Commercial Potential"}, {"prize-content": "4 Pebble Steels", "prize-title": "Best Use of Pebble"}, {"prize-content": "(4) 1TB Hard Drives", "prize-title": "Best Use of AWS"}, {"prize-content": "Swag Bags", "prize-title": "Best Domain"}], "hackathon-location-google-maps": "https://maps.google.com/?q=1125 Risman Dr, Kent, OH 44243, USA", "hackathon-url": "https://kenthackenough15.devpost.com/", "hackathon-judging-criteria": [{"judging-criterion": "Is your hack challenging?"}, {"judging-criterion": "Is your hack actually useful? Does your project solve a problem?"}, {"judging-criterion": "Is your project well designed?"}, {"judging-criterion": "Is this a new idea, or is your project something we see at every other hackathon?"}], "hackathon-location-address": "1125 Risman Dr, Kent, OH 44243, USA", "hackathon-description-header": "Design. Build. Party.", "hackathon-prizes-total": "$6,772", "hackathon-location-description": "Kent State University Library", "hackathon-end-date": "2015-10-11", "has-projects": "True"}