{"hackathon-description-text": "\nGet ready to code at Cupertino's Local Hack Day 2016- Free pizza, stickers, shirts and swag galore!", "hackathon-number-of-prizes": "6", "hackathon-id": "cupertino-local-hack-day-2016", "hackathon-judges": [{"judge-role": "Computer Science Teacher at CHS", "judge-name": "Ted McLeod"}, {"judge-role": "Nimble Storage", "judge-name": "Dara Hazeghi"}, {"judge-role": "Nimble Storage", "judge-name": "Shrikant Mether"}], "hackathon-number-of-judges": "3", "hackathon-eligibility": "", "hackathon-number-of-participants": "22", "hackathon-is-colocated": "True", "hackathon-has-ended": "True", "hackathon-number-of-judging-criteria": "3", "hackathon-requirements": "", "hackathon-rules": "\n- No code may be written beforehand\n- Adhere to the MLH Code of Conduct", "hackathon-prizes": [{"prize-content": "A fairly large drone that can fly and record video (controller included).", "prize-title": "Sky Viper Video Drone"}, {"prize-content": "A pretty sweet wireless speaker- use it at parties!", "prize-title": "CANZ Bluetooth Wireless speaker"}, {"prize-content": "Bluetooth headphones that you can use anytime, anywhere!", "prize-title": "Jam Wireless bluetooth headphones"}, {"prize-content": "2 free drinks at Inteanet", "prize-title": "Inteanet Free Drink Coupons"}, {"prize-content": "2 free drinks at Inteanet", "prize-title": "Inteanet Free Drink Coupons"}, {"prize-content": "2 free drinks at Inteanet", "prize-title": "Inteanet Free Drink Coupons"}], "hackathon-location-google-maps": "https://maps.google.com/?q=10100 Finch Ave, Cupertino, CA 95014, USA", "hackathon-url": "https://cupertino-local-hack-day-2016.devpost.com/", "hackathon-judging-criteria": [{"judging-criterion": "How well your app works"}, {"judging-criterion": "How you presented your product"}, {"judging-criterion": "How your product helps"}], "hackathon-location-address": "10100 Finch Ave, Cupertino, CA 95014, USA", "hackathon-description-header": "Cupertino High School's very own Local Hack Day hackathon! Open to all who register!", "hackathon-prizes-total": "$218", "hackathon-location-description": "Cupertino High School", "hackathon-end-date": "2016-12-04", "has-projects": "True"}