{"hackathon-description-text": "\nIf you haven't already, please fill out\u00a0", "hackathon-number-of-prizes": "3", "hackathon-id": "sasehack17", "hackathon-judges": [{"judge-role": "U.S. Army", "judge-name": "Major Jill Peralta"}, {"judge-role": "Booz Allen Hamilton", "judge-name": "Sonya Rahmani"}, {"judge-role": "Booz Allen Hamilton", "judge-name": "Ernest Sohn"}, {"judge-role": "Northeastern Illinois University - Department of Computer Science", "judge-name": "Dr. Xiwei Wang"}], "hackathon-number-of-judges": "4", "hackathon-eligibility": "\n1) Participants must be college students -- undergrad or grad.\n2) All teammates must have pre-registered for SASEhack through\n3) Teams must be\n4) Hacks must have started at SASEhack. Any prior work may not be used at SASEhack, but prior ideas are welcome!", "hackathon-number-of-participants": "127", "hackathon-is-colocated": "True", "hackathon-has-ended": "True", "hackathon-number-of-judging-criteria": "5", "hackathon-requirements": "\nHacks can be:\n1) Software\n2) Hardware\n3) Whatever your wonderful mind comes up with!\nAs long as it's inline with the theme of the event.", "hackathon-rules": "\n1) Don't cheat.\n2) Don't steal.\n3) Don't hurt anyone.\n4) If you have to ask \"Is this legal?\" It probably isn't. Don't do it.\nSee our code of conduct\u00a0\n.", "hackathon-prizes": [{"prize-content": "$1000 will be divided evenly between the team members listed.", "prize-title": "Top Team"}, {"prize-content": "$500 will be divided evenly between the team members listed.", "prize-title": "1st Runner Up"}, {"prize-content": "$250 will be divided evenly between the team members listed.", "prize-title": "2nd Runner Up"}], "hackathon-location-google-maps": "https://maps.google.com/?q=1551 Thoreau Dr N, Schaumburg, IL 60173, USA", "hackathon-url": "https://sasehack17.devpost.com/", "hackathon-judging-criteria": [{"judging-criterion": ""}, {"judging-criterion": ""}, {"judging-criterion": ""}, {"judging-criterion": ""}, {"judging-criterion": ""}], "hackathon-location-address": "1551 Thoreau Dr N, Schaumburg, IL 60173, USA", "hackathon-description-header": "SASEhack is a hackathon that invites students with design, engineering, and entrepreneur interests to collaborate on creating innovative solutions for real-world challenges.", "hackathon-prizes-total": "$1,750", "hackathon-location-description": "Renaissance Schaumburg Convention Center Hotel", "hackathon-end-date": "2017-10-14", "has-projects": "True"}