{"hackathon-description-text": "\nBuildHer offers hackers old and new the chance to attend beginner-friendly workshops, meet companies looking for talented women and non-binary people, and connect with other women and non-binary people looking to mix their pre-existing passions with\u00a0coding.", "hackathon-number-of-prizes": "12", "hackathon-id": "buildher2017", "hackathon-judges": [{"judge-role": "Professor / Northwestern University", "judge-name": "Seda Ogrenci-Memik"}, {"judge-role": "Professor / Northwestern University", "judge-name": "Eleanor \"Nell\" O'Rourke"}, {"judge-role": "Principal Program Manager / Microsoft", "judge-name": "Molly Bostic"}], "hackathon-number-of-judges": "3", "hackathon-eligibility": "\nApplications are now closed for BuildHer 2017.", "hackathon-number-of-participants": "59", "hackathon-is-colocated": "True", "hackathon-has-ended": "True", "hackathon-number-of-judging-criteria": "3", "hackathon-requirements": "\nYour submission must be original, and built\u00a0in groups of no greater than 4 people.\u00a0Other than that, the sky's the limit!", "hackathon-rules": "\nYou must adhere to\u00a0the \n.", "hackathon-prizes": [{"prize-content": "4 Bose Speakers.", "prize-title": "First Place"}, {"prize-content": "4 Amazon Echo Dots.", "prize-title": "Second Place"}, {"prize-content": "4 Fujifilm cameras.", "prize-title": "Third Place"}, {"prize-content": "4 Google Homes.", "prize-title": "JP Morgan: Best Hack for Social Good (visit the JP Morgan booth to learn more!)"}, {"prize-content": "4 Intel Edisons.", "prize-title": "Intel: Best Health &amp; Wellness Hack Using Arduino 101 and/or Intel Edison"}, {"prize-content": "Scholarship to attend Make School's Summer Academy (", "prize-title": "Make School's Best Beginner Hack"}, {"prize-content": "4 Sensu Digital Artist Tablet Brushes.", "prize-title": "Best Interdisciplinary Hack"}, {"prize-content": "4 Tiles.", "prize-title": "Best Beginner Hack"}, {"prize-content": "4 Misfit Shine 2 Fitness Trackers.", "prize-title": "Best Empowerment Hack"}, {"prize-content": "4 Flux Bluetooth Smart Bulbs.", "prize-title": "Best Hardware Hack"}, {"prize-content": "$250 AWS Credit", "prize-title": "Amazon Web Services - Best Use of AWS"}, {"prize-content": "Domain.com Swag Bags", "prize-title": "Best Domain Name from Domain.com"}], "hackathon-location-google-maps": "https://maps.google.com/?q=2145 Sheridan Rd, Evanston, IL 60208, USA", "hackathon-url": "https://buildher2017.devpost.com/", "hackathon-judging-criteria": [{"judging-criterion": "Does your submission address someone's pain point(s)? Could your submission positively impact other people? Human-centered design is incredibly important to BuildHer's cause."}, {"judging-criterion": "Is your submission novel?"}, {"judging-criterion": "Does your submission bring together the knowledge from coding/computer science and another field in order to make something totally awesome?"}], "hackathon-location-address": "2145 Sheridan Rd, Evanston, IL 60208, USA", "hackathon-description-header": "BuildHer Women's Hackathon 2017", "hackathon-prizes-total": "$4,070", "hackathon-location-description": "Technological Institute \u2013 Northwestern University", "hackathon-end-date": "2017-04-08", "has-projects": "True"}