{"hackathon-description-text": "\n", "hackathon-number-of-prizes": "6", "hackathon-id": "hackkean", "hackathon-judges": [{"judge-role": "", "judge-name": "Tse"}, {"judge-role": "", "judge-name": "Huang"}, {"judge-role": "", "judge-name": "Jeremy"}, {"judge-role": "", "judge-name": "Liou"}, {"judge-role": "", "judge-name": "Mosteiro"}], "hackathon-number-of-judges": "5", "hackathon-eligibility": "", "hackathon-number-of-participants": "21", "hackathon-is-colocated": "True", "hackathon-has-ended": "True", "hackathon-number-of-judging-criteria": "5", "hackathon-requirements": "", "hackathon-rules": "\nDates: May 7th Noon to May 8th Noon \u00a0 \u00a0 \u00a0 \u00a0 \u00a0\u00a0\nEligibility: Individuals, teams. High School Students to Graduate Students. Max team size: 5.\nSubmission Requirements: Originality. Future Impact. Functionality. Performance. Ease of Use.\nPrizes & Winner Selection: 1st place dell tablets. 1 TB Hard drives for the Best Use of AWS. Swag Bags w/ Sparkfun Redboards for the Best Domain Names from Domain.com. An Octocat statue for the Best Developer Tool.\nThe winners of each prize will be determined by a panel of 5 judges.", "hackathon-prizes": [{"prize-content": "One Dell Venue 10 pro tablet for each team member.", "prize-title": "HackKean II Grand Prize"}, {"prize-content": "A Dell 1TB hard drive + a Jawbone UP Activity Tracking Band for each team member.", "prize-title": "HackKean II Second Place Prize"}, {"prize-content": "A Dell 1TB hard drive for each team member.", "prize-title": "HackKean II Third Place Prize"}, {"prize-content": "A Jawbone UP Activity Tracking Band for each team member.", "prize-title": "Best use of AWS"}, {"prize-content": "Swag bags including Sparkfun Redboards for each winner.", "prize-title": "Best domain name from Domain.com"}, {"prize-content": "A Github Octocat Statue for each team member.", "prize-title": "Best use of Github Developer Tools"}], "hackathon-location-google-maps": "https://maps.google.com/?q=New Jersey Center for Science, Technology & Mathematics, 1000 Morris Ave, Union, NJ 07083, USA", "hackathon-url": "https://hackkean.devpost.com/", "hackathon-judging-criteria": [{"judging-criterion": ""}, {"judging-criterion": ""}, {"judging-criterion": ""}, {"judging-criterion": ""}, {"judging-criterion": ""}], "hackathon-location-address": "New Jersey Center for Science, Technology & Mathematics, 1000 Morris Ave, Union, NJ 07083, USA", "hackathon-description-header": "Code Collaborate Create", "hackathon-prizes-total": "$460", "hackathon-location-description": "Kean University", "hackathon-end-date": "2016-05-08", "has-projects": "True"}