{"hackathon-description-text": "\nMake, Build, Create & Learn. It\u2019s GunnHacks 4.0, Gunn High School's 24-hour hackathon.", "hackathon-number-of-prizes": "9", "hackathon-id": "gunnhacks4", "hackathon-judges": [{"judge-role": "", "judge-name": "An awesome panel of judges"}], "hackathon-number-of-judges": "1", "hackathon-eligibility": "\nYou\u00a0must be a high schooler & present at the hackathon to participate.", "hackathon-number-of-participants": "75", "hackathon-is-colocated": "True", "hackathon-has-ended": "True", "hackathon-number-of-judging-criteria": "3", "hackathon-requirements": "\nYou must select which sponsor prize you're going for if applicable.\u00a0Make your project, submit your hack to Devpost\u00a0and attend the GunnHacks presentations\u00a0to show off what you built.\nYou\u00a0", "hackathon-rules": "\nGunnHacks is dedicated to providing a harassment-free experience for everyone, regardless of gender, sexual orientation, disability, physical appearance, body size, race, or religion. We do not tolerate harassment of GunnHacks participants in any form. Sexual language and imagery is not appropriate for any GunnHacks venue, including talks, workshops, parties, Twitter and other online media. GunnHacks participants violating these rules may be sanctioned or expelled from GunnHacks at the discretion of the organizers.\n", "hackathon-prizes": [{"prize-content": "1st Place at GunnHacks 4.0! MLH 1st Place Medal.", "prize-title": "1st Place"}, {"prize-content": "2nd Place at GunnHacks 4.0! MLH 2nd Place Medal.", "prize-title": "2nd Place"}, {"prize-content": "3rd Place at GunnHacks 4.0! MLH 3rd Place Medal.", "prize-title": "3rd Place"}, {"prize-content": "3D joysticks.", "prize-title": "Best Game"}, {"prize-content": "Wireless mice.", "prize-title": "Best Beginner Hack"}, {"prize-content": "Rasberry Pis.", "prize-title": "Best Hardware Hack"}, {"prize-content": "Raspberry Pi & PiHut Essential Kit", "prize-title": "Best Domain Name from Domain.com"}, {"prize-content": "$250 Amazon Web Services Credit", "prize-title": "Best Use of Amazon Web Services"}, {"prize-content": "DragonBoard 410c and Power Source for Each Team Member", "prize-title": "Best IoT Hack Using Qualcomm Device"}], "hackathon-location-google-maps": "https://maps.google.com/?q=Math and Science Office, 780 Arastradero Rd, Palo Alto, CA 94306, USA", "hackathon-url": "https://gunnhacks4.devpost.com/", "hackathon-judging-criteria": [{"judging-criterion": "Is the hack technically interesting or difficult? Is it just some lipstick on an API, or were there real technical challenges to surmount? This is the most important criterion that your hack will be judged upon for the general prizes."}, {"judging-criterion": "Is the hack practical? Is it something people would actually use? Does it fulfill a real need people have?"}, {"judging-criterion": "Is the hack more than just another generic social/mobile/local app? Does it do something entirely novel, or at least take a fresh approach to an old problem?"}], "hackathon-location-address": "Math and Science Office, 780 Arastradero Rd, Palo Alto, CA 94306, USA", "hackathon-description-header": "Make, Build, Create & Learn. It\u2019s GunnHacks 4.0, Gunn\u2019s 24-hour high school hackathon.", "hackathon-prizes-total": "0", "hackathon-location-description": "Henry M. Gunn High School - N Building", "hackathon-end-date": "2017-10-28", "has-projects": "True"}