{"hackathon-description-text": "\nSaturday, November 5th", "hackathon-number-of-prizes": "7", "hackathon-id": "hacknjit2016", "hackathon-judges": [{"judge-role": "", "judge-name": "Keith Williams"}, {"judge-role": "", "judge-name": "Theresa Wagner"}, {"judge-role": "", "judge-name": "Eduardo Preciado"}], "hackathon-number-of-judges": "3", "hackathon-eligibility": "\nAny undergraduate or graduate college student is allowed to paricipate. You don't have to be an NJIT student. However, you must be at least 18 years old. Sadly, high school students are not allowed to participate.", "hackathon-number-of-participants": "55", "hackathon-is-colocated": "True", "hackathon-has-ended": "True", "hackathon-number-of-judging-criteria": "1", "hackathon-requirements": "", "hackathon-rules": "\nWhile at HackNJIT, you will be expected to abide by the MLH Code of Conduct (http://static.mlh.io/docs/mlh-code-of-conduct.pdf).", "hackathon-prizes": [{"prize-content": "Description: Use your tech skills for good and hack online harassment. Build a software solution that can help reduce the frequency and/or severity of online harassment. Win HackHarassment Swag Bag.", "prize-title": "#HackHarassment"}, {"prize-content": "1 TB Hard Drives", "prize-title": "Amazon Web Services - Best Use of AWS"}, {"prize-content": "Domain.com Swag Bags", "prize-title": "Best Domain Name from Domain.com"}, {"prize-content": "Description: Best hack related to furthering education.", "prize-title": "Best Educational Hack"}, {"prize-content": "", "prize-title": "First Place"}, {"prize-content": "", "prize-title": "Second Place"}, {"prize-content": "", "prize-title": "Third Place"}], "hackathon-location-google-maps": "https://maps.google.com/?q=Campus Center, 150 Bleeker St, Newark, NJ 07103, USA", "hackathon-url": "https://hacknjit2016.devpost.com/", "hackathon-judging-criteria": [{"judging-criterion": ""}], "hackathon-location-address": "Campus Center, 150 Bleeker St, Newark, NJ 07103, USA", "hackathon-description-header": "Create interesting and innovative applications that improve life in one way or another", "hackathon-prizes-total": "$3,000", "hackathon-location-description": "New Jersey Institute of Technology Campus Center", "hackathon-end-date": "2016-11-06", "has-projects": "True"}