{"hackathon-description-text": "\nBelieve", "hackathon-number-of-prizes": "14", "hackathon-id": "dubhacks16f", "hackathon-judges": [{"judge-role": "", "judge-name": "Mahir"}], "hackathon-number-of-judges": "1", "hackathon-eligibility": "", "hackathon-number-of-participants": "299", "hackathon-is-colocated": "True", "hackathon-has-ended": "True", "hackathon-number-of-judging-criteria": "1", "hackathon-requirements": "", "hackathon-rules": "\nDubHacks16f Code of Conduct: http://16f.dubhacks.co/dubhacks_code_of_conduct.pdf", "hackathon-prizes": [{"prize-content": "Use your tech skills for good and hack online harassment. Build a software solution that can help reduce the frequency and/or severity of online harassment and win a HackHarassment Swag Bag.", "prize-title": "#HackHarassment"}, {"prize-content": "Everything is part of the internet of things now - from your phone to your fitness band to your thermostat. Build a hack that utilizes private data being collected from your devices, and show how you can turn potential vulnerabilities into something constructive.", "prize-title": "Watch Dogs\u00ae 2 Best Device Privacy Hack"}, {"prize-content": "1 TB Hard Drives", "prize-title": "Amazon Web Services - Best Use of AWS"}, {"prize-content": "Domain.com Swag Bags", "prize-title": "Best Domain Name from Domain.com"}, {"prize-content": "Skateboards and DSLR Cameras", "prize-title": "Clarifai API Prize"}, {"prize-content": "Snowboards/Longboards or Mountain Bikes", "prize-title": "Best use of Data Visualization"}, {"prize-content": "Taskar Center Prize", "prize-title": "Best Accessibility Project"}, {"prize-content": "BB8 Droids", "prize-title": "Best Collaboration of Creativity and Technology"}, {"prize-content": "DGI Drones", "prize-title": "Best Use for Rapid API"}, {"prize-content": "Prizes will be given out by Microsoft", "prize-title": "Best Use of Microsoft Technology"}, {"prize-content": "1 TUNE 3-D Printer", "prize-title": "Best VR Hack"}, {"prize-content": "Amazon Echos from Accolade/a16z + Drones from Zillow + Rasberry PI from Microsoft", "prize-title": "1st Place"}, {"prize-content": "Xbox Kinects from Microsoft + Amazon Echos from Amazon Alexa", "prize-title": "2nd Place"}, {"prize-content": "Rasberry PI from Microsoft", "prize-title": "3rd Place"}], "hackathon-location-google-maps": "https://maps.google.com/?q=Mary Gates Hall, 1851 NE Grant Ln, Seattle, WA 98105, USA", "hackathon-url": "https://dubhacks16f.devpost.com/", "hackathon-judging-criteria": [{"judging-criterion": ""}], "hackathon-location-address": "Mary Gates Hall, 1851 NE Grant Ln, Seattle, WA 98105, USA", "hackathon-description-header": "We believe in empowering and enriching humanity.  We connect people and new perspectives to promote inclusion, diversity, and accessibility.   We build solutions for problems worth solving, together.", "hackathon-prizes-total": "0", "hackathon-location-description": "University of Washington", "hackathon-end-date": "2016-10-16", "has-projects": "True"}