{"hackathon-description-text": "\nTechweek is proud to host a 24-hour hackathon - join developers and hackers for an all-day frenzy of fun, camaraderie and coding. At the end, each team will have created an entirely new application that they will showcase to a panel of judges in the hopes of being crowned the winners!", "hackathon-number-of-prizes": "3", "hackathon-id": "techweek", "hackathon-judges": [{"judge-role": "Cerner", "judge-name": "Gabe Henkes - Software Architect"}, {"judge-role": "Captain Code For Kansas City", "judge-name": "Paul Barham"}, {"judge-role": "Managing Director at KC Digital Drive", "judge-name": "Aaron Deacon"}, {"judge-role": "Senior Software Engineer", "judge-name": "Bill Ayakatubby"}], "hackathon-number-of-judges": "4", "hackathon-eligibility": "", "hackathon-number-of-participants": "46", "hackathon-is-colocated": "True", "hackathon-has-ended": "True", "hackathon-number-of-judging-criteria": "3", "hackathon-requirements": "", "hackathon-rules": "", "hackathon-prizes": [{"prize-content": "Grand Prize Team will receive a $2000 Cash Prize (up to 4 members)", "prize-title": "Cash Prize"}, {"prize-content": "", "prize-title": "4 Parrot AR.Drone 2.0 Elite Edition Quadcopters"}, {"prize-content": "Grand Prize Team (4) and Runner-Up Team (4) members will receive a Techweek Executive Ticket to a 2016/2017 city of their choice ($150 value)", "prize-title": "Techweek Executive Level Tickets "}], "hackathon-location-google-maps": "https://maps.google.com/?q=The Globe Building, 1712 Main St, Kansas City, MO 64108, USA", "hackathon-url": "https://techweek.devpost.com/", "hackathon-judging-criteria": [{"judging-criterion": "Are you solving a real problem in an interesting way? You are not required to explain how your app makes money, unless that is part of the problem you solve."}, {"judging-criterion": "How will did you present?"}, {"judging-criterion": "How much progress did you make on your application?"}], "hackathon-location-address": "The Globe Building, 1712 Main St, Kansas City, MO 64108, USA", "hackathon-description-header": "Join us at the Think Big Partners for the 2nd Annual Techweek Kansas City Hackathon", "hackathon-prizes-total": "$5,280", "hackathon-location-description": "Think Big Partners", "hackathon-end-date": "2016-09-18", "has-projects": "True"}