{"hackathon-description-text": "\nHack@Smith: Closing the Gender G(app) is Smith College\u2019s premier hackathon. Sponsored by Smith\u2019s Computer Science club, \u201cSmithies in CS\u201d, students from all over the east coast will be invited to Smith\u2019s campus for our 24-hour hackathon in March.", "hackathon-number-of-prizes": "7", "hackathon-id": "hacksmith", "hackathon-judges": [{"judge-role": "", "judge-name": "Will be Announced"}], "hackathon-number-of-judges": "1", "hackathon-eligibility": "\nAll participants must either be currently pursuing a degree or taking time off from school with the intent of returning.", "hackathon-number-of-participants": "44", "hackathon-is-colocated": "True", "hackathon-has-ended": "False", "hackathon-number-of-judging-criteria": "1", "hackathon-requirements": "\nMake sure you select the right sponsor and category prizes you want to be considered for, and add any keywords you think might help others to find your project on Challengepost!", "hackathon-rules": "\nWe are following Major League Hacking's (MLH)\u00a0Code of Conduct, found here:\u00a0", "hackathon-prizes": [{"prize-content": "$100/team member, up to 4 members", "prize-title": "Best Overall Hack"}, {"prize-content": "$50/team member, up to 4 members", "prize-title": "Best Webapp Hack"}, {"prize-content": "$50/team member, up to 4 members", "prize-title": "Best Mobile Hack"}, {"prize-content": "$50/team member, up to 4 members", "prize-title": "Best Hardware Hack"}, {"prize-content": "Awarded to the team where Hack@Smith is the first hackathon for each member. If there are several such teams, this prize will be awarded to the team with the best hack. $50/team member, up to 4 members.", "prize-title": "Best First Time Hack"}, {"prize-content": "The First Time Coder award will be given to 4 first-time coders (meaning, no previous coding experience) who create the programs with the highest level of sophistication by the end of the 24 hour hacking period.", "prize-title": "Best First Time Coder"}, {"prize-content": "The Social Media Award will be given to the individual who posts the greatest number of original, creative Tweets (with the hackatsmith twitter account tagged) and Facebook posts (with the Hack At Smith page tagged). In the case of a tie between two individuals, the award will be granted to the individual with the most diverse and interesting posts.", "prize-title": "Social Media Award (Sponsored by the Smith College Center for Women and Financial Independence)"}], "hackathon-location-google-maps": "https://maps.google.com/?q=Smith College, Northampton, MA 01063, USA", "hackathon-url": "https://hacksmith.devpost.com/", "hackathon-judging-criteria": [{"judging-criterion": ""}], "hackathon-location-address": "Smith College, Northampton, MA 01063, USA", "hackathon-description-header": "Hack to close the gender gap.", "hackathon-prizes-total": "$1,450", "hackathon-location-description": "", "hackathon-end-date": "", "has-projects": "False"}