{"hackathon-description-text": "\nConnected Lab, the global leader in connected software experiences, is hosting the Amazon Alexa and Echo Hackathon from Friday, March 11, 2016 to Sunday, March 13, 2016 at Connected Lab\u2019s Headquarters in Toronto, Ontario. The Amazon Alexa and Echo Hackathon will explore voice-based user interfaces for Alexa, the software that supports Amazon\u2019s Echo hardware.", "hackathon-number-of-prizes": "2", "hackathon-id": "alexaechohackathon", "hackathon-judges": [{"judge-role": "Principal Alexa Evangelist, Amazon", "judge-name": "Paul Cutsinger"}, {"judge-role": "VP Engineering, Connected Lab", "judge-name": "Damian McCabe"}, {"judge-role": "Emerging Tech Lead, Nanoleaf", "judge-name": "Nathan Dyck"}, {"judge-role": "CTO, Rakuten Kobo", "judge-name": "Trevor Hunter"}, {"judge-role": "Alexa Evangelist, Amazon", "judge-name": "Robert McCauley"}], "hackathon-number-of-judges": "5", "hackathon-eligibility": "", "hackathon-number-of-participants": "45", "hackathon-is-colocated": "True", "hackathon-has-ended": "False", "hackathon-number-of-judging-criteria": "6", "hackathon-requirements": "", "hackathon-rules": "\n", "hackathon-prizes": [{"prize-content": "Each team member will receive an Amazon Echo (USD $179.99, not available for sale in Canada yet).", "prize-title": "Amazon Echo (for each winning member of team)"}, {"prize-content": "", "prize-title": "Interview for paid internship or full-time opportunity with Connected Lab"}], "hackathon-location-google-maps": "https://maps.google.com/?q=370 King St W #300, Toronto, ON M5V 1J9, Canada", "hackathon-url": "https://alexaechohackathon.devpost.com/", "hackathon-judging-criteria": [{"judging-criterion": "\u201cWhat can voice interfaces do better than apps?\u201d"}, {"judging-criterion": "Voice interface, grading of voice experience, UI/UX if it involves apps"}, {"judging-criterion": "Non-obviousness (novelty)?, is it in a new unexpected way? Use case and desirability."}, {"judging-criterion": "AWS, Amazon products, cloud, etc."}, {"judging-criterion": ""}, {"judging-criterion": ""}], "hackathon-location-address": "370 King St W #300, Toronto, ON M5V 1J9, Canada", "hackathon-description-header": "Finding opportunities where a voice interface is better than a graphic interface. Basically bringing the movie, \"Her,\" to life.", "hackathon-prizes-total": "$716", "hackathon-location-description": "Connected Lab Headquarters", "hackathon-end-date": "", "has-projects": "False"}