{"hackathon-description-text": "\n\u00a0", "hackathon-number-of-prizes": "12", "hackathon-id": "hackholyoke-iv", "hackathon-judges": [{"judge-role": "", "judge-name": "Mara Breen"}, {"judge-role": "", "judge-name": "Michael Davis"}, {"judge-role": "", "judge-name": "Josepha Martin"}, {"judge-role": "", "judge-name": "Anne Schlereth"}, {"judge-role": "", "judge-name": "Steven Schmeiser"}], "hackathon-number-of-judges": "5", "hackathon-eligibility": "\nYou must be an\u00a0", "hackathon-number-of-participants": "106", "hackathon-is-colocated": "True", "hackathon-has-ended": "True", "hackathon-number-of-judging-criteria": "4", "hackathon-requirements": "", "hackathon-rules": "\n\n-No alcoholic beverages, drug usage, or smoking is allowed\n-No smoking within 20 feet of the building.\n\n\n-You may brainstorm projects before HackHolyoke, however you cannot submit projects completed prior to HackHolyoke. Anything you submit must be purely the work completed within the allotted time limit.\u00a0\n-You must be a current undergraduate student in order to be eligible for prizes.\n-Must be original works from the hackers (You may brainstorm ideas and make plans prior)\n-Use of API\u2019s and open source material is allowed\n\n\n-Be kind to others. Do not insult or put down other attendees.\n- Behave professionally.\u00a0\n- Harassment of any sort is prohibited. Harassment includes, offensive verbal comments related to gender, sexual orientation, disability, physical appearance, body size, race, religion, sexual images in public spaces, deliberate intimidation, stalking, following, harassing photography or recording, sustained disruption of talks or other events, inappropriate physical contact, and unwelcome sexual attention. (Remember we are an all-inclusive community and want everyone to feel welcome and safe!)\n\nHAVE FUN! Take this time to be innovative, get to meet really cool people, and learn something new.\n\n**Attendees violating these rules may be asked to leave the Hackathon at the sole discretion of the Hackathon organizers. Thank you for helping make this a welcoming, friendly event for all!", "hackathon-prizes": [{"prize-content": "Use your tech skills for good and hack online harassment. Build a software solution that can help reduce the frequency and/or severity of online harassment. Win HackHarassment Swag Bag.", "prize-title": "#HackHarassment"}, {"prize-content": "Everything is part of the internet of things now - from your phone to your fitness band to your thermostat. Build a hack that utilizes private data being collected from your devices, and show how you can turn potential vulnerabilities into something constructive. Prize: Collector's Edition of Watch Dogs 2", "prize-title": "Watch Dogs\u00ae 2 Best Device Privacy Hack"}, {"prize-content": "1 TB Hard Drives", "prize-title": "Amazon Web Services - Best Use of AWS"}, {"prize-content": "Domain.com Swag Bags", "prize-title": "Best Domain Name from Domain.com"}, {"prize-content": "Go Pros, Indico API Credit, .tech domains", "prize-title": "1st place"}, {"prize-content": "Google Home", "prize-title": "2nd place"}, {"prize-content": "Beats headsets & $250 Indico API credit", "prize-title": "3rd place "}, {"prize-content": "Quadcopters", "prize-title": "Best Non-tech Hack"}, {"prize-content": "Airbnb coupons", "prize-title": "Most Beneficial to Society"}, {"prize-content": "Fitbits", "prize-title": "Most Innovative"}, {"prize-content": "Leap Motions", "prize-title": "Best Hardware Hack"}, {"prize-content": "Echo Dots", "prize-title": "Best Newbie Hack"}], "hackathon-location-google-maps": "https://maps.google.com/?q=50 College St, South Hadley, MA 01075, USA", "hackathon-url": "https://hackholyoke-iv.devpost.com/", "hackathon-judging-criteria": [{"judging-criterion": ""}, {"judging-criterion": ""}, {"judging-criterion": ""}, {"judging-criterion": ""}], "hackathon-location-address": "50 College St, South Hadley, MA 01075, USA", "hackathon-description-header": "The first women's college hackathon", "hackathon-prizes-total": "$44,280", "hackathon-location-description": "Mount Holyoke College - Chapin Auditorium", "hackathon-end-date": "2016-11-05", "has-projects": "True"}