{"hackathon-description-text": "\nWarwickHACK is a hackathon where Programmers, Entrepreneurs, Designers and Developers come together to build, make and create. The event is a classic hackathon, where you have 24 hours to go crazy with your ideas! There will be prizes available for attendees who have the mostfor the most innovative, creative and different uses of sponsor APIs as well as prizes for entrepreneurship. More details will be coming soon!", "hackathon-number-of-prizes": "1", "hackathon-id": "warwickhack", "hackathon-judges": [{"judge-role": "", "judge-name": "TBC"}], "hackathon-number-of-judges": "1", "hackathon-eligibility": "\n- 18 or older and be a student or have graduated in the current year\n-\u00a0Must have ID on hand to enter the event\n\u00a0", "hackathon-number-of-participants": "30", "hackathon-is-colocated": "False", "hackathon-has-ended": "False", "hackathon-number-of-judging-criteria": "1", "hackathon-requirements": "\n-\u00a0", "hackathon-rules": "\nIn order to enter, you must be 18 or older and be a student or have graduated in the current year. You must able to present student ID to organisers upon entry to the event. Submissions must be created on the day for entry into the prize competition, but anything can be worked on during the event.", "hackathon-prizes": [{"prize-content": "", "prize-title": "Will be Announced Soon"}], "hackathon-location-google-maps": "", "hackathon-url": "https://warwickhack.devpost.com/", "hackathon-judging-criteria": [{"judging-criterion": ""}], "hackathon-location-address": "", "hackathon-description-header": "24 hour hackathon hosted at Warwick University", "hackathon-prizes-total": "0", "hackathon-location-description": "", "hackathon-end-date": "", "has-projects": "False"}