{"hackathon-description-text": "\n\u00a0is scheduled for", "hackathon-number-of-prizes": "21", "hackathon-id": "pennapps-xv", "hackathon-judges": [{"judge-role": "", "judge-name": "A Killer Judging Panel"}], "hackathon-number-of-judges": "1", "hackathon-eligibility": "\nIf you applied to PennApps\u00a0XV,\u00a0", "hackathon-number-of-participants": "606", "hackathon-is-colocated": "True", "hackathon-has-ended": "True", "hackathon-number-of-judging-criteria": "4", "hackathon-requirements": "\nMake your project, submit your hack to Devpost\u00a0and attend the PennApps expo\u00a0to show off what you built. You\u00a0\n\u00a0", "hackathon-rules": "\nOnly teams comprised wholly of eligible participants that submit their hacks to this DevPost, and then go on to demo their hack at the PennApps expo can win prizes.", "hackathon-prizes": [{"prize-content": "Oculus Rift + Nintendo Switch + GoPro Session; Lutron Plug-In Dimmer Kit.", "prize-title": "PennApps XV Grand Prize"}, {"prize-content": "Nintendo Switch + GoPro Session", "prize-title": "PennApps XV Second Place Prize"}, {"prize-content": "Nintendo Switch", "prize-title": "PennApps XV Third Place Prize"}, {"prize-content": "Hacks that have applications in wellness, medicine and healthcare. Prize: NeuroSky Mindwave Mobile: Brainwave Starter Kit and Surface Pro 4s.", "prize-title": "PennApps Route | Best Health Hack"}, {"prize-content": "Hacks that have applications in education.Prize: Patagonia backpack & 1 TB external hard drive.", "prize-title": "PennApps Route | Best Education Hack"}, {"prize-content": "Hacks where the main focus is on hardware. Prize: Hardware kits for each team member", "prize-title": "PennApps Route | Best Hardware Hack"}, {"prize-content": "Hacks where the main focus is on Virtual/Augmented Reality. Prizes: Logitech Z623 200 Watt Home Speaker System + Amazon Echo Dot", "prize-title": "PennApps Route | Best VR/AR Hack"}, {"prize-content": "Hacks with a primary goal geared towards issues of social or civic impact, or focus on a local community. Prizes: Logitech Z623 200 Watt Home Speaker System + Amazon Echo Dot", "prize-title": "PennApps Route | Best Social/Civic Hacking Hack"}, {"prize-content": "Presented by Capital One. Winners will receive $400 Amazon gift cards each.", "prize-title": "Best Use of the Capital One API - Nessie"}, {"prize-content": "Presented by Datto. Winners will receive $200 gift cards each.", "prize-title": "Best Use of Encryption/Security"}, {"prize-content": "Given to the hack which demonstrates a good integration between hardware and software. Presented by Lutron. Winners will receive Lutron Cas\u00e9ta Wireless Smart Lighting Plug-in Lamp Dimmer Kits (HomeKit-enabled).", "prize-title": "Lutron IoT Prize"}, {"prize-content": "Presented by 1517 Fund. This prize package, including a $1K grant, $5K in AWS credits, and ongoing mentorship will go to the team that creates a unique and creative product that they'd like to bring to market.", "prize-title": "1517 Prize Package"}, {"prize-content": "Presented by NameCheap. Winners will receive $150 credit in their NameCheap accounts.", "prize-title": "Best Domain Name Registered in PennApps XV"}, {"prize-content": "Presented by Button. The prize will go to the hack that best adds a Button to their iOS , Android, or mobile web app. Each winning team member will get an Amazon echo (or similarly priced prize of the team member's choice).", "prize-title": "Best Use of Button"}, {"prize-content": "Presented by L3 Technologies. Prize: Cheerwing Syma X5SW-V3 FPV for each team member", "prize-title": "The Most Innovative Embedded Hack"}, {"prize-content": "Presented by Two Sigma. Given to the hack that displays the best use of Beaker or best use of data analysis. Prize: $200 AMEX Gift Cards per team member.", "prize-title": "Best Data Science Project/Best Use of Beaker"}, {"prize-content": "Given to the best space-related hack. Prize: Google Homes", "prize-title": "Best Space Hack"}, {"prize-content": "Give to the hack displaying the best user experience. Prize: Google Homes", "prize-title": "Best User Experience"}, {"prize-content": "Given to the hack that displays the most use to students. Prize: Logitech Z623 200 Watt Home Speaker System", "prize-title": "Most Useful to Students"}, {"prize-content": "It's a surprise!!!", "prize-title": "Most Humorous Hack"}, {"prize-content": "Presented by AddLab. Prize: $50 in 3D Printing Credit.", "prize-title": "Best Use of Rapid Prototyping, sponsored by AddLab"}], "hackathon-location-google-maps": "https://maps.google.com/?q=220 S 33rd St, Philadelphia, PA 19104, USA", "hackathon-url": "https://pennapps-xv.devpost.com/", "hackathon-judging-criteria": [{"judging-criterion": "Is the hack technically interesting or difficult? Is it just some lipstick on an API, or were there real technical challenges to surmount? This is the most important criterion that your hack will be judged upon for the general prizes."}, {"judging-criterion": "Is the hack more than just another generic social/mobile/local app? Does it do something entirely novel, or at least take a fresh approach to an old problem?"}, {"judging-criterion": "Is the hack usable in its current state? Is the user experience smooth? Does everything appear to work? Is it well designed?"}, {"judging-criterion": "Is the hack practical? Is it something people would actually use? Does it fulfill a real need people have?"}], "hackathon-location-address": "220 S 33rd St, Philadelphia, PA 19104, USA", "hackathon-description-header": "Ad Astra", "hackathon-prizes-total": "$51,340", "hackathon-location-description": "University of Pennsylvania", "hackathon-end-date": "2017-01-22", "has-projects": "True"}