{"hackathon-description-text": "\nUnituhack is the first student & staff hackathon, bringing them together to form a team for one day to co-create technological innovations and solutions to specific challenges found in universities.", "hackathon-number-of-prizes": "4", "hackathon-id": "unituhack-warwick", "hackathon-judges": [{"judge-role": "Co-design Manager at Jisc", "judge-name": "Paul Bailey"}, {"judge-role": "Academic Enhancement and Course Leader, MA Ed at Buckinghamshire New University", "judge-name": "Rebecca Rochon"}, {"judge-role": "Student Activities and Representation Coordinator and at the Quality Assurance Agency", "judge-name": "Emma Hedges"}], "hackathon-number-of-judges": "3", "hackathon-eligibility": "\nTo submit your project, you have to attend Unituhack Warwick\u00a0and be a student/developer/designer/university staff member.", "hackathon-number-of-participants": "9", "hackathon-is-colocated": "True", "hackathon-has-ended": "False", "hackathon-number-of-judging-criteria": "5", "hackathon-requirements": "\nWhen you submit your project, make sure you submit a description\u00a0of your project before the hacking time is finished.", "hackathon-rules": "\nAll attendees\u00a0\n abide by the\u00a0", "hackathon-prizes": [{"prize-content": "First Place Unitu Trophy", "prize-title": "First Place"}, {"prize-content": "\u00a315 Amazon Voucher", "prize-title": "Second Place"}, {"prize-content": "\u00a310 Amazon Voucher", "prize-title": "Third Place"}, {"prize-content": "Jisc USB Flash Drives", "prize-title": "The Federico Prize (Most Passionate Pitch)"}], "hackathon-location-google-maps": "https://maps.google.com/?q=WMG, IIPSI, University Road, University of Warwick, Coventry, CV4 7AL", "hackathon-url": "https://unituhack-warwick.devpost.com/", "hackathon-judging-criteria": [{"judging-criterion": "How well does the solution solve the problem? Is it better than other solutions/services currently being used?"}, {"judging-criterion": "How well was the product built/designed? Is it intuitive?"}, {"judging-criterion": "How many people does your solution have an impact on? Does it have an impact on both students and staff? Does your product adapt to types of users?"}, {"judging-criterion": "Can your product be used in different departments and universities? How efficiently and effectively can it scale across to different departments and universities?"}, {"judging-criterion": "Overall effectiveness of the presentation. Did the presenter(s) engage the audience and hold their attention?\nWere visual aids clear and valuable?\nWas the pitch exciting and compelling?\nHow efficiently did the team allot their time?"}], "hackathon-location-address": "WMG, IIPSI, University Road, University of Warwick, Coventry, CV4 7AL", "hackathon-description-header": "Create solutions to your educational challenges", "hackathon-prizes-total": "\u00a3520", "hackathon-location-description": "Warwick Manufacturing Group", "hackathon-end-date": "", "has-projects": "False"}