{"hackathon-description-text": "\nCome join us for a fantastic weekend of coding together! Form a team of up to three people and design, develop, and present a project in front of your peers! Schedule for the weekend is as follows:", "hackathon-number-of-prizes": "5", "hackathon-id": "hackmarist-2016", "hackathon-judges": [{"judge-role": "The Hartford", "judge-name": "Matthew Musich"}, {"judge-role": "Marist College", "judge-name": "Matthew Johnson"}, {"judge-role": "The Hartford", "judge-name": "Christopher Waxenberg"}, {"judge-role": "Major League Hacking", "judge-name": "Carl Domingo"}], "hackathon-number-of-judges": "4", "hackathon-eligibility": "\nIn order to be eligible for hackMarist, you must currently be pursuing an undergraduate degree at any university.", "hackathon-number-of-participants": "42", "hackathon-is-colocated": "True", "hackathon-has-ended": "False", "hackathon-number-of-judging-criteria": "6", "hackathon-requirements": "", "hackathon-rules": "\nEveryone in attendance of hackMarist is required to follow the\u00a0\n\u00a0as well as the following rules:\n\u00a0\n\u00a0", "hackathon-prizes": [{"prize-content": "", "prize-title": "Overall Best"}, {"prize-content": "Use your tech skills for good and hack online harassment. Build a software solution that can help reduce the frequency and/or severity of online harassment. Win a HackHarassment Swag Bag.", "prize-title": "#HackHarassment"}, {"prize-content": "Winning team wins Collector's Edition of Watch Dogs\u00ae 2", "prize-title": "Watch Dogs\u00ae 2 Best Device Privacy Hack"}, {"prize-content": "1 TB Hard Drives", "prize-title": "Amazon Web Services - Best Use of AWS"}, {"prize-content": "Domain.com Swag Bags", "prize-title": "Best Domain Name from Domain.com"}], "hackathon-location-google-maps": "https://maps.google.com/?q=3399 North Rd, Poughkeepsie, NY 12601, USA", "hackathon-url": "https://hackmarist-2016.devpost.com/", "hackathon-judging-criteria": [{"judging-criterion": "How creative is the idea? How good is it promoting whatever subject it's aimed towards?"}, {"judging-criterion": "How well did the contestant implement the idea?"}, {"judging-criterion": "How well was the project presented?"}, {"judging-criterion": "How much did they learn? How much were they able to improve in the span of 48 hours?"}, {"judging-criterion": "How well was the code put together? Comments?"}, {"judging-criterion": "Extra points for something extra special."}], "hackathon-location-address": "3399 North Rd, Poughkeepsie, NY 12601, USA", "hackathon-description-header": "Marist College's first intercollegiate Hackathon!", "hackathon-prizes-total": "0", "hackathon-location-description": "Marist College - Murray Student Center", "hackathon-end-date": "", "has-projects": "False"}