{"hackathon-description-text": "\nMangoHacks is a place for discovery. It is a 36 hour hackathon that encourages learning, collaboration, growth, thinking, and innovation. We will welcome 250+ students from Florida and across the country, amazing mentors, and wonderful sponsors to create amazing things. MangoHacks is organized by students for students. It\u2019ll be sweet. We promise.", "hackathon-number-of-prizes": "10", "hackathon-id": "mangohacks16", "hackathon-judges": [{"judge-role": "", "judge-name": "A panel of awesome judges!"}], "hackathon-number-of-judges": "1", "hackathon-eligibility": "", "hackathon-number-of-participants": "90", "hackathon-is-colocated": "True", "hackathon-has-ended": "True", "hackathon-number-of-judging-criteria": "3", "hackathon-requirements": "", "hackathon-rules": "\n\nTL;DR. Be repectful. Harassment and abuse are never tolerated. If you are in a situation that makes you uncomfortable at an officially sanctioned MLH event, if the event itself is creating an unsafe or inappropriate environment, or if interacting with a MLH representative or event organizer makes you uncomfortable, please report it using the procedures included in \n\u00a0document.\u00a0", "hackathon-prizes": [{"prize-content": "", "prize-title": "Overall"}, {"prize-content": "", "prize-title": "State Farm's Favorite"}, {"prize-content": "", "prize-title": "Best Use of AWS"}, {"prize-content": "", "prize-title": "Best Domain Name"}, {"prize-content": "", "prize-title": "Best Use Of MiamiBeach API"}, {"prize-content": "", "prize-title": "Best Newbie Team"}, {"prize-content": "", "prize-title": "Best Design"}, {"prize-content": "", "prize-title": "Most Ridiculous"}, {"prize-content": "", "prize-title": "Organizers Choice"}, {"prize-content": "", "prize-title": "Best Hardware Hack"}], "hackathon-location-google-maps": "https://maps.google.com/?q=E Campus Cir, Miami, FL, USA", "hackathon-url": "https://mangohacks16.devpost.com/", "hackathon-judging-criteria": [{"judging-criterion": ""}, {"judging-criterion": ""}, {"judging-criterion": ""}], "hackathon-location-address": "E Campus Cir, Miami, FL, USA", "hackathon-description-header": "Dream, learn, and create something sweet.", "hackathon-prizes-total": "0", "hackathon-location-description": "Florida International University PG6 - Tech Station", "hackathon-end-date": "2016-03-06", "has-projects": "True"}