{"hackathon-description-text": "\nSpecialus\u00a0Microsoft konkursas Solid Education rudens Hackathon'o dalyviams. Laim\u0117toj\u0173 laukia du Microsoft \u012fsteigti prizai - Surface2 plan\u0161etiniai kompiuteriai!", "hackathon-number-of-prizes": "2", "hackathon-id": "se-hack-2014-11", "hackathon-judges": [{"judge-role": "Technical Evangelist at Microsoft Baltics", "judge-name": "Tautvydas D."}, {"judge-role": "Solid Education", "judge-name": "Paulius"}], "hackathon-number-of-judges": "2", "hackathon-eligibility": "\nKonkurse gali dalyvauti Solid Education rudens Hackathon komandos.", "hackathon-number-of-participants": "9", "hackathon-is-colocated": "True", "hackathon-has-ended": "True", "hackathon-number-of-judging-criteria": "5", "hackathon-requirements": "\n\u017daidimas turi b\u016bti patalpintas", "hackathon-rules": "\nKonkursas skirtas Solid Education Hackathon'e dalyvavusioms komandoms.", "hackathon-prizes": [{"prize-content": "Microsoft Surface 2", "prize-title": "Geriausias \u017eaidimas"}, {"prize-content": "Microsoft Surface 2", "prize-title": "Geriausias \u017eaidimas"}], "hackathon-location-google-maps": "https://maps.google.com/?q=Lithuania", "hackathon-url": "https://se-hack-2014-11.devpost.com/", "hackathon-judging-criteria": [{"judging-criterion": "Geriausiai i\u0161baigtas \u017eaidimas, dizainas ir veikimas \u012fvairiuose \u012frenginiuose."}, {"judging-criterion": "\u017daidimas turi veikti \u012fvairiuose \u012frenginiuose - telefonuose ir plan\u010det\u0117se"}, {"judging-criterion": ""}, {"judging-criterion": "\u017daidimo scenarijus, lygiai ir pan."}, {"judging-criterion": "\u017daidimo dizaino kokyb\u0117"}], "hackathon-location-address": "Lithuania", "hackathon-description-header": "Windows Phone App challenge for Solid Education students", "hackathon-prizes-total": "0", "hackathon-location-description": "", "hackathon-end-date": "2014-12-15", "has-projects": "True"}