{"hackathon-description-text": "\n\"", "hackathon-number-of-prizes": "4", "hackathon-id": "edtech-asia-hackathon", "hackathon-judges": [{"judge-role": "CEO, Founder c\u1ee7a GotIt!", "judge-name": "H\u00f9ng Tr\u1ea7n"}, {"judge-role": "Co-founder & Managing Director, EdTech Asia", "judge-name": "Mike Michalec"}, {"judge-role": "Co-Founder, YOLA", "judge-name": "Ng\u00f4 Th\u00f9y Ng\u1ecdc T\u00fa"}, {"judge-role": "Co-founder & CTO, TOPICA Edtech Group", "judge-name": "Nguy\u1ec5n Th\u00e0nh Trung"}, {"judge-role": "Deputy General Director, Tinhvan Education", "judge-name": "Ph\u1ea1m Th\u00fac Tr\u01b0\u01a1ng L\u01b0\u01a1ng"}, {"judge-role": "Vice President of Operations, VNG Corporations", "judge-name": "Nguy\u1ec5n Ho\u00e0nh Ti\u1ebfn"}, {"judge-role": "CTO FPT", "judge-name": "L\u00ea H\u1ed3ng Vi\u1ec7t"}, {"judge-role": "CTO, GAMOTA", "judge-name": "Nguy\u1ec5n T\u00e0i Tu\u1ec7"}], "hackathon-number-of-judges": "8", "hackathon-eligibility": "", "hackathon-number-of-participants": "54", "hackathon-is-colocated": "True", "hackathon-has-ended": "True", "hackathon-number-of-judging-criteria": "6", "hackathon-requirements": "", "hackathon-rules": "\n1. \u0110\u01b0\u1ee3c l\u00ean \u00fd t\u01b0\u1edfng tr\u01b0\u1edbc, kh\u00f4ng \u0111\u01b0\u1ee3c code tr\u01b0\u1edbc\n2. \u0110\u01b0\u1ee3c chu\u1ea9n b\u1ecb c\u00e1c platform, library, m\u00e3 ngu\u1ed3n m\u1edf tr\u01b0\u1edbc (Ph\u1ea3i l\u00e0 m\u00e3 ngu\u1ed3n m\u1edf \u0111\u00e3 public tr\u01b0\u1edbc ng\u00e0y 20/3/2016)\n3. \u0110\u01b0\u1ee3c s\u1eed d\u1ee5ng c\u00e1c API public c\u1ee7a c\u00e1c \u0111\u01a1n v\u1ecb th\u1ee9 3 (\u0111\u01b0\u1ee3c public tr\u01b0\u1edbc 20/3/2016)\n4. C\u00f4ng c\u1ee5 v\u00e0 m\u00f4i tr\u01b0\u1eddng l\u1eadp tr\u00ecnh: C\u00e1c \u0111\u1ed9i ch\u1ecbu tr\u00e1ch nhi\u1ec7m trong vi\u1ec7c chu\u1ea9n b\u1ecb v\u00e0 thi\u1ebft l\u1eadp c\u00f4ng c\u1ee5 v\u00e0 m\u00f4i tr\u01b0\u1eddng l\u1eadp tr\u00ecnh tr\u01b0\u1edbc tr\u00ean m\u00e1y t\u00ednh c\u00e1 nh\u00e2n.\n5. M\u1ed7i th\u00e0nh vi\u00ean ph\u1ea3i t\u1ea1o 1 account tr\u00ean h\u1ec7 th\u1ed1ng submit m\u00e3 ngu\u1ed3n c\u1ee7a BTC\n6. Ph\u1ea3i c\u00f3 m\u1eb7t t\u1ea1i \u0111\u1ecba \u0111i\u1ec3m thi tr\u01b0\u1edbc 8h ng\u00e0y 9/4/2016\n7. Ph\u1ea3i n\u1ed9p code \u0111\u00fang th\u1eddi h\u1ea1n, tr\u00ean \u0111\u00fang h\u1ec7 th\u1ed1ng do BTC c\u00f4ng b\u1ed1\n8. S\u1ea3n ph\u1ea9m c\u00f3 th\u1ec3 x\u00e2y d\u1ef1ng tr\u00ean Laptop ho\u1eb7c Mobile ho\u1eb7c c\u1ea3 hai.\n9. BTC kh\u00f4ng quy \u0111\u1ecbnh c\u00e1c ch\u1ee7 \u0111\u1ec1 b\u1eaft bu\u1ed9c, c\u00e1c b\u1ea1n c\u00f3 th\u1ec3 t\u00ecm hi\u1ec3u, s\u00e1ng t\u1ea1o c\u00e1c \u00fd t\u01b0\u1edfng \u0111\u1ed9c \u0111\u00e1o, m\u1edbi l\u1ea1 li\u00ean quan \u0111\u1ebfn EdTech (Education Technology)\n10. Th\u00ed sinh ph\u1ea3i ch\u1ecbu tr\u00e1ch nhi\u1ec7m ho\u00e0n to\u00e0n v\u1ec1 b\u1ea3n quy\u1ec1n c\u1ee7a s\u1ea3n ph\u1ea9m, m\u00e3 ngu\u1ed3n (code); Ban t\u1ed5 ch\u1ee9c kh\u00f4ng ch\u1ecbu tr\u00e1ch nhi\u1ec7m v\u1ec1 vi\u1ec7c vi ph\u1ea1m b\u1ea3n quy\u1ec1n c\u1ee7a th\u00ed sinh\n\u00a0\n1. M\u1ed7i \u0111\u1ed9i c\u00f3 03 ph\u00fat \u0111\u1ec3 tr\u00ecnh b\u00e0y s\u1ea3n ph\u1ea9m\n2. C\u00e1c \u0111\u1ed9i n\u00ean demo s\u1ea3n ph\u1ea9m th\u1ef1c t\u1ebf\n3. C\u1ea7n ho\u00e0n thi\u1ec7n v\u00e0 n\u1ed9p l\u1ea1i b\u1ea3n m\u00f4 t\u1ea3 theo m\u1eabu tr\u01b0\u1edbc th\u1eddi gian quy \u0111\u1ecbnh c\u1ee7a BTC\n1. C\u00e1c \u0111\u1ed9i thi kh\u00f4ng \u0111\u01b0\u1ee3c ph\u00e9p mang c\u00e1c source code \u0111\u00e3 c\u00f3 s\u1eb5n \u1edf nh\u00e0.\n2. \u0110\u1ed9i thi \u0111\u01b0\u1ee3c chu\u1ea9n b\u1ecb tr\u01b0\u1edbc \u00fd t\u01b0\u1edfng, c\u00e1c platform, library, m\u00e3 ngu\u1ed3n m\u1edf , c\u00e1c API public c\u1ee7a c\u00e1c \u0111\u01a1n v\u1ecb th\u1ee9 3 (ph\u1ea3i l\u00e0 API hay M\u00e3 ngu\u1ed3n m\u1edf \u0111\u01b0\u1ee3c public tr\u01b0\u1edbc ng\u00e0y 20/3/2016)\n3. M\u1ed7i th\u00e0nh vi\u00ean ph\u1ea3i c\u00f3 1 account tr\u00ean h\u1ec7 th\u1ed1ng submit m\u00e3 ngu\u1ed3n c\u1ee7a BTC\n4. C\u00e1c \u0111\u1ed9i c\u00f3 kho\u1ea3ng 24 gi\u1edd \u0111\u1ec3 code/ho\u00e0n th\u00e0nh s\u1ea3n ph\u1ea9m (48 gi\u1edd cho c\u1ea3 ch\u01b0\u01a1ng tr\u00ecnh) v\u00e0 n\u1ed9p l\u1ea1i BTC.\n5. C\u00e1c thi\u1ebft b\u1ecb h\u1ed7 tr\u1ee3: C\u00e1c ph\u00f2ng thi \u0111\u1ea5u c\u1ee7a ban t\u1ed5 ch\u1ee9c \u0111\u1ec1u \u0111\u01b0\u1ee3c trang b\u1ecb \u0111\u1ea7y \u0111\u1ee7 ngu\u1ed3n \u0111i\u1ec7n v\u00e0 m\u1ea1ng kh\u00f4ng d\u00e2y.\n6. Trong qu\u00e1 tr\u00ecnh l\u1eadp tr\u00ecnh (code), c\u1ee9 30-60 ph\u00fat, c\u00e1c nh\u00f3m c\u1ea7n submit code (c\u00e1c c\u1eadp nh\u1eadt, thay \u0111\u1ed5i) 1 l\u1ea7n; C\u00e1c \u0111\u1ed9i vi ph\u1ea1m c\u00f3 th\u1ec3 b\u1ecb lo\u1ea1i kh\u1ecfi v\u00f2ng thi n\u1ebfu BTC ph\u00e1t hi\u1ec7n c\u1ed1 t\u00ecnh kh\u00f4ng submit code hay gian l\u1eadn.\n7. Trong su\u1ed1t qu\u00e1 tr\u00ecnh thi \u0111\u1ea5u, c\u00e1c th\u00ed sinh kh\u00f4ng \u0111\u01b0\u1ee3c ph\u00e9p r\u1eddi kh\u1ecfi khu v\u1ef1c thi. C\u00e1c tr\u01b0\u1eddng h\u1ee3p \u0111\u1eb7c bi\u1ec7t \u0111\u1ec1u ph\u1ea3i th\u00f4ng b\u00e1o v\u00e0 c\u00f3 s\u1ef1 \u0111\u1ed3ng \u00fd c\u1ee7a BTC.\n8. Trong th\u1eddi gian thi \u0111\u1ea5u, c\u00e1c \u0111\u1ed9i \u0111\u01b0\u1ee3c cung c\u1ea5p \u0111\u1ed3 \u0103n, th\u1ee9c u\u1ed1ng mi\u1ec5n ph\u00ed.\n9. S\u1ea3n ph\u1ea9m s\u00e1ng t\u1ea1o ra t\u1ea1i cu\u1ed9c thi thu\u1ed9c v\u1ec1 \u0111\u1ed9i thi, tuy nhi\u00ean BTC \u0111\u01b0\u1ee3c to\u00e0n quy\u1ec1n s\u1eed d\u1ee5ng th\u00f4ng tin s\u1ea3n ph\u1ea9m v\u00e0 th\u00f4ng tin c\u1ee7a \u0111\u1ed9i thi trong vi\u1ec7c qu\u1ea3ng b\u00e1, truy\u1ec1n th\u00f4ng cho s\u1ef1 ki\u1ec7n hay c\u00e1c \u0111\u01a1n v\u1ecb t\u1ed5 ch\u1ee9c v\u00e0 c\u00e1c \u0111\u01a1n vi t\u00e0i tr\u1ee3.\n10. \u0110\u1ed9i thi c\u00f3 h\u00e0nh \u0111\u1ed9ng sao ch\u00e9p, gian l\u1eadn ho\u1eb7c vi ph\u1ea1m th\u1ec3 l\u1ec7 s\u1ebd l\u1eadp t\u1ee9c b\u1ecb lo\u1ea1i kh\u1ecfi cu\u1ed9c thi.\n11. K\u1ebft th\u00fac th\u1eddi gian thi \u0111\u1ea5u, c\u00e1c \u0111\u1ed9i s\u1ebd demo s\u1ea3n ph\u1ea9m cho Ban gi\u00e1m kh\u1ea3o. S\u1ebd kh\u00f4ng t\u00ednh c\u00e1c s\u1ea3n ph\u1ea9m ch\u01b0a ho\u00e0n th\u00e0nh (tr\u1eeb m\u1ed9t s\u1ed1 tr\u01b0\u1eddng h\u1ee3p \u0111\u1eb7c bi\u1ec7t c\u00f3 th\u1ec3 c\u00f3 do Ban gi\u00e1m kh\u1ea3o quy\u1ebft \u0111\u1ecbnh)\n12. Ban t\u1ed5 ch\u1ee9c c\u00f3 quy\u1ec1n h\u1ee7y b\u1ecf ho\u1eb7c thay \u0111\u1ed5i cu\u1ed9c thi, c\u00e1c \u0111i\u1ec1u kho\u1ea3n v\u00e0 \u0111i\u1ec1u ki\u1ec7n li\u00ean quan m\u00e0 kh\u00f4ng c\u1ea7n th\u00f4ng b\u00e1o trong tr\u01b0\u1eddng h\u1ee3p th\u1ea3m h\u1ecda, chi\u1ebfn tranh, bi\u1ebfn c\u1ed1 qu\u00e2n s\u1ef1, s\u1ef1 c\u1ed1 t\u1ef1 nhi\u00ean, s\u1ef1 vi ph\u1ea1m lu\u1eadt ph\u00e1p hay quy \u0111\u1ecbnh c\u1ee7a s\u1ef1 ki\u1ec7n kh\u00e1c n\u1eb1m ngo\u00e0i t\u1ea7m ki\u1ec3m so\u00e1t c\u1ee7a ban t\u1ed5 ch\u1ee9c.\n13. Ban t\u1ed5 ch\u1ee9c kh\u00f4ng ch\u1ecbu tr\u00e1ch nhi\u1ec7m cho b\u1ea5t k\u1ef3 thi\u1ebfu s\u00f3t, gi\u00e1n \u0111o\u1ea1n, ch\u1eadm tr\u1ec5 c\u1ee7a \u0111\u01b0\u1eddng truy\u1ec1n, c\u00e1c h\u00e0nh \u0111\u1ed9ng tr\u1ed9m c\u1eafp, ph\u00e1 ho\u1ea1i, truy c\u1eadp tr\u00e1i ph\u00e9p, v\u00e0 c\u00e1c h\u00e0nh vi tr\u00e1i ph\u00e1p lu\u1eadt kh\u00e1c c\u1ee7a ng\u01b0\u1eddi tham d\u1ef1.", "hackathon-prizes": [{"prize-content": "", "prize-title": "Tr\u1ecdn g\u00f3i chuy\u1ebfn \u0111i tham d\u1ef1 h\u1ed9i th\u1ea3o Edtech Asia Summit t\u1ea1i Bangkok, Thailand"}, {"prize-content": "", "prize-title": "Gi\u1ea3i th\u01b0\u1edfng FBStart cho Mobile App xu\u1ea5t s\u1eafc nh\u1ea5t"}, {"prize-content": "", "prize-title": "Gi\u1ea3i th\u01b0\u1edfng t\u1eeb Google cho 3 \u0111\u1ed9i th\u1eafng gi\u1ea3i chung cu\u1ed9c"}, {"prize-content": "", "prize-title": "H\u1ecdc b\u1ed5ng to\u00e0n ph\u1ea7n t\u1eeb Topica Founder Institute v\u00e0 Topica Native"}], "hackathon-location-google-maps": "https://maps.google.com/?q=1 L\u01b0\u01a1ng Y\u00ean, B\u1ea1ch \u0110\u1eb1ng, Hai B\u00e0 Tr\u01b0ng, H\u00e0 N\u1ed9i, Vietnam", "hackathon-url": "https://edtech-asia-hackathon.devpost.com/", "hackathon-judging-criteria": [{"judging-criterion": "S\u1ea3n ph\u1ea9m c\u00f3 d\u00f9ng \u0111\u01b0\u1ee3c lu\u00f4n kh\u00f4ng?\nS\u1ea3n ph\u1ea9m c\u00f3 tri\u1ec3n khai \u0111\u01b0\u1ee3c ngay kh\u00f4ng?\nS\u1ea3n ph\u1ea9m c\u00f3 \u0111\u01b0a v\u00e0o \u1ee9ng d\u1ee5ng ngay kh\u00f4ng? S\u1ea3n ph\u1ea9m c\u00f3 s\u1eb5n s\u00e0ng \u0111\u1ec3 startup lu\u00f4n kh\u00f4ng?"}, {"judging-criterion": "S\u1ea3n ph\u1ea9m n\u00e0y tr\u00ean th\u1ecb tr\u01b0\u1eddng c\u00f3 ch\u01b0a?\n\u0110\u00e3 c\u00f3 ai ti\u1ebfp c\u1eadn theo c\u00e1ch n\u00e0y ch\u01b0a?\nS\u1ea3n ph\u1ea9m c\u00f3 \u0111\u1ed9c \u0111\u00e1o kh\u00f4ng?"}, {"judging-criterion": "S\u1ea3n ph\u1ea9m n\u00e0y tr\u00ean th\u1ecb tr\u01b0\u1eddng c\u00f3 ch\u01b0a?\n\u0110\u00e3 c\u00f3 ai ti\u1ebfp c\u1eadn theo c\u00e1ch n\u00e0y ch\u01b0a?\nS\u1ea3n ph\u1ea9m c\u00f3 \u0111\u1ed9c \u0111\u00e1o kh\u00f4ng?"}, {"judging-criterion": "S\u1ea3n ph\u1ea9m c\u00f3 s\u1eed d\u1ee5ng c\u00f4ng ngh\u1ec7 g\u00ec cao si\u00eau?\nS\u1ea3n ph\u1ea9m c\u00f3 s\u1eed d\u1ee5ng ph\u01b0\u01a1ng ph\u00e1p, thu\u1eadt to\u00e1n c\u00f3 g\u00ec \u0111\u1eb7c bi\u1ec7t, kh\u00f3 b\u1eaft ch\u01b0\u1edbc"}, {"judging-criterion": "V\u1ea5n \u0111\u1ec1 \u0111\u01b0\u1ee3c gi\u1ea3i quy\u1ebft c\u00f3 ph\u1ea3i l\u00e0 v\u1ea5n \u0111\u1ec1 nh\u1ee9c nh\u1ed1i kh\u00f4ng?\n\u0110\u00e2y c\u00f3 ph\u1ea3i l\u00e0 v\u1ea5n \u0111\u1ec1 c\u1ee7a nhi\u1ec1u ng\u01b0\u1eddi kh\u00f4ng?"}, {"judging-criterion": "Tr\u00ecnh b\u00e0y trong th\u1eddi gian cho ph\u00e9p kh\u00f4ng?\nC\u00f3 t\u1ef1 tin khi tr\u00ecnh b\u00e0y kh\u00f4ng?\nTeam c\u00f3 \u0111a d\u1ea1ng kh\u00f4ng?\nC\u00f3 h\u1ed7 tr\u1ee3 \u0111\u01b0\u1ee3c c\u00e1c \u0111i\u1ec3m y\u1ebfu c\u1ee7a nhau kh\u00f4ng?"}], "hackathon-location-address": "1 L\u01b0\u01a1ng Y\u00ean, B\u1ea1ch \u0110\u1eb1ng, Hai B\u00e0 Tr\u01b0ng, H\u00e0 N\u1ed9i, Vietnam", "hackathon-description-header": "Khuy\u1ebfn kh\u00edch s\u00e1ng t\u1ea1o \u00fd t\u01b0\u1edfng m\u1edbi li\u00ean quan \u0111\u1ebfn EdTech", "hackathon-prizes-total": "$90,000", "hackathon-location-description": "UP Co-working Space, T\u1ea7ng 8 - T\u00f2a nh\u00e0 Hanoi Creative City", "hackathon-end-date": "2016-04-09", "has-projects": "True"}