{"hackathon-description-text": "\nYHack is a national hackathon hosted by and at Yale University. Join over 1500 undergraduate and high school students for a weekend of hacking. It's the perfect opportunity to meet and learn from other like-minded hackers, all the while honing your own skills. Create a mobile app to stop world hunger, learn the hottest new javascript frameworks, implement a hardware hack that revolutionizes the wearables industry... or just do something for the lulz.", "hackathon-number-of-prizes": "32", "hackathon-id": "yhack2015", "hackathon-judges": [{"judge-role": "Associate Director, Yale SOM", "judge-name": "Kyle Jensen"}, {"judge-role": "Intuit", "judge-name": "Joe Dennis"}, {"judge-role": "Microsoft", "judge-name": "Joshua Drew"}], "hackathon-number-of-judges": "3", "hackathon-eligibility": "", "hackathon-number-of-participants": "432", "hackathon-is-colocated": "True", "hackathon-has-ended": "True", "hackathon-number-of-judging-criteria": "3", "hackathon-requirements": "", "hackathon-rules": "\nPrize winners are strictly limited to those who submit a hack at the end of the hacking period, and then go on to present\u00a0that hack at the YHack\u00a0science fair!\nTeams have a maximum size of 4 people.", "hackathon-prizes": [{"prize-content": "Apple Watch for each team member", "prize-title": "Best Resume Parser &amp; Scorer (Merrit|Edge)"}, {"prize-content": "$1000 + 2 Sigma Swag", "prize-title": "Best Use of Beaker (2 Sigma)"}, {"prize-content": "Surface Pro 3 for each team member", "prize-title": "Best Use of Microsoft APIs"}, {"prize-content": "GoPro for each team member", "prize-title": "Best Use of Fiscal Note"}, {"prize-content": "Star Wars Sphero BB8", "prize-title": "Best Use of PayPal, Braintree, or Venmo"}, {"prize-content": "GoPro for each team member", "prize-title": "Best Use of Hewlett Packard Developer API (Grand Prize)"}, {"prize-content": "Mystery Prize", "prize-title": "Best Use of Hewlett Packard Developer API (2nd place)"}, {"prize-content": "Vacation Package to anywhere JetBlue flies. 2 hotel rooms + 4 plane tickets, 4 nights", "prize-title": "Flight Data API - Grand Prize (JetBlue)"}, {"prize-content": "4 plane tickets (round-trip) to anywhere JetBlue flies", "prize-title": "Flight Data API - Honorable Mention (JetBlue)"}, {"prize-content": "Vacation Package to anywhere JetBlue flies. 2 hotel rooms + 4 plane tickets, 4 nights", "prize-title": "Infinite Scroll Challenge - Grand Prize (JetBlue)"}, {"prize-content": "4 plane tickets (round-trip) to anywhere JetBlue flies", "prize-title": "Infinite Scroll Challenge - Honorable Mention (JetBlue)"}, {"prize-content": "", "prize-title": "Jet Blue Honorable Extra Credit"}, {"prize-content": "Fitbit for each team member", "prize-title": "Best Healthcare Hack (Oscar)"}, {"prize-content": "Intel Tablet per team member", "prize-title": "Best Use of Edison (Intel)"}, {"prize-content": "$500 hotel voucher per team member", "prize-title": "Best Use of Priceline API"}, {"prize-content": "Amazon Gift Cards, Mongo DB Swag, chance to win trip for 4 to NYC for mongodb world 2016", "prize-title": "Best Use of MongoDB"}, {"prize-content": "$200 Amazon Gift Card", "prize-title": "Best Use of NLU (Natural Language Understanding) API"}, {"prize-content": "$200 Amazon Gift Card", "prize-title": "Best Use of Speech (Nuance)"}, {"prize-content": "2 Raspberry Pis", "prize-title": "Innovative Use of Speech (Runner Up) Nuance"}, {"prize-content": "DJI Phantom 3 Standard per team member", "prize-title": "USAA - Best solution that meets a need of a US Military service member, a veteran or their families."}, {"prize-content": "$250 Amazon Gift Card", "prize-title": "Best application with source code smaller than 4k bytes (Datto)"}, {"prize-content": "$500 Amazon Gift Card for the team + Round trip flights and hotel to Menlo Park for the Facebook Hackathon Finals for each team member", "prize-title": "Best Use of Facebook API"}, {"prize-content": "DK2 per team member", "prize-title": "Best Use of Oculus VR"}, {"prize-content": "newegg.com giftcards", "prize-title": "Best project in service of a charitable cause or humanitarian effort (Bloomberg)"}, {"prize-content": "$3000 cash, Gunnar Glasses per team member, Estimote iBeacon Kit per team member, Pebble Steel per team member", "prize-title": "GRAND PRIZE"}, {"prize-content": "$2000 cash", "prize-title": "SECOND PLACE"}, {"prize-content": "$1000 cash", "prize-title": "THIRD PLACE"}, {"prize-content": "$500 cash", "prize-title": "Best Use of Yale API (Yale ITS)"}, {"prize-content": "$1000 cash", "prize-title": "Best Cultural Heritage Hack (Yale Institute of Cultural Heritage)"}, {"prize-content": "$1000 cash", "prize-title": "FINRA Challenge 1"}, {"prize-content": "$1000 cash", "prize-title": "FINRA Challenge 2"}, {"prize-content": "$1000 cash", "prize-title": "FINRA Challenge 3"}], "hackathon-location-google-maps": "https://maps.google.com/?q=70 Tower Pkwy Payne Whitney Gymnasium, New Haven, CT 06511, USA", "hackathon-url": "https://yhack2015.devpost.com/", "hackathon-judging-criteria": [{"judging-criterion": "We like hacks that define and remedy problems in a way that we've never seen before."}, {"judging-criterion": "The project will be judged on how technical it was to implement."}, {"judging-criterion": "What you thought about this project in relation to the others."}], "hackathon-location-address": "70 Tower Pkwy Payne Whitney Gymnasium, New Haven, CT 06511, USA", "hackathon-description-header": "YHack 2015 is the third iteration of Yale's premiere hackathon. For 36 hours, 1500 of the best hackers will converge at Yale University to compete for over $15,000 in prizes.", "hackathon-prizes-total": "$14,650", "hackathon-location-description": "Yale University - Lanman Center", "hackathon-end-date": "2015-11-08", "has-projects": "True"}