{"hackathon-description-text": "\nuWaterloo students hacking for the Waterloo community! Express your creativity and build off of concepts and ideas you have formed in your classes and personal interests. Join the hackathon to show your skills in programming, design, planning, art, mathematics, engineering, science, health, technology, environment and your passion for making a difference amongst your peers.", "hackathon-number-of-prizes": "7", "hackathon-id": "hack-waterloo", "hackathon-judges": [{"judge-role": "Microsoft", "judge-name": "Jin Zhang"}, {"judge-role": "Google", "judge-name": "Raheem Adam"}, {"judge-role": "Enflick", "judge-name": "Derek Ting"}, {"judge-role": "UWaterloo ECE Department", "judge-name": "Bill Bishop"}, {"judge-role": "Kik", "judge-name": "Adam Allidina"}], "hackathon-number-of-judges": "5", "hackathon-eligibility": "\nYou must be a uWaterloo undergraduate student to participate.\u00a0", "hackathon-number-of-participants": "82", "hackathon-is-colocated": "True", "hackathon-has-ended": "True", "hackathon-number-of-judging-criteria": "3", "hackathon-requirements": "\nCreate either a software application or contribute a standalone software module to an existing codebase.\u00a0", "hackathon-rules": "\nParticipants must either begin working on a new project from scratch, or write an independent module for a larger piece of existing software. If the latter is chosen, only the module itself will be taken into consideration for judging.\u00a0", "hackathon-prizes": [{"prize-content": "Awarded to the team which demonstrates the best product/hack/invention.", "prize-title": "Best Hack"}, {"prize-content": "Awarded to the team with the most innovative and unique idea which they attempted to make and demonstrate.", "prize-title": "Most Innovative/impactful"}, {"prize-content": "Awarded to the team with the most user friendly and ascetically pleas- ing design, that engages user experience to a whole new level.", "prize-title": "Best Design"}, {"prize-content": "Awarded to the team who\u2019s hack shows incredible amount of thoughtfulness, consideration with solid logic and clean code; functional like a charm.", "prize-title": "Most Functional"}, {"prize-content": "Awarded to the best hack for a team which has majority Engineering students.", "prize-title": "Engineering Society Award"}, {"prize-content": "Awarded to the best hack for a team which has majority Math/CS students.", "prize-title": "Computer Science Club Award"}, {"prize-content": "Awarded to the best hack for a team which has majority members who have never been in a Hackathon.", "prize-title": "Rookie Award"}], "hackathon-location-google-maps": "https://maps.google.com/?q=Carl A. Pollock Hall, 200 University Avenue West, University of Waterloo, Waterloo, ON N2L 3G1, Canada", "hackathon-url": "https://hack-waterloo.devpost.com/", "hackathon-judging-criteria": [{"judging-criterion": ""}, {"judging-criterion": ""}, {"judging-criterion": ""}], "hackathon-location-address": "Carl A. Pollock Hall, 200 University Avenue West, University of Waterloo, Waterloo, ON N2L 3G1, Canada", "hackathon-description-header": "uWaterloo students hacking for the Waterloo community!", "hackathon-prizes-total": "$2,000", "hackathon-location-description": "", "hackathon-end-date": "2014-03-29", "has-projects": "True"}