{"hackathon-description-text": "\nThe challenge for this series of hackathons is to craft new ways that the processor and All In One PC can be an integral part of the family experience. Ideas and interactivity models range from quantified self to multi-device, multi-player gaming and beyond. While we are not asking you to create a robot of the future, there are ways of utilizing the microprocessor at home for interesting interactivity models.", "hackathon-number-of-prizes": "6", "hackathon-id": "iothacknyc", "hackathon-judges": [{"judge-role": "AT&T", "judge-name": "Ben Nelson"}], "hackathon-number-of-judges": "1", "hackathon-eligibility": "\nTBC", "hackathon-number-of-participants": "49", "hackathon-is-colocated": "True", "hackathon-has-ended": "True", "hackathon-number-of-judging-criteria": "3", "hackathon-requirements": "\nTBC", "hackathon-rules": "\nINTERNET OF THINGS HACKATHON CONTEST\nNo submission may win more than (2) prizes.\nGeneral Terms and Conditions\n\u2022 The Internet of Things Hackathon (\u201cHackathon\u201d) is sponsored and administered by AT&T Mobility LLC (\u201cAT&T\u201d), 1025 Lenox Park Blvd. NE, Atlanta, GA 30319. Additional local sponsors and organizers have also participated in the creation of this event.\n\u2022 Each Hackathon is subject to Official Rules. By participating in a Hackathon\ncontestants agree to be bound by these General Terms and Conditions along with the Official Rules as well as all decisions of the judges and AT&T which are final and binding on all aspects of the Hackathon.\n\u2022 Unless otherwise specified in the Official Rules, Hackathon contestants (team leaders) must be 18 years of age or older and legal residents of the United States in order to be eligible for prizes. Employees, officers and directors of AT&T, Administrator, any prize supplier, and their respective parent companies, subsidiaries and affiliates and their advertising, promotion, and fulfillment\nagencies (the \u201cContest Parties\u201d) are not eligible to enter or win. Immediate family members and household members of such individuals are also not eligible to enter or win. \u201cImmediate family members\u201d shall mean parents, step-parents, legal guardians, children, step-children, siblings, step-siblings, or spouses. \u201cHousehold members\u201d shall mean those people who share the same residence at least three months a year. Subject to all applicable laws. Void outside the U.S. and where prohibited.\n\u2022 Hackathon contestants compete in teams. Contestants can recruit people to join a team or teams may be formed or assigned at each event. During the competition, each team will be asked to create a mobile or web application or data visualization that is sustainable on a tablet or Smartphone device, along with a business plan for their app (\u201cSubmission\u201d). Each team will be the\nopportunity to demonstrate their Submission and provide an oral presentation to the judges describing why their Submission would be successful. All coding for the Submission must be during the Hackathon. Any additional requirements concerning Submissions will be specified in the Official Rules or provided during the Hackathon.\n\u2022 Submissions and oral presentation of Submission will be judged by a panel of judges based upon the following equally-weighed criteria for the both tracks: (1) Originality of Idea and importance for the community; (2) Ability to clearly articulate the details of the application (3) technologies used in its creation. In the event of a tie, the winning team will be determined by the judges based on the highest score for originality of idea. Each member of a winning team, along with all Submissions, is subject to validation by AT&T and/or the judging\norganization, whose decisions are final and binding in all respects. Each contestant and each member of a winning team may be required to sign and return, when requested, an affidavit of eligibility, and a prize/publicity release. WINNERS MUST BE PRESENT TO ACCEPT PRIZE OR PRIZE WILL BE FORFEITED.\n\u2022 UNLESS OTHERWISE STATED IN THESE OFFICIAL RULES, ALL PRIZES OR ANY PRIZE COMPONENTS WILL BE AWARDED TO THE WINNING TEAM AS A WHOLE AND NOT TO EACH INDIVIDUAL MEMBER OF A WINNING TEAM. AT&T is not responsible for any disputes among team members concerning prize or prize components.\n\u2022 All taxes and any other expenses not stated herein, including meals, gratuities, transportation and other incidentals, are sole responsibility of winners. No substitutions or transfers of a prize, except in AT&T\u2019s discretion. Coordination of any and all travel and any other expenses is the responsibility of the Winner Team members. Only the stated number and components of prizes in Official Rules will be awarded.\n\u2022 Participation in the Hackathon shall constitute and signify each member of a winning team\u2019s agreement and consent that AT&T, event organizers, and their designees may use each member\u2019s name, city, state, likeness, and the team\u2019s Submission and/or prize information in connection with the Contest for promotional, advertising or other purposes, worldwide, in any and all media now known or hereafter devised, including the Internet, without limitation and without further payment, notification, permission or other consideration, except where prohibited by law. Except as expressly provided herein, nothing in the General Terms and Conditions or Official Rules may be construed as transferring any rights of ownership or license, by implication, estoppel\nor otherwise, of either party\u2019s products, technology or intellectual property, including but not limited to, such party\u2019s marks.\n\u2022 GENERAL CONDITIONS/INDEMNIFICATION: By entering, contestants warrant\nand represent that their team is the sole creator of the Submission and that they have obtained permission from all persons or copyright or trademark owners whose likeness, work or mark are depicted in Submission and all permission necessary for AT&T to publish or use their Submission in any media worldwide and agree to confirm any of the foregoing in writing. Further, by participating in this Contest and/or by accepting any prize, contestants agree that AT&T and the event organizers and AT&T's parents, affiliates, subsidiaries, officers, directors, employees, successors, representatives and assigns shall not be liable for any and all actions, claims, including any third party claims,\ninjury, loss or damage arising in any manner, directly or indirectly, arising from or relating to the Hackathon, including entry and participation, or the acceptance, possession, use or misuse of any prize. By participating in the Hackathon and/or accepting any prize, contestants agree to fully indemnify event organizers sponsors and AT&T and its parents, affiliates, subsidiaries, officers, directors, employees, successors, representatives and assigns from any and all such claims by third parties without limitation. Contestants\nauthorize event organizers, sponsors, and AT&T to use their name, voice, likeness, biographical data, city and state of residence and entry materials in programming or promotional material, worldwide in perpetuity, or on a winner's list, if applicable, without further compensation unless prohibited by law. AT&T is not obligated to use any of the above mentioned information or materials, but may do so and may edit such information or materials, at AT&T\u2019s sole discretion, without further obligation or compensation. Event organizers, sponsors, and AT&T shall not be\nliable for: (i) late, lost, delayed, stolen, misdirected, postage-due, incomplete,\nunreadable, inaccurate, garbled or unintelligible entries, communications or\nsubmissions, regardless of the method of transmission; (ii) telephone system,\ntelephone or computer hardware, software or other technical or computer\nmalfunctions, lost connections, disconnections, delays or transmission errors; (iii) data corruption, theft, destruction, unauthorized access to or alteration of entry or other materials; (iv) any injuries, losses or damages of any kind caused by participation in this Contest or resulting from acceptance, possession or use of a prize; or (v) any printing, typographical, administrative or technological errors in any materials associated with the Contest. AT&T disclaims any liability for damage to any electronic device resulting from participating in, or accessing, uploading or downloading information, AT&T API(s) in connection with this Contest, and AT&T reserves the right, in its sole discretion, to cancel, modify or suspend the Contest should a virus,\nbug, computer or phone problem, unauthorized intervention or other causes beyond AT&T's control, corrupt the administration, security or proper play of the Contest.\nEvent organizers, sponsors, or AT&T may prohibit certain contestants or teams from participating in the Hackathon or winning a prize if, in its sole discretion, it determines that a contestant or team has attempted to undermine the legitimate operation of the Hackathon by cheating, hacking, deception, or any other unfair playing practices of intending to annoy, abuse, threaten or harass any other participants or AT&T representatives.\nCAUTION: ANY ATTEMPT TO DELIBERATELY DAMAGE THE CONTEST, THE CONTEST WEBSITE OR UNDERMINE THE LEGITIMATE OPERATION OF THE CONTEST MAY BE IN VIOLATION OF CRIMINAL AND CIVIL LAWS AND SHALL RESULT IN DISQUALIFICATION FROM PARTICIPATION IN THE CONTEST. SHOULD SUCH AN ATTEMPT BE MADE, AT&T RESERVES THE RIGHT TO SEEK REMEDIES AND DAMAGES (INCLUDING ATTORNEY\u2019S FEES) TO THE FULLEST EXTENT OF THE LAW, INCLUDING CRIMINAL PROSECUTION.\n\u2022 Contestants acknowledge that event organizers, sponsors, and AT&T engage, has engaged and will in the future engage in the development, preparation, production, acquisition and dissemination of creative, educational, artistic and other material (collectively, the \u201cMaterials\u201d), including without limitation Materials that are similar or identical to a Submission. Contestants also acknowledge that other persons, including employees of AT&T, may\npreviously have originated and may hereafter originate Materials that are similar or identical to a Submission. Contestants agree that they will not be entitled to any compensation because of the use by AT&T of any such similar or identical material.\nWithout limitation of the foregoing, AT&T may use, without any payment or other obligation whatsoever to any contestant, any part of the Materials, and any idea or concept contained therein, that (a) is similar or identical to, or contains significant elements encompassed in, a concept that is under consideration or in development by sponsors or AT&T before or at the time of entry, (b) is not unique, novel, original, and concrete so as to be entitled to protection under applicable laws, (c) has been made public by anyone at the time of its submission to AT&T or otherwise is in the public domain, (d)\nwould be freely usable by a third person if it had not been accepted as a Submission or the subject of any agreement, (e) is not protected by United States copyright law, or (f) is similar or identical to, or contains significant elements encompassed in, an idea, concept or material that is independently created by AT&T or any third party.\nContestants agree that organizers' sponsors' or AT&T\u2019s development, preparation, production, acquisition, dissemination and/or exploitation of Materials similar or identical to a Submission or containing features, ideas, material and/or elements similar to or identical with those contained in a Submission shall not entitle any contestant or team to any compensation or other right or remedy. As an inducement to organizers, sponsors, and AT&T to accept each Submission for entry into the contest, contestants hereby waive any claim or right of action against AT&T or its successors in connection with the AT&T\u2019s use of any Materials (or any portions thereof) whether or not such Materials are similar or\nidentical to a Submission or contain any features, ideas, material and/or elements that are similar or identical to those contained in a Submission. Acceptance by AT&T of a Submission is not an admission by AT&T of the novelty or originality of the Submission.", "hackathon-prizes": [{"prize-content": "An all expense trip for two (2) representatives to the National Accelerator Demo in Las Vegas. Team representatives will pitch for a 1/8 chance at $20,000 in cash with no strings attached.", "prize-title": "1st Place"}, {"prize-content": "An all expense trip for two (2) representatives to the National Accelerator Demo in Las Vegas. Team representatives will pitch for a 1/8 chance at $20,000 in cash with no strings attached.", "prize-title": "2nd Place"}, {"prize-content": "$200 in Cash for the team to split", "prize-title": "3rd Place"}, {"prize-content": "$500 in Gift Cards and $3,000 donation to charity of team's choice from approved list.", "prize-title": "1st Place Best Education App"}, {"prize-content": "$300 in Gift Cards and $2,000 donation to charity of team's choice from approved list.", "prize-title": "2nd Place Best Education App"}, {"prize-content": "$200 in Gift Cards and $1,000 donation to charity of team's choice from approved list.", "prize-title": "3rd Place Best Education App"}], "hackathon-location-google-maps": "https://maps.google.com/?q=500 7th Avenue, New York, NY 10018, USA", "hackathon-url": "https://iothacknyc.devpost.com/", "hackathon-judging-criteria": [{"judging-criterion": ""}, {"judging-criterion": ""}, {"judging-criterion": ""}], "hackathon-location-address": "500 7th Avenue, New York, NY 10018, USA", "hackathon-description-header": "The \u201cInternet of Things\u201d Hackathon & Accelerator Series is a sequence of hackathons that focus on building apps that are compatible with multiple devices.", "hackathon-prizes-total": "$7,700", "hackathon-location-description": "", "hackathon-end-date": "2014-03-21", "has-projects": "True"}