{"hackathon-description-text": "\nReittiopas (and the world) needs you!\u00a0", "hackathon-number-of-prizes": "4", "hackathon-id": "reittiopas-hackathon", "hackathon-judges": [{"judge-role": "HSL", "judge-name": "Mari Flink"}, {"judge-role": "CGI", "judge-name": "Mika Vuorio"}, {"judge-role": "Palmu", "judge-name": "Risto Kantola"}, {"judge-role": "Netlight", "judge-name": "Sebastian H\u00f6gnabba"}, {"judge-role": "Helsinki Think Company", "judge-name": "Matti-Petteri P\u00f6nti\u00f6"}], "hackathon-number-of-judges": "5", "hackathon-eligibility": "\nEveryone is welcome!", "hackathon-number-of-participants": "26", "hackathon-is-colocated": "True", "hackathon-has-ended": "False", "hackathon-number-of-judging-criteria": "6", "hackathon-requirements": "\nSubmit your results through Devpost.\nIt can be", "hackathon-rules": "\nUse your common sense. Behave.", "hackathon-prizes": [{"prize-content": "Free travel for one year", "prize-title": "The winner of the HSL Hackathon"}, {"prize-content": "500\u20ac cash", "prize-title": "The best service concept"}, {"prize-content": "HSL Coffee Mugs", "prize-title": "Gamification"}, {"prize-content": "HSL Coffee Mugs", "prize-title": "Out of the Box"}], "hackathon-location-google-maps": "https://maps.google.com/?q=Latokartanonkaari 3, Helsinki, Finland", "hackathon-url": "https://reittiopas-hackathon.devpost.com/", "hackathon-judging-criteria": [{"judging-criterion": ""}, {"judging-criterion": ""}, {"judging-criterion": ""}, {"judging-criterion": ""}, {"judging-criterion": ""}, {"judging-criterion": ""}], "hackathon-location-address": "Latokartanonkaari 3, Helsinki, Finland", "hackathon-description-header": "Journey Planning, Digitransit, MaaS, Service Design, Open Data, Open Source - This is an Open Invitation! Participate and leave your mark!", "hackathon-prizes-total": "0", "hackathon-location-description": "Helsinki Think Company, Viikki", "hackathon-end-date": "", "has-projects": "False"}