{"hackathon-description-text": "\nForm a small team mixing designers, programmers, engineers, entrepreneurs, game creators or anybody with an idea or problem to solve, and build a technology driven product or service prototype in 30 hours.", "hackathon-number-of-prizes": "11", "hackathon-id": "hackagong2015", "hackathon-judges": [{"judge-role": "", "judge-name": "Will be Announced"}], "hackathon-number-of-judges": "1", "hackathon-eligibility": "", "hackathon-number-of-participants": "110", "hackathon-is-colocated": "True", "hackathon-has-ended": "True", "hackathon-number-of-judging-criteria": "1", "hackathon-requirements": "\nWhen submitting your project for judging, we have a few small rules for you to follow:\n", "hackathon-rules": "\nHackagong is an all-inclusive, open event, free of assholes and harassment. We've adopted the \"Hack Code of Conduct\" found \n.", "hackathon-prizes": [{"prize-content": "$5000 cash from WiseTech Global + web hosting + business advice & mentoring + coworking desks + flights to Melbourne", "prize-title": "Overall Winner Hackagong 2015"}, {"prize-content": "Creative Cloud Subscription + Tuts+ Subscription (12 months)", "prize-title": "Best Overall Design"}, {"prize-content": "Me2 3D Printer", "prize-title": "Most Creative 3D Printed Object"}, {"prize-content": "Me2 3D Printer", "prize-title": "Most Innovative 3D Printed Object"}, {"prize-content": "$2,000 cash + Developer Survival kits: Bluetooth headphones, Backup Battery and PayPal here", "prize-title": "Best use of Braintree/PayPal"}, {"prize-content": "Raspberry Pi's + Particle Photon's + Arduino Experimenters Kits", "prize-title": "Best IoT Device Hack"}, {"prize-content": "Leap Motion's + Keyboard and Mouse Packs", "prize-title": "Best Indie Game"}, {"prize-content": "$1000 cash", "prize-title": "Community and Social Impact"}, {"prize-content": "$2000 cash + Raspberry Pi's + Dinner with the IMC team", "prize-title": "The Most Elegant ALgorithm (MEAL)"}, {"prize-content": "2 x Oculus Rift DK2 for the winning team", "prize-title": "Most Immersive Idea"}, {"prize-content": "$1000 cash", "prize-title": "Peoples Choice"}], "hackathon-location-google-maps": "https://maps.google.com/?q=Northfields Avenue, Keiraville NSW 2500, Australia", "hackathon-url": "https://hackagong2015.devpost.com/", "hackathon-judging-criteria": [{"judging-criterion": ""}], "hackathon-location-address": "Northfields Avenue, Keiraville NSW 2500, Australia", "hackathon-description-header": "Make something awesome. Win Prizes!", "hackathon-prizes-total": "$72,500", "hackathon-location-description": "UOW UniCentre", "hackathon-end-date": "2015-09-20", "has-projects": "True"}