{"hackathon-description-text": "\nFirebird Hacks I is the first hackathon being organized by Fremont High School's programming club. Firebird Hacks encourages its participants to dive into the field of computer science and express their creativity through computer science. Firebird Hacks provides everyone with equal opportunity to express their creativity by programming.", "hackathon-number-of-prizes": "6", "hackathon-id": "firebird-hacks-5741", "hackathon-judges": [{"judge-role": "Zensar", "judge-name": "Vijaya Shende"}, {"judge-role": "", "judge-name": "Shalabh Goel"}, {"judge-role": "Desmos", "judge-name": "Cori McElwain"}], "hackathon-number-of-judges": "3", "hackathon-eligibility": "\nIndividuals between the age of 13 and 18 years old can participate in Firebird Hacks.", "hackathon-number-of-participants": "36", "hackathon-is-colocated": "True", "hackathon-has-ended": "True", "hackathon-number-of-judging-criteria": "3", "hackathon-requirements": "", "hackathon-rules": "", "hackathon-prizes": [{"prize-content": "- Google Minis for each person on the winning team", "prize-title": "1st Place Winner"}, {"prize-content": "- Mobile JBL Clips", "prize-title": "2nd Place Winner"}, {"prize-content": "- 4 Total Xbox Games and PS4 Games by EA", "prize-title": "3rd Place Winner"}, {"prize-content": "- Over $2600 in JetBrains Licenses", "prize-title": "Best Beginner Hack"}, {"prize-content": "- Raspberry Pi Zero give to each person", "prize-title": "Best Mobile Application"}, {"prize-content": "- Amazon $200 Gift Certificate given to each person in the winning team.", "prize-title": "Best .Tech Domain"}], "hackathon-location-google-maps": "https://maps.google.com/?q=6600 Dumbarton Cir, Fremont, CA 94555, USA", "hackathon-url": "https://firebird-hacks-5741.devpost.com/", "hackathon-judging-criteria": [{"judging-criterion": "How was the overall design of the submitted project."}, {"judging-criterion": "How ambitious was the team in terms of the degree of technical ability that was required to implement the solution."}, {"judging-criterion": "How innovative was their idea."}], "hackathon-location-address": "6600 Dumbarton Cir, Fremont, CA 94555, USA", "hackathon-description-header": "Innovative, Inspiring, and Revolutionizing", "hackathon-prizes-total": "$25,010", "hackathon-location-description": "42 Silicon Valley", "hackathon-end-date": "2017-11-05", "has-projects": "True"}