{"hackathon-description-text": "\nFirewalls, intrusion detection, anti-malware and endpoint protection all do a great job of looking at a particular system or service or point in time.", "hackathon-number-of-prizes": "5", "hackathon-id": "logrhythm", "hackathon-judges": [{"judge-role": "VP of Products / LogRhythm", "judge-name": "Chris Brazdziunas"}, {"judge-role": "Software Engineer / LogRhythm", "judge-name": "Craig Cogdill"}, {"judge-role": "Global Security Operations Manager / LogRhythm", "judge-name": "Greg Foss"}, {"judge-role": "Director of Product Management / LogRhythm", "judge-name": "Seth Goldhammer"}, {"judge-role": "Senior Software Engineer / LogRhythm", "judge-name": "John Gress"}, {"judge-role": "Manager, Software Development / LogRhythm", "judge-name": "Kjell Hedstrom"}, {"judge-role": "Technical Product Manager / LogRhythm", "judge-name": "Rob McGovern"}, {"judge-role": "CTO and SVP of Customer Care / LogRhythm", "judge-name": "Chris Petersen"}, {"judge-role": "Threat Research Engineer / LogRhythm", "judge-name": "Nathaniel \"Q\" Quist"}, {"judge-role": "Threat Research Manager / LogRhythm", "judge-name": "Ryan Sommers"}], "hackathon-number-of-judges": "10", "hackathon-eligibility": "\nThis challenge\u00a0is open to:\n", "hackathon-number-of-participants": "94", "hackathon-is-colocated": "False", "hackathon-has-ended": "True", "hackathon-number-of-judging-criteria": "3", "hackathon-requirements": "\nA submission must have:\nParticipants can enter and win in more than one category, but each submission must be different.\nBe sure to visit our\n\n\n\n", "hackathon-rules": "\n\u00a0\nNO PURCHASE OR PAYMENT NECESSARY. A PURCHASE OR PAYMENT OF ANY KIND WILL NOT INCREASE YOUR CHANCES OF WINNING.\u00a0\u00a0\nLogRhythm Rule Your Network (the \u201cHackathon\u201d)\n(the \u201cHackathon Website\u201d): http://logrhythm.devpost.com/\n\n(the \u201cPoster\u201d): LogRhythm, Inc., 4780 Pearl East Circle, Boulder, CO 80301 USA.\nThe Poster is the sponsor and entity responsible for the Hackathon.\nDevpost, Inc. (\u201cDevpost\u201d) will provide the Hackathon Website and will be the official timekeeper for the Hackathon.\n\u00a0\n\nJune 1, 2017 (10:00am Mountain Time) \u2013 August 31, 2017 (5:00pm Mountain Time) (the \u201cHackathon Submission Period\u201d)\nSeptember 1, 2017 (12:00pm Mountain Time) \u2013 September 14 2017 (12:00pm Mountain Time) (the \u201cJudging Period\u201d)\nOn or around September 15, 2017 (2:00pm Mountain Time)\u00a0\n\u00a0\n\n\n(the above are collectively, \u201cEntrants\u201d)\n\nAn Eligible Individual may join more than one Team or Organization and an Eligible Individual who is part of a Team or Organization may also enter the Hackathon on an individual basis.\u00a0\u00a0\nIf a Team or Organization is entering the Hackathon, they must appoint and authorize one individual (the \u201cRepresentative\u201d) to represent, act, and enter a Submission, on their behalf. The Representative must meet the eligibility requirements above. By entering a Submission on the Site on behalf of a Team or Organization you represent and warrant that you are the Representative authorized to act on behalf of your Team or Organization.\n\n*The members of an individual\u2019s immediate family include the individual\u2019s spouse, children and stepchildren, parents and stepparents, and siblings and stepsiblings. The members of an individual\u2019s household include any other person that shares the same residence as the individual for at least three (3) months out of the year.\n**Agents include\u00a0individuals or organizations that in creating a Submission to the Hackathon, are acting on behalf of, and at the direction of, a\u00a0Promotion Entity through a contractual or similar relationship.\n***An affiliate is:\u00a0(a) an organization that is under common control, sharing a common majority or\u00a0controlling owner, or common management; or (b) an\u00a0organization that has a substantial ownership in, or is substantially owned by the other organization.\n\nEntrants must do the following to participate in the Hackathon:\nIMPORTANT NOTE: Your Solution must be your own work and you must make the Solution available to the public at the time of entry under one of the following open source licenses: \n, \n, or \n.\n\u00a0\n\nAll Submission materials must be in English or, if not in English, the Entrant must provide an English translation of the demonstration video, text description, and testing instructions as well as all other materials submitted.\u00a0\n\n(i) \nSolutions must be entered into one of the following categories (the \u201cCategories\u201d). As part of your Submission, you must select the Category which best applies to your Solution.\nAt any time, and at its sole discretion, the Poster will have the ability to re-assign a submitted Solution from one Category to another. Solutions in each Category are eligible for different prizes. See Section 7 for prize details.\n(ii) \nThe Solution must be capable of being successfully tested and replicated by the Poster, and must function as depicted in Submission materials.\n(iii) \nSolutions may be either newly created by the Entrant or may have been created by the Entrant prior to the Hackathon Submission Period, however the submitted version of the Solution must use NetMon version 3.3.1 or higher.\n(iv) \n: \u00a0Upon request, the Entrant must make the Solution available free of charge and without any restriction, for testing, evaluation and use by the Poster and Judges during the Hackathon and until the Judging Period ends.\n(v) \n An Entrant may submit more than one Submission to one or more of the Categories, however, each Submission must be unique and substantially different from each of the Entrant\u2019s other Submissions, as determined by the Poster.\n(vi)\u00a0\nSolutions may integrate SDKs, APIs and data, provided the Entrant is authorized to use them.\n(vii)\u00a0\nYour Submission must: (a) be your (or your Team or Organization\u2019s) original work product; (b) be solely owned by you, your Team or Organization with no other person or entity having any right or interest in it; and (c) not violate the intellectual property rights or other rights including but not limited to copyright, trademark, patent, contract, and/or privacy rights, of any other person or entity. An Entrant may contract with a third party for technical assistance to create the Submission provided the Submission components are solely the Entrant\u2019s work product and the result of the Entrant\u2019s ideas and creativity, and the Entrant owns all rights to them. An Entrant may submit a Submission that includes the use of open source software or hardware, provided the Entrant complies with applicable open source licenses and, as part of the Submission, creates software that enhances and builds upon the features and functionality included in the underlying open source product. By entering the Hackathon you represent, warrant, and agree that your Submission meets these requirements.\n(viii)\u00a0\n\u00a0A Solution must not have been developed, or derived from a Solution developed, with\u00a0financial or preferential support from\u00a0the Poster or Promotion Entities. Such\u00a0Solutions include, but are not limited to, those that received funding or\u00a0investment for their development, were developed\u00a0under contract, or received a\u00a0commercial license, from the Poster or Promotion Entities any time prior\u00a0to the end of Hackathon Submission Period. The\u00a0Poster, at their sole\u00a0discretion, may disqualify a Solution, if awarding a prize to the\u00a0Solution would create a real or apparent conflict of interest.\n\u00a0\n\nmust explain the purpose, functionality and steps to test your Solution.\nThe image(s) should be photographs or screenshots of your working Solution.\u00a0\nThe video portion of the Submission:\u00a0\na. should be less than five (5) minutes;\nb. should include footage that clearly demonstrates and walks through the Solution\nc. if included, must be uploaded to YouTube, Vimeo, or Youku, and a link to the video must be provided on the submission form on the Hackathon Website; and\nd. must not include third party trademarks, or copyrighted music or other material unless the Entrant has permission to use such material.\n\u00a0\n\nBy entering the Hackathon, you agree to make your Solution available to the public at the time of entry under one of the following open source licenses: \n, \n, or \n.\nBy entering the Hackathon, you grant to the Poster, Devpost, and any other third parties acting on the Poster\u2019s behalf, a royalty-free, non-exclusive, worldwide, perpetual license to display publicly, use for promotional purposes, and distribute the Submission (in accordance with the applicable open source license). This license includes, but is not limited to, posting or linking to the Submission, or portions thereof, on Poster\u2019s, Devpost\u2019s, and partners\u2019 websites and applications, including the Hackathon Website and Network Monitor Community website, and display and promotion of the Submission in any other media, worldwide.\nSubmission components may be displayed to the public and may be viewed by the Poster, Devpost, and Judges for screening and evaluation. Entrants must not include confidential, sensitive or proprietary materials with their Submission.\nEntrants represent and warrant that the Poster, Devpost, and Hackathon partners are free to use Entrants\u2019 Submission in the manner described above, as provided or as modified by Devpost, without obtaining permission or license from any third party and without any compensation to Entrants.\n\n\nEligible Submissions will be evaluated by a panel of judges selected by the Poster (the \u201cJudges\u201d). Judges may be employees of the Poster or external, may or may not be listed individually on the Hackathon Website, and may change before or during the Judging Period. Judging may take place in one or more rounds with one or more panels of Judges, at the discretion of the Poster.\nThe Judges will score all eligible Submissions on a 1-10 scale using the following weighted criteria (the \u201cJudging Criteria\u201d):\n(45% weighting): Is the Solution relevant to a current challenge in the Category?\n(35% weighting): Does the Solution use NetMon capabilities in a technically correct and interesting fashion?\n(20% weighting): Is the Solution a unique approach or a unique problem?\nThe Judging Criteria above may not apply to every Prize. See Section 7 below for the Judging Criteria that apply for each Prize. The Entrant(s) that are eligible for a Prize, and whose Submissions earn the highest overall scores based on the applicable Judging Criteria and, if applicable, an extra point for contributions to Docker, will become potential winners of that Prize.\nJUDGES are not required to test the SOLUTION and may choose to judge based solely on the description, IMAGES and video provided in the Submission.\u00a0\nFor each Prize listed in Section 7 below, if two or more Submissions are tied, the tied Submission with the highest score in the first applicable criterion listed above will be considered the higher scoring Submission. In the event any ties remain, this process will be repeated, as needed, by comparing the tied Submissions\u2019 scores on the next applicable criterion. If two or more Submissions are tied on all applicable criteria, the panel of Judges will vote on the tied Submissions.\n\n\n\nTHE AWARD OF A PRIZE TO A POTENTIAL WINNER IS SUBJECT TO VERIFICATION OF THE IDENTITY, QUALIFICATIONS AND ROLE OF THE POTENTIAL WINNER IN THE CREATION OF THE SUBMISSION. The final decision to designate a winner shall be made by the Poster.\nPotential winners will be notified using the email address associated with the Devpost account used to enter the Submission (the submitter is the \u201cRepresentative\u201d in the case of a Team or Organization). In order to receive a Prize, the potential winner (including all participating team members in the case of a Team or Organization) will be required to sign and return to the Poster or Devpost, affidavit(s) of eligibility (or a similar verification document) and liability/publicity release(s), and any applicable tax forms (\u201cRequired Forms\u201d).\nten (10) business days after the Required Forms are sent.\nThe Poster may deem a potential winner (or participating team members) ineligible to win if:\u00a0\n(i) the potential winner\u2019s Representative or any participating member does not respond to multiple emails or fails to sign and return the Required Forms by the deadline listed above, or responds and rejects the Prize;\u00a0\u00a0\n(ii) the Prize or Prize notification is returned as undeliverable; or\u00a0\u00a0\n(iii) the Submission or the potential winner, or any member of a potential winner\u2019s Team or Organization, is disqualified for any other reason.\u00a0\nIn the event of a disqualification, the Poster may award the applicable Prize to an alternate potential winner.\n\u00a0\n\nThe Poster has the right to make a Prize substitution of equivalent or greater value. The Poster will not award a Prize if there are no eligible Submissions entered in the Hackathon, or if there are no eligible Entrants or Submissions for a specific Prize.\nPrizes will be payable to the Entrant, if an individual, to the Entrant\u2019s Representative, if a Team, or to the Organization, if the Entrant is an Organization. It will be the responsibility of the winning Entrant\u2019s Representative to allocate the Prize among their Team or Organization\u2019s participating members, as the Representative deems appropriate.\u00a0A monetary Prize will be mailed to the winning Entrant\u2019s address (if an individual) or the Representative\u2019s address (if a Team or Organization), or wired to the Entrant, Entrant Representative, or Organization\u2019s bank account, only after receipt of the Required Forms.\nFailure to provide correct information on the Required Forms, or other correct information required for the delivery of a Prize, may result in delayed Prize delivery, disqualification or the Entrant, and/or forfeiture of a Prize.\nWithin 45 days of the Poster receipt of the Required Forms.\nWinners (and in the case of Team or Organization, all participating members) are responsible for any fees associated with receiving or using a prize, including but not limited to, wiring fees. Winners (and in the case of Team or Organization, all participating members) are responsible for reporting and paying all applicable taxes in their jurisdiction of residence (federal, state/provincial/territorial and local). Winners may be required to provide certain information to facilitate receipt of the award, including completing and submitting any tax or other forms necessary for compliance with applicable withholding and reporting requirements. Winners are also responsible for complying with foreign exchange and banking regulations in their respective jurisdictions and reporting the receipt of the Prize to relevant government departments/agencies, if necessary. The Poster, DEVPOST, and/or Prize provider reserve the right to withhold a portion of the prize amount to comply with the tax laws of the United States or other Poster jurisdiction, or those of a winner\u2019s jurisdiction.\n\u00a0\n\nA. By entering the Hackathon, you (and, if you are entering on behalf of a Team or Organization each participating members) agree(s) to the following:\n(i) The relationship between you, the Entrant, and the Poster and Devpost, is not a confidential, fiduciary, or other special relationship.\n(ii) You will be bound by and comply with these Official Rules and the decisions of the Poster, Devpost, and/or the Hackathon Judges which are binding and final in all matters relating to the Hackathon.\n(iii) You release, indemnify, defend and hold harmless the Poster, Devpost, Promotion Entities, and their respective parent, subsidiary, and affiliated companies, the Prize suppliers and any other organizations responsible for sponsoring, fulfilling, administering, advertising or promoting the Hackathon, and all of their respective past and present officers, directors, employees, agents and representatives (hereafter the \u201cReleased Parties\u201d) from and against any and all claims, expenses, and liabilities (including reasonable attorneys\u2019 fees), including but not limited to negligence and damages of any kind to persons and property, defamation, slander, libel, violation of right of publicity, infringement of trademark, copyright or other intellectual property rights, property damage, or death or personal injury arising out of or relating to an Entrant\u2019s entry, creation of Submission or entry of a Submission, participation in the Hackathon, acceptance or use or misuse of the Prize (including any travel or activity related thereto) and/or the broadcast, transmission, performance, exploitation or use of the Submission as authorized or licensed by these Official Rules.\u00a0\nB. Without limiting the foregoing, the Released Parties shall have no liability in connection with:\u00a0\n(i) any incorrect or inaccurate information, whether caused by the Poster or Devpost\u2019s electronic or printing error, or by any of the equipment or programming associated with or utilized in the Hackathon;\u00a0\n(ii) technical failures of any kind, including, but not limited to malfunctions, interruptions, or disconnections in phone lines, internet connectivity or electronic transmission errors, or network hardware or software or failure of the Hackathon Website;\n(iii) unauthorized human intervention in any part of the entry process or the Hackathon;\u00a0\n(iv) technical or human error which may occur in the administration of the Hackathon or the processing of Submissions; or\u00a0\n(v) any injury or damage to persons or property which may be caused, directly or indirectly, in whole or in part, from the Entrant\u2019s participation in the Hackathon or receipt or use or misuse of any Prize.\nThe Released Parties are not responsible for incomplete, late, misdirected, damaged, lost, illegible, or incomprehensible Submissions or for address or email address changes of the Entrants. Proof of sending or submitting will not be deemed to be proof of receipt by the Poster or Devpost.\nIf for any reason any Entrant\u2019s Submission is determined to have not been received or been erroneously deleted, lost, or otherwise destroyed or corrupted, the Entrant\u2019s sole remedy is to request the opportunity to resubmit its Submission. Such request must be made promptly after the Entrant knows or should have known there was a problem, and will be determined at the sole discretion of the Poster.\n\u00a0\n\nBy participating in the Hackathon you consent to the use of personal information about you, if you are a winner, by the Poster, Devpost, and third parties acting on their behalf. Such personal information includes, but is not limited to, your name, likeness, photograph, voice, opinions, comments and hometown and country of residence. It may be used in any existing or newly created media, worldwide without further payment or consideration or right of review, unless prohibited by law. Authorized use includes advertising and promotional purposes.\nThe duration of your consent is for a period of three years following the conclusion of the Hackathon. This consent applies, as applicable, to all members an Entrant\u2019s Team or Organization that participated in the winning Submission.\n\n\nA. Poster and Devpost reserve the right, in their sole discretion, to cancel, suspend and/or modify the Hackathon, or any part of it, in the event of a technical failure, fraud, or any other factor or event that was not anticipated or is not within their control.\nB.\u00a0 Poster and Devpost reserve the right in their sole discretion to disqualify any individual or Entrant it finds to be actually or presenting the appearance of tampering with the entry process or the operation of the Hackathon or to be acting in violation of these Official Rules or in a manner that is inappropriate, unsportsmanlike, not in the best interests of this Hackathon, or a violation of any applicable law or regulation.\u00a0\nC. Any attempt by any person to undermine the proper conduct of the Hackathon may be a violation of criminal and civil law.\u00a0 Should Poster or Devpost suspect that such an attempt has been made or is threatened, they reserve the right to take appropriate action including but not limited to requiring an Entrant to cooperate with an investigation and referral to criminal and civil law enforcement authorities.\nD. If there is any discrepancy or inconsistency between the terms and conditions of the Official Rules and disclosures or other statements contained in any Hackathon materials, including but not limited to the Hackathon Submission form, Hackathon Website, advertising (including but not limited to television, print, radio or online ads), the terms and conditions of the Official Rules shall prevail.\u00a0\nE. The terms and conditions of the Official Rules are subject to change at any time, including the rights or obligations of the Entrant, the Poster and Devpost. The Poster and Devpost will post the terms and conditions of the amended Official Rules on the Hackathon Website.\u00a0 To the fullest extent permitted by law, any amendment will become effective at the time specified in the posting of the amended Official Rules or, if no time is specified, the time of posting.\u00a0\nF. If at any time prior to the deadline, an Entrant or prospective Entrant believes that any Official Rule is or may be unclear or ambiguous, they must submit a written request for clarification. \u00a0\u00a0\nG. The Poster or Devpost\u2019s failure to enforce any term of these Official Rules shall not constitute a waiver of that provision. Should any provision of these Official Rules be or become illegal or unenforceable in any jurisdiction whose laws or regulations may apply to an Entrant, such illegality or unenforceability shall leave the remainder of these Official Rules, including the Rule affected, to the fullest extent permitted by law, unaffected and valid. The illegal or unenforceable provision shall be replaced by a valid and enforceable provision that comes closest and best reflects the Poster\u2019s intention in a legal and enforceable manner with respect to the invalid or unenforceable provision.\nH. Excluding Submissions, all intellectual property related to this Hackathon, including but not limited to copyrighted material, trademarks, trade-names, logos, designs, promotional materials, web pages, source codes, drawings, illustrations, slogans and representations are owned or used under license by the Poster and/or Devpost. All rights are reserved. Unauthorized copying or use of any copyrighted material or intellectual property without the express written consent of its owners is strictly prohibited.\u00a0Any use in a Submission of Poster or Devpost intellectual property shall be solely to the extent provided for in these Official Rules.\n\n\nBy entering, all Entrants (including, in the case of a Team or Organization, all participating members) agree to be bound by the Official Rules and hereby release the Released Parties from any and all liability in connection with the Prizes or Entrant\u2019s participation in the Hackathon. Provided, however, that any liability limitation regarding gross negligence or intentional acts, or events of death or body injury shall not be applicable in jurisdictions where such limitation is not legal.\u00a0\n\u00a0\n\nA. Except where prohibited by law, as a condition of participating in this Hackathon, Entrant agrees that:\n(i) any and all disputes and causes of action arising out of or connected with this Hackathon, or any Prizes awarded, shall be resolved individually, without resort to any form of class action lawsuit, and exclusively by final and binding arbitration under the rules of the American Arbitration Association and held at the AAA regional office nearest the contestant;\n(ii) the Federal Arbitration Act shall govern the interpretation, enforcement and all proceedings at such arbitration; and\n(iii) judgment upon such arbitration award may be entered in any court having jurisdiction.\nB. Under no circumstances will Entrant be permitted to obtain awards for, and contestant hereby waives all rights to claim, punitive, incidental or consequential damages, or any other damages, including attorneys\u2019 fees, other than contestant\u2019s actual out-of-pocket expenses (i.e., costs associated with entering this Hackathon), and Entrant further waives all rights to have damages multiplied or increased.\nC. All issues and questions concerning the construction, validity, interpretation and enforceability of these Official Rules, or the rights and obligations of Entrant and Poster in connection with this Hackathon, shall be governed by, and construed in accordance with, the substantive laws of the State of New York, USA without regard to New York choice of law rules.\nSOME JURISDICTIONS DO NOT ALLOW THE LIMITATIONS OR EXCLUSION OF LIABILITY FOR INCIDENTAL OR CONSEQUENTIAL DAMAGES, SO THE ABOVE MAY NOT APPLY TO YOU.\n\n\nPlease review the Devpost Terms of Service at \n for additional rules that apply to your participation in the Hackathon and more generally your use of the Hackathon Website. Such Terms of Service are incorporated by reference into these Official Rules. If there is a conflict between the Terms of Service and these Official Rules, the latter terms shall control with respect to this Hackathon only.\nParticipation in the Hackathon constitutes Entrant\u2019s full and unconditional agreement to these Official Rules. By entering, an Entrant agrees that all decisions related to the Hackathon that are made pursuant to these Official Rules are final and binding, and that all such decisions are at the sole discretion of the Poster and/or Devpost.\nDevpost collects personal information from you when you enter the Hackathon. The information collected is subject to the privacy policy located here:\u00a0\n.\n\u00a0\n\nIf you have any questions or comment, or wish to send us any notice regarding this Hackathon, please email us at\u00a0\n.\u00a0", "hackathon-prizes": [{"prize-content": "The first place winner in the Novel Threat Detection category wins $5,000 USD and a NetMon t-shirt.", "prize-title": "Novel Threat Detection - First Place"}, {"prize-content": "The first place winner in the Best Security Hunting Dashboard or Use Case category wins $5,000 USD and a NetMon t-shirt.", "prize-title": "Best Security Hunting Dashboard or Use Case - First Place"}, {"prize-content": "The second place winner in the Best Security Hunting Dashboard or Use Case category wins $1,000 USD and a NetMon t-shirt.", "prize-title": "Best Security Hunting Dashboard or Use Case - Second Place"}, {"prize-content": "The first place winner in the Best IT Operations Use Case category wins $5,000 USD and a NetMon t-shirt.", "prize-title": "Best IT Operations Use Case - First Place"}, {"prize-content": "The second place winner in the Best IT Operations Use Case category wins $1,000 USD and a NetMon t-shirt.", "prize-title": "Best IT Operations Use Case - Second Place"}], "hackathon-location-google-maps": "", "hackathon-url": "https://logrhythm.devpost.com/", "hackathon-judging-criteria": [{"judging-criterion": "Is the solution relevant to a current challenge in the category?"}, {"judging-criterion": "Does the solution use NetMon capabilities in a technically correct and interesting fashion?"}, {"judging-criterion": "Is the solution a unique approach or a unique problem?"}], "hackathon-location-address": "", "hackathon-description-header": "Are You the Ruler of Your Network? Find New Ways to Use Network Monitor and Win!", "hackathon-prizes-total": "$17,100", "hackathon-location-description": "", "hackathon-end-date": "2017-08-26", "has-projects": "True"}