{"hackathon-description-text": "\nHow can we design, program, and deploy a better tomorrow for everyone? Hack for Humanity, Santa Clara University's social good hackathon, poses this question to you. Will you answer?", "hackathon-number-of-prizes": "3", "hackathon-id": "hack-for-humanity-2018", "hackathon-judges": [{"judge-role": "", "judge-name": "Robbie Aldrich"}, {"judge-role": "", "judge-name": "Julian Callin"}, {"judge-role": "", "judge-name": "Alex Choulos"}, {"judge-role": "", "judge-name": "Jack Kingsman"}, {"judge-role": "", "judge-name": "Patrick Lanthier"}, {"judge-role": "CEO and Founder / Incident Aid", "judge-name": "Sean Lanthier"}, {"judge-role": "", "judge-name": "Mostafa Mortezaie"}, {"judge-role": "Sr. Network Engineer / Cisco", "judge-name": "Ron Snyder"}], "hackathon-number-of-judges": "8", "hackathon-eligibility": "", "hackathon-number-of-participants": "33", "hackathon-is-colocated": "True", "hackathon-has-ended": "True", "hackathon-number-of-judging-criteria": "4", "hackathon-requirements": "", "hackathon-rules": "\nDates:\nEligibility:", "hackathon-prizes": [{"prize-content": "Grand cash prize of $1000", "prize-title": "1st Place"}, {"prize-content": "Cash prize of $500", "prize-title": "2nd Place"}, {"prize-content": "Cash prize of $250", "prize-title": "3rd Place"}], "hackathon-location-google-maps": "https://maps.google.com/?q=500 El Camino Real, Santa Clara, CA 95053, USA", "hackathon-url": "https://hack-for-humanity-2018.devpost.com/", "hackathon-judging-criteria": [{"judging-criterion": "How novel is the app? What is the \u201cwow\u201d factor, technologically?"}, {"judging-criterion": "How novel is the idea or design?"}, {"judging-criterion": "How much good could this bring to others?"}, {"judging-criterion": "How clearly did the group/individual present its ideas and what makes their project special?"}], "hackathon-location-address": "500 El Camino Real, Santa Clara, CA 95053, USA", "hackathon-description-header": "Join us in our fifth year of solving pressing social issues using your creativity and code", "hackathon-prizes-total": "$1,750", "hackathon-location-description": "Santa Clara University", "hackathon-end-date": "2018-03-04", "has-projects": "True"}