{"hackathon-description-text": "\nWe all want the most advanced medical treatments, but few truly understand what goes into making medical advancements possible. Clinical research plays a vital role in the process of bringing new treatments to patients and advancing clinical care. However, despite its importance, there are multiple challenges associated with clinical research, with participant engagement and retention being one of them.\u00a0", "hackathon-number-of-prizes": "4", "hackathon-id": "patientengagement", "hackathon-judges": [{"judge-role": "Vice President of Patient & Physician Services at UBC", "judge-name": "Abbe Steel"}, {"judge-role": "Vice President of New Ventures at Enlight Biosciences", "judge-name": "Jonathan Behr"}, {"judge-role": "Director of Clinical Open Innovation at Eli Lilly and Company", "judge-name": "Tom Krohn"}, {"judge-role": "Director of Web Services at iirusa.com and ibclifesciences.com", "judge-name": "Anthony Primavera"}, {"judge-role": "Founder of Rebar Interactive", "judge-name": "Rahlyn Gossen"}, {"judge-role": "Co-founder of Foursquare", "judge-name": "Naveen Selvadurai"}], "hackathon-number-of-judges": "6", "hackathon-eligibility": "\n\n\u00a0", "hackathon-number-of-participants": "225", "hackathon-is-colocated": "False", "hackathon-has-ended": "True", "hackathon-number-of-judging-criteria": "4", "hackathon-requirements": "\nSubmitted apps must\u00a0focus on maximizing engagement and value for patients enrolled in clinical trials.\n\u00a0 Android, BlackBerry, iOS, Windows Phone, Windows PC, Mac OS, web and mobile web. (Your app must function on at least one of these platforms/devices.)\nYou must submit a\u00a0demo video\u00a0(hosted on YouTube or Vimeo) that walks through the main functionality of the app via screencast or video. You must also submit at least one image/screenshot of your app.\n\u00a0Apps may be newly created or pre-existing. If you are submitting an existing app (developed prior to this competition), it must include new features and functionality, added after November 4, 2013 in order to be eligible.", "hackathon-rules": "\nNO PURCHASE OR PAYMENT NECESSARY. A PURCHASE OR PAYMENT OF ANY KIND WILL NOT INCREASE YOUR CHANCES OF WINNING.\u00a0\u00a0\nPatient Engagement App Challenge (the \u201cChallenge\u201d)\nhttp://PatientEngagement.ChallengePost.com (the \u201cChallenge Website\u201d)\n(the \u201cPoster\u201d): Eli Lilly and Company, 307 East McCarty Street, Indianapolis, IN 46225.\n(the \u201cAdministrator\u201d): ChallengePost, Inc., 425 W. 13th Street, Suite #504, New York, NY 10014.\nThe Poster is the sponsor and entity responsible for the Challenge. The Administrator manages and implements the Challenge per the direction of the Poster.\u00a0\n\u00a0November 4, 2013 (10:00am Eastern Time) \u2013February 11, 2014 (5:00pm Eastern Time) (the \u201cChallenge Submission Period\u201d)\n\u00a0February 19, 2014 (10:00am Eastern Time) \u2013 February 28, 2014 (5:00pm Eastern Time) (the \u201cJudging Period\u201d)\n\u00a0February 19, 2014 (10:00am Eastern Time) \u2013 February 28, 2014 (5:00pm Eastern Time) (the \u201cJudging Period\u201d)\n\u00a0On or around April 1, 2014 (2:00pm Eastern Time)\u00a0\nThe Administrator will be the official timekeeper for the Challenge.\n\n(the above are collectively, \u201cMakers\u201d)\nAn individual may join more than one team, Organization, or Large Organization and an individual who is part of a team, Organization, or Large Organization may also enter the Challenge on an individual basis.\u00a0\u00a0\nIf a team or organization is entering the Challenge, they must appoint and authorize one individual (the \u201cRepresentative\u201d) to represent, act, and enter a Submission, on their behalf. The Representative must meet the eligibility requirements above. By entering a Submission on the Site on behalf of a team or organization, you represent and warrant that you are the Representative authorized to act on behalf of your team or organization.\n\n*The members of an individual\u2019s immediate family include the individual\u2019s spouse, children and stepchildren, parents and stepparents, and siblings and stepsiblings. The members of an individual\u2019s household include any other person that shares the same residence as the individual for at least three (3) months out of the year.\nMakers must register for the Challenge on the Challenge Website, complete and enter all of the required fields on the \u201cEnter a Submission\u201d (or \u201cEnter an Application\u201d) page of the Challenge Website (each a \u201cSubmission\u201d) during the Challenge Submission Period, and follow the requirements below.\n\nAll Submission materials must be in English or, if not in English, the Maker must provide an English translation of the demonstration video, text description, and testing instructions as well as all other materials submitted.\u00a0\n\n(i)\u00a0\nMakers must create (or have created) a working software application that focuses on maximizing engagement and value for patients enrolled in clinical trials (each an \u201cApplication\u201d).\n(ii)\u00a0\nThe Application must be capable of being successfully installed and running consistently on the platform for which it is intended, and must function as depicted in the video and/or expressed in the text description.\n(iii)\u00a0\nA submitted Application must run on an Android , Blackberry, iOS, or Windows Phone smartphone or tablet or Google Glass, OR web or mobile web browser, OR Windows or Mac desktop computer.\n(iv)\u00a0\nApplications must be either newly created by the Maker or, if the Application existed prior to the Challenge Submission Period, the Maker must have added new features and functionality after the start of the Challenge Submission Period.\n(v)\u00a0\nThe Maker must make the Application available free of charge and without any restriction, for testing, evaluation and use by the Poster, Administrator and judges during the Challenge and until the Judging Period ends.\n(vi)\u00a0\nThe Maker may make the Application available to the public via a website or online store, but is not required to do so.\n(vii)\u00a0\n\u00a0A Maker may submit more than one Submission, however, each Submission must be unique, as determined by the Poster and/or the Administrator.\n(viii)\u00a0\nApplications may integrate SDKs, APIs and data, provided the Maker is authorized to use them.\n(ix)\u00a0\nYour Submission must: (a) be your (or your team or Organization\u2019s) original work product; (b) be solely owned by you, your team, or your Organization with no other person or entity having any right or interest in it; and (c) not violate the intellectual property rights or other rights including but not limited to copyright, trademark, patent, contract, and/or privacy rights, of any other person or entity. By entering the Challenge you represent, warrant, and agree that your Submission meets these requirements.\n\nThe text description should describe how your Application increases engagement and value for patients enrolled in clinical trials.\nYou must submit at least one image. The image(s) should be photographs or screenshots of your working Application.\u00a0Images must be one of the following formats: .jpg, .gif, or .png.\nThe video portion of the Submission:\u00a0\na. should be less than five (5) minutes;\nb. must include footage that walks through and clearly explains the Application\u2019s features and functionality through a comprehensive demonstration;\nc. must be uploaded to Youtube, Vimeo, or Youku, and a link to the video must be provided on the submission form on the Challenge Website; and\nd. must not include third party trademarks, or copyrighted music or other material unless the Maker has permission to use such material.\nSubject to the licenses described below, any applicable intellectual property rights to a Submission will remain with the Maker.\n\u00a0\u00a0By entering the Challenge, you grant to the Poster, Administrator, and any other third parties acting on the Poster\u2019s behalf, a royalty-free, non-exclusive, worldwide perpetual license to display publicly and use for promotional purposes the Submission, in perpetuity. This license includes, but is not limited to, posting or linking to the Submission on Poster\u2019s, Administrator\u2019s, and partners\u2019 websites and applications, including the Challenge Website, and display and promotion of the Submission in any other media, worldwide.\n\u00a0The following Submission components may be displayed to the public: name, description, images, video URL, website, URL, team members (username only), the Submission category and platform, and submitter type. Other Submission materials may be viewed by the Poster, Administrator, and Judges for screening and evaluation.\n\u00a0Makers represent and warrant that the Poster, the Administrator and Promotion Entities are free to use Makers\u2019 Submission in the manner described above, as provided or as modified by ChallengePost, without obtaining permission or license from any third party and without any compensation to Makers.\nEligible Submissions will be evaluated by a panel of judges selected by the Poster (the \u201cJudges\u201d), and scored using the following criteria (the \u201cJudging Criteria\u201d):\n(i)\u00a0\n\u00a0(Includes the degree to which the Application provides a unique, clear idea/vision to increase engagement and value for patients enrolled in clinical trials.)\n(ii)\u00a0\n\u00a0(Includes visual appeal and completeness of implementation. Is the hierarchy and density of information user-friendly and digestible? How complete, robust and practical is the idea?);\n(iii)\u00a0\n(Includes the extent to which the Application may result in greater engagement for patients enrolled in clinical research.); and\n(iv)\u00a0\n\u00a0(Includes the extent to which the Application brings value to patients and helps them meet a need while enrolled in a clinical trial).\nThe two (2) Makers whose Submissions earn the highest overall scores based on the Judging Criteria, will become potential winners of the Grand and Runner-Up Prizes listed in Section 7.\nOne Large Organization Maker whose Submission earns the highest overall score based on the Judging Criteria will become potential winner of the non-cash Large Organization Recognition Award identified below in Section 7.\nThe Judging Criteria above may not apply to every Prize. See section 7 below for the Judging Criteria that apply for each Prize.\n\u00a0JUDGES are not required to test the Application and may choose to judge based solely on the text description, IMAGES and video provided in the Submission.\u00a0\n\u00a0For each Prize listed in Section 7 below, if two or more Submissions are tied, the tied Submission with the highest score in the first applicable criterion listed above will be considered the higher scoring Submission. In the event any ties remain, this process will be repeated, as needed, by comparing the tied Submissions\u2019 scores on the next applicable criterion. If two or more Submissions are tied on all applicable criteria, the panel of Judges will vote on the tied Submissions.\n\nPlease review the ChallengePost Terms of Service at\u00a0\n\u00a0for voting rules.\nTHE AWARD OF A PRIZE TO A POTENTIAL WINNER IS SUBJECT TO VERIFICATION OF THE IDENTITY, QUALIFICATIONS AND ROLE OF THE POTENTIAL WINNER IN THE CREATION OF THE SUBMISSION. The final decision to designate a winner shall be made by the Poster and/or Administrator.\nPotential winners will be notified using the email address associated with the ChallengePost account used to enter the Submission. In order to receive a Prize, the potential winner (including all participating team members in the case of a team or Organization) will be required to sign and return to the Poster or Administrator, affidavit(s) of eligibility (or a similar verification document) and liability/publicity release(s), and any applicable tax forms (\u201cRequired Forms\u201d).\nten (10) business days after the Required Forms are sent.\nThe Poster and/or Administrator may deem a potential winner (or participating team members) ineligible to win if:\u00a0\n(i) the potential winner\u2019s Representative or any participating member does not respond to multiple emails or fails to sign and return the Required Forms by the deadline listed above, or responds and rejects the Prize;\u00a0\u00a0\n(ii) the Prize or Prize notification is returned as undeliverable; or\u00a0\u00a0\n(iii) the Submission or the potential winner, or any member of a potential winner\u2019s team, Organization, or Large Organization, is disqualified for any other reason.\u00a0\nIn the event of a disqualification, the Poster and/or Administrator may award the applicable Prize to an alternate potential winner.\nThe Poster has the right to make a Prize substitution of equivalent or greater value. The Poster will not award a Prize if there are no eligible Submissions entered in the Challenge, or if there are no eligible Makers or Submissions for a specific Prize.\nA monetary Prize will be mailed to the winning Maker\u2019s address (if an individual) or the Representative\u2019s address (if a team or Organization) after receipt of the Required Forms. It will be the responsibility of the winning Maker\u2019s Representative to allocate the Prize among their team or Organization\u2019s participating members, as the Representative deems appropriate.\u00a0\nWithin 45 days of the Poster or Administrator\u2019s receipt of the Required Forms\nWinners (and in the case of team or Organization, all participating members) are responsible for reporting and paying all applicable taxes in their jurisdiction of residence (federal, state/provincial/territorial and local). Winners may be required to provide certain information to facilitate receipt of the award, including completing and submitting any tax or other forms necessary for compliance with applicable withholding and reporting requirements. Winners are also responsible for complying with foreign exchange and banking regulations in their respective jurisdictions and reporting the receipt of the Prize to relevant government departments/agencies, if necessary. The Poster, Administrator, and/or Prize provider reserve the right to withhold a portion of the prize amount to comply with the tax laws of the United States or other Poster jurisdiction, or those of a winner\u2019s jurisdiction.\nA. By entering the Challenge, you (and, if you are entering on behalf of a team or Organization, each participating members) agree(s) to the following:\n(i) The relationship between you, the Maker, and the Poster and Administrator, is not a confidential, fiduciary, or other special relationship.\n(ii) You will be bound by and comply with these Official Rules and the decisions of the Poster, Administrator, and/or the Challenge judges which are binding and final in all matters relating to the Challenge.\n(iii) You release, indemnify, defend and hold harmless the Poster, Administrator, Promotion Entities, and their respective parent, subsidiary, and affiliated companies, the Prize suppliers and any other organizations responsible for sponsoring, fulfilling, administering, advertising or promoting the Challenge, and all of their respective past and present officers, directors, employees, agents and representatives (hereafter the \u201cReleased Parties\u201d) from and against any and all claims, expenses, and liabilities (including reasonable attorneys\u2019 fees), including but not limited to negligence and damages of any kind to persons and property, defamation, slander, libel, violation of right of publicity, infringement of trademark, copyright or other intellectual property rights, property damage, or death or personal injury arising out of or relating to a Maker\u2019s entry, creation of Submission or entry of a Submission, participation in the Challenge, acceptance or use or misuse of the Prize (including any travel or activity related thereto) and/or the broadcast, transmission, performance, exploitation or use of the Submission as authorized or licensed by these Official Rules.\u00a0\nB. Without limiting the foregoing, the Released Parties shall have no liability in connection with:\u00a0\n(i) any incorrect or inaccurate information, whether caused by the Poster or Administrator\u2019s electronic or printing error, or by any of the equipment or programming associated with or utilized in the Challenge;\u00a0\n(ii) technical failures of any kind, including, but not limited to malfunctions, interruptions, or disconnections in phone lines, internet connectivity or electronic transmission errors, or network hardware or software or failure of the Challenge Website;\n(iii) unauthorized human intervention in any part of the entry process or the Challenge;\u00a0\n(iv) technical or human error which may occur in the administration of the Challenge or the processing of Submissions; or\u00a0\n(v) any injury or damage to persons or property which may be caused, directly or indirectly, in whole or in part, from the Maker\u2019s participation in the Challenge or receipt or use or misuse of any Prize.\nThe Released Parties are not responsible for incomplete, late, misdirected, damaged, lost, illegible, or incomprehensible Submissions or for address or email address changes of the Makers. Proof of sending or submitting will not be deemed to be proof of receipt by the Poster or Administrator.\nIf for any reason any Maker\u2019s Submission is determined to have not been received or been erroneously deleted, lost, or otherwise destroyed or corrupted, the Maker\u2019s sole remedy is to request the opportunity to resubmit its Submission. Such request must be made promptly after the Maker knows or should have known there was a problem, and will be determined at the sole discretion of the Poster and/or Administrator.\u00a0\nBy participating in the Challenge you consent to the use of personal information about you, if you are a winner, by the Poster, Administrator, and third parties acting on their behalf. Such personal information includes, but is not limited to, your name, likeness, photograph, voice, opinions, comments and hometown and country of residence. It may be used in any existing or newly created media, worldwide without further payment or consideration or right of review, unless prohibited by law. Authorized use includes advertising and promotional purposes. The duration of your consent is for a period of three years following the conclusion of the Challenge. This consent applies, as applicable, to all members a of Maker\u2019s team or Organization which participated in the winning Submission.\nA. Poster and Administrator reserve the right, in their sole discretion, to cancel, suspend and/or modify the Challenge, or any part of it, in the event of a technical failure, fraud, or any other factor or event that was not anticipated or is not within their control.\nB.\u00a0 Poster and Administrator reserve the right in their sole discretion to disqualify any individual or Maker it finds to be actually or presenting the appearance of tampering with the entry process or the operation of the Challenge or to be acting in violation of these Official Rules or in a manner that is inappropriate, unsportsmanlike, not in the best interests of this Challenge, or a violation of any applicable law or regulation.\u00a0\nC. Any attempt by any person to undermine the proper conduct of the Challenge may be a violation of criminal and civil law.\u00a0 Should Poster or Administrator suspect that such an attempt has been made or is threatened, they reserve the right to take appropriate action including but not limited to requiring a Maker to cooperate with an investigation and referral to criminal and civil law enforcement authorities.\nD. If there is any discrepancy or inconsistency between the terms and conditions of the Official Rules and disclosures or other statements contained in any Challenge materials, including but not limited to the Challenge Submission form, Challenge Website, advertising (including but not limited to television, print, radio or online ads), the terms and conditions of the Official Rules shall prevail.\u00a0\nE. The terms and conditions of the Official Rules are subject to change at any time, including the rights or obligations of the Maker, the Poster and the Administrator. The Poster and Administrator will post the terms and conditions of the amended Official Rules on the Challenge Website.\u00a0 To the fullest extent permitted by law, any amendment will become effective at the time specified in the posting of the amended Official Rules or, if no time is specified, the time of posting.\u00a0\nF. If at any time prior to the deadline, a Maker or prospective Maker believes that any Official Rule is or may be unclear or ambiguous, they must submit a written request for clarification.\u00a0\u00a0\u00a0\nG. The Poster or Administrator\u2019s failure to enforce any term of these Official Rules shall not constitute a waiver of that provision. Should any provision of these Official Rules be or become illegal or unenforceable in any jurisdiction whose laws or regulations may apply to a Maker, such illegality or unenforceability shall leave the remainder of these Official Rules, including the Rule affected, to the fullest extent permitted by law, unaffected and valid. The illegal or unenforceable provision shall be replaced by a valid and enforceable provision that comes closest and best reflects the Poster\u2019s intention in a legal and enforceable manner with respect to the invalid or unenforceable provision.\nH. Excluding Submissions, all intellectual property related to this Challenge, including but not limited to copyrighted material, trademarks, trade-names, logos, designs, promotional materials, web pages, source codes, drawings, illustrations, slogans and representations are owned or used under license by the Poster and/or Administrator. All rights are reserved. Unauthorized copying or use of any copyrighted material or intellectual property without the express written consent of its owners is strictly prohibited.\u00a0Any use in a Submission of Poster or Administrator intellectual property shall be solely to the extent provided for in these Official Rules.\nBy entering, all Makers (including, in the case of a team or Organization, all participating members) agree to be bound by the Official Rules and hereby release the Released Parties from any and all liability in connection with the Prizes or Maker\u2019s participation in the Challenge. Provided, however, that any liability limitation regarding gross negligence or intentional acts, or events of death or body injury shall not be applicable in jurisdictions where such limitation is not legal.\u00a0\nA. Makers agree that, to the fullest extent permitted by law:\u00a0\n(i) any and all disputes, claims and causes of action arising out of or connected with this Challenge, or any Prizes awarded, other than those concerning the administration of the Challenge or the determination of winners, shall be resolved individually, without resort to any form of class action;\u00a0\n(ii) any and all disputes, claims and causes of action arising out of or connected with this Challenge or any Prizes awarded, shall be resolved exclusively by the United States District Court for the Southern District of New York or the appropriate New York State Court located within New York County, and Makers consent to the exclusive jurisdiction and venue of such courts; and\u00a0\u00a0\n(iii) under no circumstances will Makers be entitled to, and Makers hereby waives all rights to claim, any punitive, incidental and consequential damages and any and all rights to have damages multiplied or otherwise increased.\nSOME JURISDICTIONS DO NOT ALLOW THE LIMITATIONS OR EXCLUSION OF LIABILITY FOR INCIDENTAL OR CONSEQUENTIAL DAMAGES, SO THE ABOVE MAY NOT APPLY TO YOU.\u00a0\nB. All issues and questions concerning the construction, validity, interpretation and enforceability of these Official Rules, or the rights and obligations of the Makers and the Poster in connection with the Challenge, shall be governed by, and construed in accordance with, the laws of the State of New York, without giving effect to any choice of law or conflict of law rules (whether of the State of New York or any other jurisdiction), which would cause the application of the laws of any jurisdiction other than the State of New York.\u00a0\nPlease review the ChallengePost Terms of Service at\u00a0\n\u00a0for additional rules that apply to your participation in the Challenge and more generally your use of the Challenge Website. If there is a conflict between the Terms of Service and these Official Rules, the latter terms shall control with respect to this Challenge only.\nChallengePost collects personal information from you when you enter the Challenge. The information collected is subject to the privacy policy located here:\u00a0\n.\nIf you have any questions or comment, or wish to send us any notice regarding this Challenge, please email us at\u00a0\n.\u00a0", "hackathon-prizes": [{"prize-content": "$7,500 cash prize.", "prize-title": "Grand Prize"}, {"prize-content": "$2,000 cash prize.  Reimbursement of airfare for one (valued at $550), one night stay at Mirage hotel (valued at $200), and a Gold Pass (Main Conference and Exhibit April 1-2, 2014) to 2014 Partnerships in Clinical Trials conference in Las Vegas, NV (valued at ~$3,500).", "prize-title": "Runner-Up"}, {"prize-content": "", "prize-title": "Popular Choice Award"}, {"prize-content": "Non-cash, recognition only for Large Organizations", "prize-title": "Large Organization Recognition Award"}], "hackathon-location-google-maps": "", "hackathon-url": "https://patientengagement.devpost.com/", "hackathon-judging-criteria": [{"judging-criterion": "Includes the degree to which the app provides a unique, clear idea/vision to meet the challenge."}, {"judging-criterion": "Includes visual appeal and completeness of implementation. Is the hierarchy and density of information user-friendly and digestible? How complete, robust and practical is the idea?"}, {"judging-criterion": "Includes the extent to which the app may result in greater engagement for patients enrolled in clinical research."}, {"judging-criterion": "Includes the extent to which the app brings value to patients and helps them meet a need while enrolled in a clinical trial."}], "hackathon-location-address": "", "hackathon-description-header": "Transform the clinical trial experience for patients \u2014 submit apps that educate, engage, and empower participants enrolled in clinical studies.", "hackathon-prizes-total": "$24,000", "hackathon-location-description": "", "hackathon-end-date": "2014-03-21", "has-projects": "True"}