{"hackathon-description-text": "\nThe", "hackathon-number-of-prizes": "3", "hackathon-id": "apps4kids-hackathon", "hackathon-judges": [{"judge-role": "Sleep/Wake Behaviour Clinic", "judge-name": "Mai Berger"}], "hackathon-number-of-judges": "1", "hackathon-eligibility": "\nIndividual attendees, particularly parents, service providing NGOs, and health care professionals are most welcome - teams will be formed in the", "hackathon-number-of-participants": "44", "hackathon-is-colocated": "True", "hackathon-has-ended": "False", "hackathon-number-of-judging-criteria": "1", "hackathon-requirements": "", "hackathon-rules": "", "hackathon-prizes": [{"prize-content": "", "prize-title": "Canadian FASD-Research Network Award"}, {"prize-content": "", "prize-title": "Telus &amp; Down Syndrome Research Foundation Award"}, {"prize-content": "", "prize-title": "Children's Sleep Network &amp; NeuroDevNet Award"}], "hackathon-location-google-maps": "https://maps.google.com/?q=The University of British Columbia, 2332 Main Mall, Vancouver, BC V6T 1Z4, Canada", "hackathon-url": "https://apps4kids-hackathon.devpost.com/", "hackathon-judging-criteria": [{"judging-criterion": "The most innovative projects (including software, hardware, and design) that meet the needs of the community-based partners and support the optimization of chronic care management will be awarded."}], "hackathon-location-address": "The University of British Columbia, 2332 Main Mall, Vancouver, BC V6T 1Z4, Canada", "hackathon-description-header": "Collaborating to solve medical challenges for children and youth with chronic care needs.", "hackathon-prizes-total": "$10,500", "hackathon-location-description": "", "hackathon-end-date": "", "has-projects": "False"}