{"hackathon-description-text": "\nHackTheU is Utah's most innovative hackathon. Launching at Lassonde Studios, it is designed for the future disruptors of the world. Lassonde Studios is an award winning piece of architecture modeled after Google headquarters and designed for entrepreneurs.", "hackathon-number-of-prizes": "8", "hackathon-id": "hacktheu", "hackathon-judges": [{"judge-role": "The Void, CVO", "judge-name": "James Jensen"}, {"judge-role": "MD, PhD, MPH, MBA", "judge-name": "John Langell"}, {"judge-role": "Morph3D, AR/VR Director", "judge-name": "Chris Madsen"}], "hackathon-number-of-judges": "3", "hackathon-eligibility": "\nAll participants must be 18 or older.\n\u00a0\nTeams must consist of at most 6 members.", "hackathon-number-of-participants": "77", "hackathon-is-colocated": "True", "hackathon-has-ended": "True", "hackathon-number-of-judging-criteria": "3", "hackathon-requirements": "", "hackathon-rules": "\nThe Hack Code of Conduct:\u00a0\nOur hackathon is dedicated to providing a harassment-free experience for everyone, regardless of gender, gender identity and expression, age, sexual orientation, disability, physical appearance, body size, race, ethnicity, nationality, religion, previous hackathon attendance or computing experience (or lack of any of the aforementioned). We do not tolerate harassment of hackathon participants in any form. Sexual language and imagery is not appropriate at any hackathon venue, including hacks, talks, workshops, parties, social media and other online media. Hackathon participants violating these rules may be sanctioned or expelled from the hackathon without a refund (if applicable) at the discretion of the hackathon organisers.\nhttp://hackcodeofconduct.org/", "hackathon-prizes": [{"prize-content": "$1000 prize for winning team", "prize-title": "Best Overall Hack"}, {"prize-content": "MLH Second Place Medals", "prize-title": "2nd Best Overall Hack"}, {"prize-content": "MLH third place medals", "prize-title": "3rd Best Overall Hack"}, {"prize-content": "10 Audio Headsets", "prize-title": "Windows Universal Application"}, {"prize-content": "1st Place: Trip to Animal Sanctuary for team in Zion/Bryce National Park. Value $1800 and $100 Best Friends Gift Certificate to each team member", "prize-title": "Hack to Save Homeless Pets"}, {"prize-content": "$1000 prize for winning team", "prize-title": "Games4Health"}, {"prize-content": "Use your tech skills for good and hack online harassment. Build a software solution that can help reduce the frequency and/or severity of online harassment. Win a HackHarassment Swag Bag.", "prize-title": "#HackHarassment"}, {"prize-content": "Domain.com Swag Bag", "prize-title": "Best Domain Name Registered with Domain.com"}], "hackathon-location-google-maps": "https://maps.google.com/?q=1701 Student Life Way, Salt Lake City, UT 84112, USA", "hackathon-url": "https://hacktheu.devpost.com/", "hackathon-judging-criteria": [{"judging-criterion": ""}, {"judging-criterion": ""}, {"judging-criterion": ""}], "hackathon-location-address": "1701 Student Life Way, Salt Lake City, UT 84112, USA", "hackathon-description-header": "HackTheU is Utah's most innovative hackathon", "hackathon-prizes-total": "$5,620", "hackathon-location-description": "University of Utah, Lassonde Studios", "hackathon-end-date": "2016-11-13", "has-projects": "True"}