{"hackathon-description-text": "\nis open to developers and web designers who dream about building digital things to help travelers on their journeys.", "hackathon-number-of-prizes": "4", "hackathon-id": "thackseattle2015", "hackathon-judges": [{"judge-role": "CEO, Dwellable", "judge-name": "Kirby Winfield"}, {"judge-role": "Founder, Vamo", "judge-name": "Ari Steinberg"}, {"judge-role": "Senior Technology & Engineering Leader, Groupon, Expedia", "judge-name": "Milkana Brace"}], "hackathon-number-of-judges": "3", "hackathon-eligibility": "", "hackathon-number-of-participants": "21", "hackathon-is-colocated": "True", "hackathon-has-ended": "True", "hackathon-number-of-judging-criteria": "4", "hackathon-requirements": "", "hackathon-rules": "", "hackathon-prizes": [{"prize-content": "", "prize-title": "THack @ Seattle individual or small team (2 members)"}, {"prize-content": "", "prize-title": "THack @ Seattle large team (3 to 5 members)"}, {"prize-content": "", "prize-title": "THack @ Seattle people's choice"}, {"prize-content": "Awarded by Sabre judges to individual or team project with best use of Sabre API.", "prize-title": "THack @ Seattle Sabre API"}], "hackathon-location-google-maps": "https://maps.google.com/?q=220 2nd Avenue South, Seattle, WA 98104, USA", "hackathon-url": "https://thackseattle2015.devpost.com/", "hackathon-judging-criteria": [{"judging-criterion": ""}, {"judging-criterion": ""}, {"judging-criterion": ""}, {"judging-criterion": ""}], "hackathon-location-address": "220 2nd Avenue South, Seattle, WA 98104, USA", "hackathon-description-header": "Bring your coding and design skills to THack @ Seattle and disrupt the way travelers dream about, search, shop, experience and share travel.", "hackathon-prizes-total": "$4,000", "hackathon-location-description": "", "hackathon-end-date": "2015-04-19", "has-projects": "True"}