{"hackathon-description-text": "\nYoung people (aged 13 to 24) in the United States are at significant risk of HIV and other sexually transmitted diseases (STDs). One in four new HIV infections are in young people aged 13 to 24 years, about 1,000 youth are infected with HIV every month, and about 60% of those infected are not aware they have HIV and are not receiving treatment (CDC, 2012). Young people are at significant risk of STDs. Young people aged 15 to 24 years make up nearly half of the 19 million new STD diagnoses each year (CDC, 2010).\u00a0 Young women in this age group have the highest rates of chlamydia and gonorrhea (CDC, 2010).\u00a0 People with STDs are at least two to five times more likely than people without STDs to get HIV if they are exposed to the HIV through sexual contact (CDC, 2010).\u00a0 Given the high rates of HIV infection and STDs, it is critical to educate young people about behaviors and actions they can take to reduce their HIV and STD risk.", "hackathon-number-of-prizes": "3", "hackathon-id": "gameon", "hackathon-judges": [{"judge-role": "Assistant Professor of Communication at Marist College", "judge-name": "Karen Schrier"}, {"judge-role": "CEO at GameMix", "judge-name": "Ivar Chan"}, {"judge-role": "Co-Founder, Chief Technology Officer at Naked Sky Entertainment", "judge-name": "Joshua Glazer"}, {"judge-role": "Chief Executive Officer at Social Impulse", "judge-name": "Steven-Elliot Altman"}, {"judge-role": "Member of the Georgia Game Developers Association", "judge-name": "Dwight Dunbar"}, {"judge-role": "Founder of Monkey King Games", "judge-name": "Jamison Selby"}, {"judge-role": "Owner and Founder of Media Rez Game Studios", "judge-name": "Daniel Greenberg"}], "hackathon-number-of-judges": "7", "hackathon-eligibility": "\n\nParticipants who enter as part of a team understand and agree that submission of an entry constitutes their representation and warranty that all the members of the team have read and accepted the rules. The eligibility of the contestant is tied to the team\u2019s eligibility; if one member of the team does not comply with these rules or is disqualified, the team as a whole will be disqualified.", "hackathon-number-of-participants": "101", "hackathon-is-colocated": "False", "hackathon-has-ended": "True", "hackathon-number-of-judging-criteria": "10", "hackathon-requirements": "\n\u00a0\nThe game\n\u00a0\nThe game\n(Submissions will be disqualified if they contain any of the following)\n\u00a0\nThe game\n\u00a0\n\u00a0", "hackathon-rules": "\nSubmission of an entry in this challenge constitutes full and unconditional agreement to and acceptance of these rules. No purchase or payment is necessary to enter or to win. All applicable federal, state, and local laws and regulations apply. The challenge is void where otherwise prohibited by law.\n: Contestants must submit their video game between 11/06/2013, 5:00pm ET and 03/03/2014, 11:59pm ET. Contestants may be individuals, groups, or organizations (including but not limited to universities and media development companies). Only one game may be submitted per contestant. Contestants must submit the required\u00a0information on \n\u00a0for each video game entry. Groups must submit a contest entry through a single designated individual or entity within the group.\n: All games submitted to the \n \nremain the intellectual property of the entities that developed them.\u00a0However, U.S. Department of Health and Human Services (HHS), U.S. Centers for Disease Control and Prevention (CDC), and the Agency for Toxic Substances and Disease Registry (ATSDR) will have a nonexclusive, royalty-free license to use, reproduce, publish, distribute, and exhibit the submission/winning game in any and all formats or manner for educational, training, and other public health purposes consistent with HHS and/or CDC/ATSDR\u2019s mission.\nWinners will need to transfer a nonexclusive, royalty-free license to use, reproduce, and distribute the app source code to CDC and/or release the source code under an open source license that allows the CDC to make future modifications and releases of the app for education, training, and other public health purposes consistent with HHS and/or CDC/ATSDR's mission.\n: Submissions will be judged by a panel of external partners and internal CDC staff. The panel will judge submissions based on the challenge judging criteria. Judges will select one (1) first place winner, one (1) second place winner, and up to five (5) honorable mentions. In the event of a tie, winners will be determined based on judges\u2019 discretion. CDC reserves the right in its sole discretion to cancel, terminate, modify, or suspend the contest.\nThe names of the expert judging panel will be identified on Challenge.gov.\u00a0 The CDC reserves the right to substitute or modify the judging panel at any time for any reason. Judges do have the right to withdrawal without advance notice in the event of extenuating circumstances beyond their control. Judges will be fair and impartial. A judge may elect to recuse him or herself from judging a submission, if in the judge\u2019s sole discretion it is not appropriate for him or her to judge that particular submission because of a past or current relationship with that particular contestant. A submission will not be at a disadvantage if one or more judges recuses himself or herself.\n: The winner will be announced on or about\u00a006/01/2014\u00a0on \n.\n: Except where prohibited, participation in the contest constitutes the first and second place winners\u2019 consent to use of the winners\u2019 name, likeness, photograph, voice, opinions, and/or hometown and state information by the contest\u2019s sponsors and/or agents for promotional purposes in any media, worldwide, in perpetuity, without further payment or consideration.\n: The contestant warrants that he or she is the sole author and owner of the contest submission, and that the contest submission completely originates with the contestant, that it does not infringe upon any copyright or any other rights of any third party of which the contestant is aware, and is free of malware.\n: The contestant/submitter agrees to assume any and all risks and waive claims against the federal government and its related entities, except in the case of willful misconduct, for any injury, death, damage, or loss of property (including any damage that may result from a virus, malware, etc., to CDC systems utilized to play the video), revenue, or profits, whether direct, indirect, or consequential, arising from their participation in the competition, whether the injury, death, damage, or loss arises through negligence or otherwise. The contestant/submitter shall be liable for, and shall indemnify and hold harmless the government against all actions or claims for any claim, demand, judgment, or other allegation arising from alleged violation of an individual\u2019s trademark, copyright, or other legally protected interest in video games submitted to CDC.\nParticipants shall be responsible for obtaining their own insurance to cover claims by any third party for death, bodily injury, property damage, or loss resulting from an activity carried out in connection with or participation in the competition.", "hackathon-prizes": [{"prize-content": "One first-place winner will receive $20,000.", "prize-title": "First Place"}, {"prize-content": "One second-place winner will receive $10,000.", "prize-title": "Second Place"}, {"prize-content": "Up to three honorable mentions will be recognized.", "prize-title": "Honorable Mention"}], "hackathon-location-google-maps": "", "hackathon-url": "https://gameon.devpost.com/", "hackathon-judging-criteria": [{"judging-criterion": ""}, {"judging-criterion": ""}, {"judging-criterion": ""}, {"judging-criterion": ""}, {"judging-criterion": ""}, {"judging-criterion": ""}, {"judging-criterion": ""}, {"judging-criterion": ""}, {"judging-criterion": ""}, {"judging-criterion": ""}], "hackathon-location-address": "", "hackathon-description-header": "Create a mobile application (app) game to teach HIV and STD prevention strategies to teens and young adults", "hackathon-prizes-total": "$30,000", "hackathon-location-description": "", "hackathon-end-date": "2014-03-21", "has-projects": "True"}