{"hackathon-description-text": "\nThe America East hackathon, Hack AE, is a 24-hour civic hackathon organized by the America East Academic Consortium, the academic initiative of the America East Conference. Hack AE is designed to provide undergraduate developers and designers who are enrolled at America East Conference member universities with a unique opportunity to build software and hardware projects that encourage civic engagement and/or address the real-world challenges facing our cities, states, and country.\u00a0", "hackathon-number-of-prizes": "15", "hackathon-id": "hack-ae-2016", "hackathon-judges": [{"judge-role": "United Way of Broome County", "judge-name": "Robin Alpaugh"}, {"judge-role": "Broome County Health Department", "judge-name": "Sean Britton"}, {"judge-role": "Binghamton University", "judge-name": "Scott Craver"}, {"judge-role": "Major League Hacking", "judge-name": "Carl Domingo"}, {"judge-role": "America East Academic Consortium", "judge-name": "Juliette Kenny"}, {"judge-role": "Binghamton University", "judge-name": "Patrick Madden"}, {"judge-role": "Roberson Museum and Science Center", "judge-name": "Terry McDonald"}, {"judge-role": "Salvation Army", "judge-name": "Sarah Miller"}, {"judge-role": "Binghamton University", "judge-name": "Pamela Mischen"}, {"judge-role": "City of Binghamton", "judge-name": "Robert Murphy"}, {"judge-role": "Binghamton University", "judge-name": "Aravind Prakash"}, {"judge-role": "Binghamton University", "judge-name": "Adam Smallcomb"}, {"judge-role": "Binghamton University", "judge-name": "George Weinshenk"}], "hackathon-number-of-judges": "13", "hackathon-eligibility": "\nUndergraduate students who are enrolled at an America East Conference member university may register to attend. America East Conference member universities are as follows:", "hackathon-number-of-participants": "113", "hackathon-is-colocated": "True", "hackathon-has-ended": "True", "hackathon-number-of-judging-criteria": "4", "hackathon-requirements": "\nHackers may build anything (e.g., web applications, desktop applications, mobile applications, hardware) provided the project: (1) strives to foster civic engagement; or (2) seeks to address an issue of considerable importance to our society.\u00a0\nProjects may not contain anything that is or may be construed as: (1) threatening, harassing, degrading or hateful; (2) defamatory; (3) fraudulent; or (4) obsence, indecent, or otherwise objectionable. Further, projects may not contain any material that may encourage conduct constituting a criminal offense.", "hackathon-rules": "\nHackers may build anything (e.g., web applications, desktop applications, mobile applications, hardware) provided the project: (1) strives to foster civic engagement; or (2) seeks to address an issue of considerable importance to our society.\nProjects may not contain anything that is or may be construed as: (1) threatening, harassing, degrading, or hateful; (2) defamatory; (3) fraudulent; of (4) obsence, indecent, or otherwise objectionable. Further, projects may not contain any material that may encourage conduct constituting a criminal offense.\u00a0\nAdditionally, please note that Hack AE is proud to be a Major League Hacking partner event. All participants must abide by the \n.\u00a0", "hackathon-prizes": [{"prize-content": "", "prize-title": "1st Place"}, {"prize-content": "", "prize-title": "2nd Place"}, {"prize-content": "", "prize-title": "3rd Place"}, {"prize-content": "Use your tech skills for good and hack online harassment. Build a software solution that can help reduce the frequency and/or severity of online harassment. Win a HackHarassment Swag Bag.", "prize-title": "#HackHarassment"}, {"prize-content": "Everything is part of the internet of things now - from your phone to your fitness band to your thermostat. Build a hack that utilizes private data being collected from your devices, and show how you can turn potential vulnerabilities into something constructive. Prize: Collector's Edition of Watch Dogs 2", "prize-title": "Watch Dogs\u00ae 2 Best Device Privacy Hack"}, {"prize-content": "1 TB Hard Drives", "prize-title": "Amazon Web Services - Best Use of AWS"}, {"prize-content": "Domain.com Swag Bags", "prize-title": "Best Domain Name from Domain.com"}, {"prize-content": "Best hack by a first-time hacker", "prize-title": "Best Beginner Hack"}, {"prize-content": "Hack that requires most technical insight and problem-solving knowledge", "prize-title": "Most Technically Sophisticated Hack"}, {"prize-content": "Hack with greatest educational impact", "prize-title": "Best Education Hack"}, {"prize-content": "Hack with greatest environmental impact", "prize-title": "Best Environmental Hack"}, {"prize-content": "Hack with greatest impact in the area of health and wellness", "prize-title": "Best Health and Wellness Hack"}, {"prize-content": "Hack with greatest comedic impact", "prize-title": "Funniest Hack"}, {"prize-content": "Hack that solves a problem in an unconventional way", "prize-title": "Most Innovative Hack (GE)"}, {"prize-content": "Hack that makes best use of digital media (video, pictures, games, ect.)", "prize-title": "Best Media Hack (Viacom)"}], "hackathon-location-google-maps": "https://maps.google.com/?q=85 Murray Hill Rd, Vestal, NY 13850, USA", "hackathon-url": "https://hack-ae-2016.devpost.com/", "hackathon-judging-criteria": [{"judging-criterion": "Is the solution unique and innovative? Does the project do something entirely novel or take a fresh approach to an old problem?"}, {"judging-criterion": "Is the project technically advanced? Did the students solve a difficulty technical problem in completing the project?"}, {"judging-criterion": "Is the project usable in its current state? Is the user experience smooth? Is the project aesthetically pleasing?"}, {"judging-criterion": "Is the project something that people are likely to use? Does the project fulfill a real need? Is the project likely to have a positive impact in our local community, region, nation, or world?"}], "hackathon-location-address": "85 Murray Hill Rd, Vestal, NY 13850, USA", "hackathon-description-header": "Hack AE is a civic hackathon designed to provide America East undergraduate students with the opportunity to build software and hardware projects that positively impact the world around them.", "hackathon-prizes-total": "0", "hackathon-location-description": "Binghamton University, Innovative Technologies Complex", "hackathon-end-date": "2016-11-06", "has-projects": "True"}