{"hackathon-description-text": "\nWHACK is where awesome women come together to learn, explore, and build. Think out of the box, play with new technologies, ask questions, make mistakes, learn something new, and have fun! To help you execute those rad ideas, we\u2019re providing seasoned mentors to spread their knowledge.", "hackathon-number-of-prizes": "7", "hackathon-id": "wellesleyhack", "hackathon-judges": [{"judge-role": "", "judge-name": "Mentors"}], "hackathon-number-of-judges": "1", "hackathon-eligibility": "", "hackathon-number-of-participants": "50", "hackathon-is-colocated": "True", "hackathon-has-ended": "False", "hackathon-number-of-judging-criteria": "2", "hackathon-requirements": "", "hackathon-rules": "\nCode of Conduct (MLH):\u00a0", "hackathon-prizes": [{"prize-content": "Dell Venue Tablets (4)", "prize-title": "1st Prize"}, {"prize-content": "RC Quadcopter Drones (4)", "prize-title": "2nd Prize"}, {"prize-content": "Canakit Raspberry Pi Kit (4)", "prize-title": "3rd Prize"}, {"prize-content": "Portable Bluetooth Speakers (4)", "prize-title": "Rookie Prize"}, {"prize-content": "Dell 1TB Hard Drive (4)", "prize-title": "Best Use of AWS"}, {"prize-content": "Domain.com swag bag (4)", "prize-title": "Best Use of Domain.com"}, {"prize-content": "Pebble Steel (4)", "prize-title": "Best Pebble Hack"}], "hackathon-location-google-maps": "https://maps.google.com/?q=Lulu Chow Wang Campus Center, 21 College Rd, Wellesley, MA 02481, USA", "hackathon-url": "https://wellesleyhack.devpost.com/", "hackathon-judging-criteria": [{"judging-criterion": "How interesting/innovative is the idea of this project?"}, {"judging-criterion": "How well does this project implement its goals?"}], "hackathon-location-address": "Lulu Chow Wang Campus Center, 21 College Rd, Wellesley, MA 02481, USA", "hackathon-description-header": "Empowering female and first-time hackers to develop web apps in a team-based environment", "hackathon-prizes-total": "$2,450", "hackathon-location-description": "Wellesley College", "hackathon-end-date": "", "has-projects": "False"}