{"hackathon-description-text": "\nSheffield's official MLH hackathon.", "hackathon-number-of-prizes": "10", "hackathon-id": "hacksheffield", "hackathon-judges": [{"judge-role": "Senior Lecturer - University of Sheffield", "judge-name": "Dr Gordon Fraser"}, {"judge-role": "Professor of Language and Knowledge Technologies - University of Sheffield", "judge-name": "Prof Fabio Ciravegna"}, {"judge-role": "Major League Hacking", "judge-name": "Gregor Engelmann"}, {"judge-role": "Sky Betting and Gaming", "judge-name": "Conor Restall"}, {"judge-role": "Databowl", "judge-name": "Hasan Ali"}, {"judge-role": "Chersoft", "judge-name": "Ollie Brennan"}], "hackathon-number-of-judges": "6", "hackathon-eligibility": "\n18+, teams of 1-4 participants. Students, or those who have graduated after 19th March 2015.", "hackathon-number-of-participants": "39", "hackathon-is-colocated": "True", "hackathon-has-ended": "True", "hackathon-number-of-judging-criteria": "1", "hackathon-requirements": "", "hackathon-rules": "\n1. Be respectful.\n2. Follow MLH code of conduct.", "hackathon-prizes": [{"prize-content": "LIFX Colour Smart Lightbulb", "prize-title": "Best Hack - First Place"}, {"prize-content": "Raspberry Pi 3", "prize-title": "Best Hack - Second Place"}, {"prize-content": "Arduino Sunfounder Kit", "prize-title": "Best Hack - Third Place"}, {"prize-content": "Genuino Starter Kit", "prize-title": "SkyBet's Best Idea Prize"}, {"prize-content": "Kuman K6 RFID Starter Learning Kit", "prize-title": "OAK Group Prize"}, {"prize-content": "Hubsan X4 H107D FPV Quadcopter with Camera", "prize-title": "Chersoft's Best Use of Geospatial Data"}, {"prize-content": "DBPOWER X101C FPV RC Drone", "prize-title": "Databowl's Best Use of Data"}, {"prize-content": "Domain.com Goodie Bag, plus Sparkfun Redboard", "prize-title": "Domain.com's Best Domain Name"}, {"prize-content": "External HDD", "prize-title": "AWS' Best Use of AWS"}, {"prize-content": "It's a mystery.", "prize-title": "Funniest Hack"}], "hackathon-location-google-maps": "https://maps.google.com/?q=32 Leavygreave Rd, Sheffield S3 7QY, UK", "hackathon-url": "https://hacksheffield.devpost.com/", "hackathon-judging-criteria": [{"judging-criterion": ""}], "hackathon-location-address": "32 Leavygreave Rd, Sheffield S3 7QY, UK", "hackathon-description-header": "24 hours; 140 hackers. MLH.", "hackathon-prizes-total": "$814", "hackathon-location-description": "University of Sheffield - The Diamond", "hackathon-end-date": "2016-03-20", "has-projects": "True"}