{"hackathon-description-text": "\nShellHacks is a 36-hour hackathon at Florida International University (FIU), taking place the weekend of Friday, September 29 to Sunday, October 1st.", "hackathon-number-of-prizes": "13", "hackathon-id": "shellhacks-2017", "hackathon-judges": [{"judge-role": "", "judge-name": "ShellHacks Organizing Team"}], "hackathon-number-of-judges": "1", "hackathon-eligibility": "\nMust be 18 or older and a college student or recent graduate.", "hackathon-number-of-participants": "106", "hackathon-is-colocated": "True", "hackathon-has-ended": "True", "hackathon-number-of-judging-criteria": "1", "hackathon-requirements": "", "hackathon-rules": "\nWhatever you present must have been created at the event and must follow the MLH Code of Conduct.", "hackathon-prizes": [{"prize-content": "410C Dragonboard for each team member", "prize-title": "Best IoT Hack Using a Qualcomm Device"}, {"prize-content": "$250 Amazon Web Services Credit", "prize-title": "Amazon Web Services - Best Use of AWS"}, {"prize-content": "Raspberry Pi & PiHut Essential Kit", "prize-title": "Best Domain Name Registered from Domain.com"}, {"prize-content": "Design something to help solve a problem for minorities", "prize-title": "WiCS \u201cbreaking the glass ceiling\u201d"}, {"prize-content": "Either use pre-existing code on github or create new solution", "prize-title": "GE: Best IoT solution using their I0T Board"}, {"prize-content": "Environmental friendly hack, help the ecosystem!", "prize-title": "Torkoal\u2019s Favorite"}, {"prize-content": "Build something that helps Miami!", "prize-title": "The ShellHack"}, {"prize-content": "$75 Visa Gift Card + Surprise", "prize-title": "Microsoft Azure: Best use to promote inclusiveness"}, {"prize-content": "Last pick from prize pool", "prize-title": "Runner Up"}, {"prize-content": "Third pick from prize pool", "prize-title": "3rd Place"}, {"prize-content": "Second pick from prize pool", "prize-title": "2nd Place"}, {"prize-content": "First pick from prize pool", "prize-title": "1st Place"}, {"prize-content": "Mixed swag pack of a water bottle, leather-bound notebook, speaker, shirt, and carry bag", "prize-title": "Cisco Security Prize"}], "hackathon-location-google-maps": "https://maps.google.com/?q=PG6, E Campus Cir, Miami, FL 33174, USA", "hackathon-url": "https://shellhacks-2017.devpost.com/", "hackathon-judging-criteria": [{"judging-criterion": "The best three hacks will have a chance at taking their pick of choice from the prize pool!"}], "hackathon-location-address": "PG6, E Campus Cir, Miami, FL 33174, USA", "hackathon-description-header": "Learn about new technologies, create innovative projects, and share your work with the community!", "hackathon-prizes-total": "0", "hackathon-location-description": "Florida International University", "hackathon-end-date": "2017-10-01", "has-projects": "True"}