{"hackathon-description-text": "\nOver 700 students will gather for 36h of dreaming, hacking and shipping on anything and everything. All projects are welcome, mobile, hardware, web, you name it. Throughout the hackathon we'll have introductory talks for first time hackers as well as sponsor Tech Talks to help you out with your hacks!", "hackathon-number-of-prizes": "15", "hackathon-id": "hackupc2017f", "hackathon-judges": [{"judge-role": "CTO at Verse", "judge-name": "Dario Nieuwenhuis"}, {"judge-role": "CTO at Typeform", "judge-name": "Toby Oliver"}, {"judge-role": "CEO at Talaia", "judge-name": "Josep Sanjuas"}, {"judge-role": "Co-founder at Hackers@UPC", "judge-name": "Miquel Llobet"}, {"judge-role": "Organizer at Hackers@UPC", "judge-name": "Wai Ling Tam"}], "hackathon-number-of-judges": "5", "hackathon-eligibility": "", "hackathon-number-of-participants": "361", "hackathon-is-colocated": "True", "hackathon-has-ended": "True", "hackathon-number-of-judging-criteria": "4", "hackathon-requirements": "", "hackathon-rules": "", "hackathon-prizes": [{"prize-content": "Kit drone hackable", "prize-title": "HackUPC - 1st prize"}, {"prize-content": "Chromecast Ultra", "prize-title": "HackUPC - 2nd prize"}, {"prize-content": "Raspberry Pi 3 Official Desktop Starter Kit", "prize-title": "HackUPC - 3rd prize"}, {"prize-content": "Parrot Mambo Drone", "prize-title": "imaginBank challenge"}, {"prize-content": "VR Micro Drone", "prize-title": "GFT challenge"}, {"prize-content": "50\u20ac Amazon gift card", "prize-title": "Everis challenge"}, {"prize-content": "Flight voucher", "prize-title": "Skyscanner challenge"}, {"prize-content": "Amazon 4x100\u20ac 1st, 4x25\u20ac 2nd", "prize-title": "ServiZurich challenge"}, {"prize-content": "40\u20ac Amazon gift card", "prize-title": "Itequia challenge"}, {"prize-content": "Linkwitz Bluetooth Headphones & a Lifetime Todoist Premium Account", "prize-title": "Doist challenge"}, {"prize-content": "Daydream View", "prize-title": "Thoughtworks challenge"}, {"prize-content": "Raspberry Pi Zero (one per finisher team) + Raspberry Pi 3 & Self Driving Car Module (for each member of winning team)", "prize-title": "Opentrends challenge"}, {"prize-content": "FitBit Blaze", "prize-title": "Bloomberg challenge"}, {"prize-content": "$30 Amazon Gift Card", "prize-title": "Amazon Web Services - Best Use of AWS"}, {"prize-content": "Raspberry Pi & PiHut Essential Kit", "prize-title": "Best Domain Name from Domain.com"}], "hackathon-location-google-maps": "https://maps.google.com/?q=Carrer de Jordi Girona, 1, 08034 Barcelona, Spain", "hackathon-url": "https://hackupc2017f.devpost.com/", "hackathon-judging-criteria": [{"judging-criterion": "How technically impressive was the hack? Was the technical problem the team tackled difficult? Did it use a particularly clever technique or did it use many different components? Did the technology involved make you go \"Wow\""}, {"judging-criterion": "Did the team put thought into the user experience? How well designed is the interface? For a website, this might be about how beautiful the CSS or graphics are. For a hardware project, it might be more about how good the human-computer interaction is."}, {"judging-criterion": "Does the hack work? Did the team achieve everything they wanted?"}, {"judging-criterion": "Did the team stretch themselves? Did they try to learn something new? What kind of projects have they worked on before?"}], "hackathon-location-address": "Carrer de Jordi Girona, 1, 08034 Barcelona, Spain", "hackathon-description-header": "BarcelonaTech student Hackathon. 700 hackers. 36 hours. Dream it. Hack it. Ship it.", "hackathon-prizes-total": "0", "hackathon-location-description": "Polytechnic University of Catalonia - Barcelona", "hackathon-end-date": "2017-10-15", "has-projects": "True"}