{"hackathon-description-text": "\n\u00a0is the second collegiate hackathon hosted by California State University, Long Beach! During our 24 hour event, student developers and designers will gather on campus to build and program ideas into reality. Whether you join a team or go solo, join us at BeachHacks and show us what makes", "hackathon-number-of-prizes": "9", "hackathon-id": "beachhacks-2", "hackathon-judges": [{"judge-role": "", "judge-name": "Judge"}], "hackathon-number-of-judges": "1", "hackathon-eligibility": "", "hackathon-number-of-participants": "91", "hackathon-is-colocated": "True", "hackathon-has-ended": "True", "hackathon-number-of-judging-criteria": "3", "hackathon-requirements": "", "hackathon-rules": "\nWe use the \n.\n", "hackathon-prizes": [{"prize-content": "Use your tech skills for good and hack online harassment! Build a software solution that can help reduce the frequency and/or severity of online harassment. Members of the winning team receive Hack Harassment Battery Packs!", "prize-title": "#HackHarassment"}, {"prize-content": "Raspberry Pi Zeros", "prize-title": "Best Project and Development Practices from Full David Experience"}, {"prize-content": "MLH First Place Medal", "prize-title": "First Place"}, {"prize-content": "MLH Second Place Medal", "prize-title": "Second Place"}, {"prize-content": "MLH Third Place Medal", "prize-title": "Third Place"}, {"prize-content": "Bose Noise-canceling Headphones", "prize-title": "Best use of Server-less Technology, UI/UX, and API Usage from FriendBuy"}, {"prize-content": "$2000 scholarship to any domestic Summer Academy location & Make School Tee for each member of your team", "prize-title": "Best iOS Hack from Make School"}, {"prize-content": "$2000 scholarship to any domestic Summer Academy location & Make School Tee for each member of your team", "prize-title": "Best Beginner Hack from Make School"}, {"prize-content": "Have the best Domain name and get Domain.com swag bags.", "prize-title": "Best Domain Name"}], "hackathon-location-google-maps": "https://maps.google.com/?q=1250 N Bellflower Blvd, Long Beach, CA 90815, USA", "hackathon-url": "https://beachhacks-2.devpost.com/", "hackathon-judging-criteria": [{"judging-criterion": "How creative is your hack? Try to approach the problem you are trying to solve from a novel angle!"}, {"judging-criterion": "How usable is your hack in its current state? Strive to create a functioning project even if it doesn't have a ton of features!"}, {"judging-criterion": "How does it look? How was it implemented? We will be looking at your overall design practices: back-end and front-end!"}], "hackathon-location-address": "1250 N Bellflower Blvd, Long Beach, CA 90815, USA", "hackathon-description-header": "The California State University Long Beach Hackathon.", "hackathon-prizes-total": "0", "hackathon-location-description": "CSULB - University Student Union", "hackathon-end-date": "2017-04-23", "has-projects": "True"}