{"hackathon-description-text": "\n", "hackathon-number-of-prizes": "2", "hackathon-id": "hack-the-office", "hackathon-judges": [{"judge-role": "Head of Division Finland at Caverion Suomi Oy", "judge-name": "Ville Tamminen"}, {"judge-role": "Developer at Caverion Suomi Oy", "judge-name": "Tuuka Glad"}, {"judge-role": "Head of Marketing and Communications, Client Relations Development at Caverion Suomi Oy", "judge-name": "Kaisa Korkala"}, {"judge-role": "Development manager at Caverion Suomi Oy", "judge-name": "Jukka Paloniemi"}, {"judge-role": "Sustainability Group Manager at Granlund Consulting Oy", "judge-name": "Ken Dooley"}, {"judge-role": "Director at Founder Institute; CMO Mentor, partner at Gorillaventures Oy", "judge-name": "Janne Saarikko"}, {"judge-role": "Business Unit Manager at Caverion Suomi Oy", "judge-name": "Ville Posti"}, {"judge-role": "Developer at Caverion Suomi Oy", "judge-name": "Jarno Niemi"}], "hackathon-number-of-judges": "8", "hackathon-eligibility": "\nAnyone can participate: individuals, teams, and organizations; minimum age: 18.\nTeam size: 2 - 6 persons.\nWe are able to cover up to 50 EUR travel expenses for 5 participants outside Finland. To claim yours, get in touch with Alexandra (\n\u00a0", "hackathon-number-of-participants": "43", "hackathon-is-colocated": "True", "hackathon-has-ended": "False", "hackathon-number-of-judging-criteria": "3", "hackathon-requirements": "\n", "hackathon-rules": "\n: Hackathon dates: Nov 11-Nov 13, 2016. Project submission deadline: Nov 13, 2016 at 1PM. If the team is chosen to be the finalist of the hackathon, then:\nDemo video recording: Nov 20-24\nAwards: SLUSH Nov 30- Dec 1. \u00a0 \u00a0\u00a0\nOur hackathon is dedicated to providing a harassment-free experience for everyone, regardless of gender, gender identity and expression, age, sexual orientation, disability, physical appearance, body size, race, ethnicity, nationality, religion, previous hackathon attendance or computing experience (or lack of any of the aforementioned). We do not tolerate harassment of hackathon participants in any form. Sexual language and imagery is not appropriate at any hackathon venue, including hacks, talks, workshops, parties, social media and other online media. Hackathon participants violating these rules may be sanctioned or expelled from the hackathon without a refund (if applicable) at the discretion of the hackathon organisers.", "hackathon-prizes": [{"prize-content": "", "prize-title": "Winner"}, {"prize-content": "", "prize-title": "Runner-up"}], "hackathon-location-google-maps": "https://maps.google.com/?q=Kaisaniemenkatu 13 a, Helsinki, Finland", "hackathon-url": "https://hack-the-office.devpost.com/", "hackathon-judging-criteria": [{"judging-criterion": "\u25cf Was the idea unique, or a different take on an existing/similars olution? \n\u25cf What was added to the solution that made it special or more useful? \n\u25cf Was the idea ambitious? Creative? \n\u25cf How well did the solution execute upon the theme/category chosen?"}, {"judging-criterion": "\u25cf Does the app seem like something people would want to buy and use outside of the Hackathon? \n\u25cf Was the team able to explain their idea and what the app actually did?"}, {"judging-criterion": "\u25cf Does the app work completely from start to finish? \n\u25cf How many and how severe were any bugs encountered? \n\u25cf Was anything in the app that wasn\u2019t fully implemented? \n\u25cf Did the team scope their app\u2019s features well, given the timeframe of the Hackathon?"}], "hackathon-location-address": "Kaisaniemenkatu 13 a, Helsinki, Finland", "hackathon-description-header": "Creating the future of work", "hackathon-prizes-total": "\u20ac5,000", "hackathon-location-description": "HUB13", "hackathon-end-date": "", "has-projects": "False"}