{"hackathon-description-text": "\nCome join us\u00a0on April\u00a025, 2015 at", "hackathon-number-of-prizes": "5", "hackathon-id": "csusmhackathonspring2015", "hackathon-judges": [{"judge-role": "ViaSat, Inc.", "judge-name": "Sindhuraa Natarajan"}, {"judge-role": "Open Source Maker Labs", "judge-name": "Dan Hendricks"}, {"judge-role": "Qualcomm", "judge-name": "yongxin zhang"}, {"judge-role": "Federal Government", "judge-name": "Rob Skebo"}, {"judge-role": "SaaSMAX", "judge-name": "Dina Moskowitz"}, {"judge-role": "Intuit", "judge-name": "Jyoti Bisarja"}], "hackathon-number-of-judges": "6", "hackathon-eligibility": "\n\u00a0at least 16 years of age, and are actively enrolled at an accredited educational institution that grants high-school or college/university\u00a0degrees and involved in activities to support more females in STEM.", "hackathon-number-of-participants": "22", "hackathon-is-colocated": "True", "hackathon-has-ended": "False", "hackathon-number-of-judging-criteria": "4", "hackathon-requirements": "\nRegistration for this hackathon is only open to any person who self-identifies as female and attends the hackathon in person.\nYou can work on any idea that that attempts to solve the problems posed by the", "hackathon-rules": "\n\n\nThese are the Official Rules that govern how the Women\u2019s Hackathon operates (the \"Contest\"). In these rules, \"we,\" \"our,\" and \"us\" refer to the Women\u2019s Hackathon. \u201cYou\u201d and \u201cYourself\u201d refer to an eligible entrant.\n\nThe Contest is designed to recognize the best software application (\u201cContest App\u201d) built with tools and technology that is designed to meet the challenge requirements and can be posted in the Windows Store. Teams can also decide to use other technologies to submit for each challenge.\u00a0\n\n\nThis Contest starts at 08:30 am Pacific Standard\u00a0Time (\u201cPST\u201d) on April 25, 2015, and ends at 08:30 pm PST on April\u00a025, 2015 (\u201cEntry Period\u201d).\u00a0\n\nYou are eligible to enter if you meet the following requirements at time of entry:\n\nWhile you are not required to form a team, up to six (6) eligible students may submit a single entry as a team. Team members may come from different academic institutions and from different countries. We have learned in past experiences that the most effective team number is four.\u00a0\n\nTo enter, follow the instructions provided by the organizer of a Hackathon (\u201cEvent\u201d) presented in your location. You may be required to register online or in person at an Event.\u00a0\nYou may organize a team and meet to discuss Event logistics in advance of the Event; however, you may not develop any code prior to the Event. You must attend the Event in person in its entirety to be eligible to win.\u00a0\n\nDetailed requirements for these materials all appear in the challenge description in the Hackathon Toolkit. The registration information you provide and the Contest App and entry materials that you develop will together be called your \u201cEntry.\u201d\u00a0\n\nYou may submit one Entry per team.\u00a0\nWe will disqualify any incomplete or illegible Entries that we receive. We are not responsible for entries that we do not receive for any reason, or for Entries that we receive but are not decipherable for any reason.\n\nAll Contest Apps can be built on any platform. It is permissible to use open-source development tools and create Android or iPhone applications. In addition, all Entries must meet the following requirements:\n\nDepending on the number of teams at the event, each team will have 3 - 5 minutes to present their project to a panel of judges. Please upload your presentation materials, which should depict the functionality of the Contest App and provide an opportunity for your Team to reiterate what you are trying to achieve and why it\u2019s great, as well as to demonstrate some of the key features and introduce yourselves.\u00a0\n\nThere will be two challenges in which teams can compete in one of the challenges. The output for the challenge will be an executable application. We need to be able to use your app in order to judge it! The Contest App is defined as an installable and usable app in the appropriate format for your chosen platform(s).\n\n\nThe Instructions document is an electronic document that informs the judges and prospective users how to setup and use your application or website or mobile application or game.\n\n\nThe intent and spirit of the Contest is to test the skills and creativity of the student entrants.\u00a0\nIn addition to the content and technical requirements listed earlier, to be eligible for judging, all Entries must meet the following general standards:\u00a0\nBy submitting an entry in this Contest, you confirm that, to the best of your knowledge:\nYour team\u2019s entire Entry must only include material (including source code\u2014both open source and third party sourced, user interface, music, video or images) that you own or that you have permission from the copyright/trademark owner to use. Your team\u2019s Entry may not include copyrighted materials (such as source code, user interface, background music, images or video) unless you own or have permission to use the materials. Ownership is not defined as purchasing a CD at a music store for replay, playing a copyright recording on your guitar or repurposing an application\u2019s user interface - your team\u2019s entry will be disqualified if copyrighted materials, including but not limited to these examples, are a part of your Entry without appropriate licensing or permissions. If you do use permissible copyrighted materials, you must include the permissions information by citing the artist/creator and license information as per the respective Contest Rules. Note that even material released under sites such as Creative Commons, common open source code licenses, and other similar licensing may need permission or acknowledgement as per the specific license. Note: your team\u2019s Entry will be disqualified if permissions information is not included as per the requirements in the specific Contest Rules.\u00a0\nThis Challenge does not accept projects that require hardware other than standard consumer hardware commonly used for our list of valid platforms such as Windows/Apple/Linux PCs, Andorid/iOS Phones/tablets, Kinect/Playstation/Ninetedo consoles, etc. If you are considering a project that requires custom hardware such as heart rate monitors, pedometers, or other devices, such projects are not eligible for this Challenge due to the difficulties in\u00a0acquiring custom hardware to the sponsoring non-profit organizations.\nIf your project incorporates some form of remote connectivity requiring authentication that our judges cannot perform then you should attempt to simulate as much of your functionality as is reasonable to enable the judges to evaluate your software. You should also describe any simulations and omissions in your submission so the judges understand and can evaluate accordingly.\nWe reserve the right to disqualify or reject any Entry that we, in our sole and absolute discretion, determine does not meet the above criteria. If we do not receive a sufficient number of Entries meeting the entry requirements, we may, at our discretion, select fewer than the designated number of winners. The decisions of the judges are final and binding in all matters related to the Challenge.\n\nA panel of judges will evaluate each entry. Each judge will assign a score of 1\u2013100, based on the following criterion.\n\u00a0\nAll participants will receive a certificate of participation. The winning team will be recognized in the following ways:\n\nYour odds of winning a prize will depend on the number of eligible Entries received and the level of skill of each entrant.\u00a0\nIf you are confirmed as a winner:\u00a0\n\nOther than what is set forth below, we are not claiming any ownership rights to your entry. However, by submitting your Entry, you:\u00a0\nPlease note that following the end of this Contest your Entry may be posted on a website selected by us for viewing by visitors to that website. We are not responsible for any unauthorized use of your Entry by visitors to this website.\u00a0\nWhile we reserve these rights, we are not obligated to use your Entry for any purpose, even if it has been selected as a winning Entry.\u00a0\nIf you do not want to grant us these rights to your Entry, please do not enter this Contest.\u00a0\n\nThis Contest will be governed by the laws of the State of Washington, and you consent to the exclusive jurisdiction and venue of the courts of the State of Washington for any disputes arising out of this Contest.\u00a0\n\nIf someone cheats, or a virus, bug, bot, catastrophic event, or any other unforeseen or unexpected event that cannot be reasonably anticipated or controlled (also referred to as force majeure) affects the fairness and/or integrity of this Contest, we reserve the right to cancel, change, or suspend this Contest. This right is reserved whether the event is due to human or technical error. If a solution cannot be found to restore the integrity of the Contest, we reserve the right to select winners from among all eligible entries received before we had to cancel, change or suspend the Contest.\u00a0\nIf you or your Team attempts to compromise the integrity or the legitimate operation of this Contest, or if we have reason to believe that you or your Team have compromised the integrity or the legitimate operation of this Contest by cheating, hacking, creating a bot or other automated program, or by committing fraud in any way, we may seek damages from you to the fullest extent permitted by law. Further, we may disqualify you, and ban you from participating in any of our future Contests, so please play fairly.\u00a0", "hackathon-prizes": [{"prize-content": "One Grand Prize winning team will be selected for each challenge. Each member of the winning team will receive a pass to the GeekGirl Tech Conference on June 20, a $169 value.", "prize-title": "Grand Prize"}, {"prize-content": "One winning team for this category will be selected for each challenge. Each member of the winning team will receive a gift of $40 value from Qualcomm.", "prize-title": "Originality &amp; Impact"}, {"prize-content": "One winning for this category will be selected for each challenge. Each member of the winning team will receive a $20 Amazon Gift Card.", "prize-title": "Appropriateness to the Theme"}, {"prize-content": "One winning for this category will be selected for each challenge. Each member of the winning team will receive a $20 Amazon Gift Card.", "prize-title": "Technical Difficulty"}, {"prize-content": "One winning for this category will be selected for each challenge. Each member of the winning team will receive a $20 Amazon Gift Card.", "prize-title": "User Experience &amp; Functionality"}], "hackathon-location-google-maps": "https://maps.google.com/?q=California State University San Marcos, 333 South Twin Oaks Valley Road, San Marcos, CA 92078, USA", "hackathon-url": "https://csusmhackathonspring2015.devpost.com/", "hackathon-judging-criteria": [{"judging-criterion": "Full points if the solution addresses the challenge & takes other factors or information into account"}, {"judging-criterion": "Full points if the solution intuitive & high depth of functionality"}, {"judging-criterion": "Full points if it is an innovative solution and has large scale impact."}, {"judging-criterion": "Up to 20 points for a high technical challenge"}], "hackathon-location-address": "California State University San Marcos, 333 South Twin Oaks Valley Road, San Marcos, CA 92078, USA", "hackathon-description-header": "Join us on April 25, 2015 for the Women\u2019s Hackathon event at Cal State San Marcos", "hackathon-prizes-total": "$498", "hackathon-location-description": "", "hackathon-end-date": "", "has-projects": "False"}