{"hackathon-description-text": "\nWelcome to Moxtra\u2019s Inaugural Online Hackathon!", "hackathon-number-of-prizes": "3", "hackathon-id": "moxtra", "hackathon-judges": [{"judge-role": "CEO - Moxtra", "judge-name": "Subrah Iyar"}, {"judge-role": "CTO - Moxtra", "judge-name": "Stanley Huang"}, {"judge-role": "Director of Product Management - Moxtra", "judge-name": "Raj Sen Sharma"}, {"judge-role": "Director,Solution Services - Moxtra", "judge-name": "Ram Kumar"}, {"judge-role": "Marketing and Design - Moxtra", "judge-name": "Leena Iyar"}], "hackathon-number-of-judges": "5", "hackathon-eligibility": "\n", "hackathon-number-of-participants": "120", "hackathon-is-colocated": "False", "hackathon-has-ended": "True", "hackathon-number-of-judging-criteria": "4", "hackathon-requirements": "\n\n\nYour iOS app does\nTo share a build using\nTo share a build using TestFlight, you must enter the Administrator email address and UDID:\nIf your app is available on the app store please provide a link in the \u201cWebsite URL\u201d field on the submission form. If you charge for your app, please also provide a promo code.\nUpload an .apk file on the \u201cEnter a Submission\u201d form on the Challenge Website or provide a link for downloading the Application in the \u201cTesting Instructions\u201d field on the \u201cEnter a Submission\u201d form.\u00a0\nProvide a link for accessing your Application on the \u201cTesting Instructions\u201d field on the \u201cEnter a Submission\u201d form on the Challenge Website.\n\nUpload the appropriate installation files (.exe) in the submission form or provide a link for us to download your app.\n\nUpload the appropriate installation files in the submission form or provide a link for us to download your app.", "hackathon-rules": "\n\nThe following is a summary of the competition process and rules. For full details, please see the official MoxoHack Rules below.\n\nMoxoHack OFFICIAL RULES", "hackathon-prizes": [{"prize-content": "$5,000 cash awarded to any web/mobile app integrated with one of the following applications.", "prize-title": "Best Moxtra SDK Integration with Enterprise and Other Popular Application Award"}, {"prize-content": "$1,500 cash awarded to a student enrolled in Higher Education is encouraged to create an app that either inspires, entertains, or solves a problem using Moxtra SDK.", "prize-title": "College Student Developer Award"}, {"prize-content": "$1,000 cash awarded to a student under 18 years old that has created an app that either inspires, entertains, or solves a problem using Moxtra SDK.", "prize-title": "High School Developer Award"}], "hackathon-location-google-maps": "", "hackathon-url": "https://moxtra.devpost.com/", "hackathon-judging-criteria": [{"judging-criterion": "Is the application polished, visually appealing, and easy to use?"}, {"judging-criterion": "Does the application take advantage of the unique functionality offered by the Moxtra platform?"}, {"judging-criterion": "Is the application compelling and/or indispensable?"}, {"judging-criterion": "Is the application unique and/or innovative?"}], "hackathon-location-address": "", "hackathon-description-header": "MoxoHack: Build the next generation app by integrating real time engagement to your mobile and web apps using the Moxtra SDK", "hackathon-prizes-total": "$7,500", "hackathon-location-description": "", "hackathon-end-date": "2015-03-04", "has-projects": "True"}