{"hackathon-description-text": "\nHack HSV is Alabama's first high school hackathon: a 12-hour coding marathon where you will collaborate with friends to solve a space-themed problem", "hackathon-number-of-prizes": "2", "hackathon-id": "hack-hsv", "hackathon-judges": [{"judge-role": "", "judge-name": "May Chen"}, {"judge-role": "", "judge-name": "Josh Reinoehl"}, {"judge-role": "", "judge-name": "Lacey Reinoehl"}, {"judge-role": "", "judge-name": "Danielle Hart"}], "hackathon-number-of-judges": "4", "hackathon-eligibility": "\nStudents 13-18 from any part of the world is eligible to join!", "hackathon-number-of-participants": "37", "hackathon-is-colocated": "True", "hackathon-has-ended": "False", "hackathon-number-of-judging-criteria": "6", "hackathon-requirements": "\nStudents are able to program in any language they know, on any platform. This can span from C++, to Swift, to even Scratch. Using this, you will be creating a solution to a problem, which will be announced at the competition, that has to do with space. You will be submitting the final products here on Devpost where judges and students will be able to see your awesome creations!", "hackathon-rules": "\nYou can find all the rules during registration.", "hackathon-prizes": [{"prize-content": "The winner with the highest score, as decided by the judges, will win this prize", "prize-title": "Grand Prize - Drone"}, {"prize-content": "The most popular project, as voted on by the hackers on Devpost, will win this award", "prize-title": "Most Popular Prize - Amazon Alexa Dot"}], "hackathon-location-google-maps": "https://maps.google.com/?q=4915 Garth Rd SE, Huntsville, AL 35802, USA", "hackathon-url": "https://hack-hsv.devpost.com/", "hackathon-judging-criteria": [{"judging-criterion": "(20) How creative and unique is your project and your solution?"}, {"judging-criterion": "(20) How well does this solve the problem that will be announced?"}, {"judging-criterion": "How complex is your project?"}, {"judging-criterion": "(10) How well did you show off your awesome project?"}, {"judging-criterion": "(10) Overall, how clean, and well designed is your project?"}, {"judging-criterion": "75 points"}], "hackathon-location-address": "4915 Garth Rd SE, Huntsville, AL 35802, USA", "hackathon-description-header": "Students come to Hack HSV to build space-themed projects, transform dreams into realities, and to meet others with the same level of passion to build their future. Hack HSV is for creators.", "hackathon-prizes-total": "$640", "hackathon-location-description": "Randolph School", "hackathon-end-date": "", "has-projects": "False"}