{"hackathon-description-text": "\nWinter WonderHack is a 36-hour hackathon that takes place at Michigan Tech. Students from across the midwest come here to show their passion for making", "hackathon-number-of-prizes": "10", "hackathon-id": "wwh2017", "hackathon-judges": [{"judge-role": "Winter WonderHack", "judge-name": "Nathaniel Shapiro"}], "hackathon-number-of-judges": "1", "hackathon-eligibility": "\nCurrent students and those who have been a student within the past year are eligible. Teams may be one ot four people. All work submitted for consideration must be completed at the location and over duration of the event.", "hackathon-number-of-participants": "56", "hackathon-is-colocated": "True", "hackathon-has-ended": "False", "hackathon-number-of-judging-criteria": "3", "hackathon-requirements": "\nSelect the categories, resources and technolgies used in your submission and upload a description of the purpose and function of you project. This may be in the form of a video, presentation, images or other media. Keep it brief - e.g. limit videos to no more than three minutes - and general. Judges will be visiting your project\u00a0at the expo.", "hackathon-rules": "\nAll attendees, sponsors, partners, volunteers and staff at Winter WonderHack\u00a0are required to abide by\u00a0the \n\u00a0throughout the event to ensure a safe and supportive environment.", "hackathon-prizes": [{"prize-content": "", "prize-title": "Most Novel"}, {"prize-content": "", "prize-title": "Most Sophisticated"}, {"prize-content": "", "prize-title": "Most Practical"}, {"prize-content": "Projects in this category solve a student-centric problem, regardless of the size of impact.", "prize-title": "Student Life"}, {"prize-content": "", "prize-title": "Drone Racing"}, {"prize-content": "This prize will be awarded to the team that creates the most industrially practical project with a focus on autonomy.", "prize-title": "Most practical use of mechanical and electrical technology"}, {"prize-content": "Use your tech skills for good and hack online harassment! Build a software solution that can help reduce the frequency and/or severity of online harassment. Members of the winning team receive Hack Harassment Battery Packs!", "prize-title": "#HackHarassment"}, {"prize-content": "Domain.com Swag Bags.", "prize-title": "Best Domain Name from Domain.com"}, {"prize-content": "$30 Amazon.com Gift Cards for each team member", "prize-title": "Amazon Web Services - Best Use of AWS"}, {"prize-content": "Use your skills and knowledge to create a method that improves an aspect of the health care industry. This can relate to members, doctors, providers or a combination of the three. For example, getting members to stick to a medication adherence program can drastically improve their quality of life. Stop by with questions!", "prize-title": "Best Health Hack"}], "hackathon-location-google-maps": "https://maps.google.com/?q=1400 Townsend Dr, Houghton, MI 49931, USA", "hackathon-url": "https://wwh2017.devpost.com/", "hackathon-judging-criteria": [{"judging-criterion": "Quality and innovative nature of the idea / demo"}, {"judging-criterion": "Utility of the idea / demo"}, {"judging-criterion": "Compelling and challenging use of the technologies and tools"}], "hackathon-location-address": "1400 Townsend Dr, Houghton, MI 49931, USA", "hackathon-description-header": "Don't Escape the Cold! Embrace it!", "hackathon-prizes-total": "$5,520", "hackathon-location-description": "Michigan Tech", "hackathon-end-date": "", "has-projects": "False"}