{"hackathon-description-text": "\nEvento en el cual 150 participantes estar\u00e1n inmersos durante 48 horas explotando sus talentos y habilidades resolviendo problem\u00e1ticas a trav\u00e9s de la ludificaci\u00f3n.", "hackathon-number-of-prizes": "4", "hackathon-id": "hackbajio-gamification", "hackathon-judges": [{"judge-role": "Major League Hacking", "judge-name": "Juan Pablo Flores Cort\u00e9s"}, {"judge-role": "Irox IT", "judge-name": "Ignacio Valdes"}, {"judge-role": "Tecnologico de Monterrey Campus Leon", "judge-name": "Juan Antonio Reus Monta\u00f1o"}, {"judge-role": "CIATEC", "judge-name": "Gerardo Perez Duarte"}, {"judge-role": "YoSoyVendedor.com", "judge-name": "Roberto Hernandez Couste"}, {"judge-role": "Tepache Labs", "judge-name": "Hamurabi Delgado"}, {"judge-role": "Idea de Gentera", "judge-name": "Edgar Francisco Junco"}], "hackathon-number-of-judges": "7", "hackathon-eligibility": "\nTodos los participantes del evento deben ser estudiantes de Preparatoria, Universidad o Maestr\u00eda. En caso de haber egresado, tener un m\u00e1ximo de 6 meses de haber egresado. Inscribirse en la p\u00e1gina oficial del evento y haber sido aceptado.", "hackathon-number-of-participants": "31", "hackathon-is-colocated": "True", "hackathon-has-ended": "True", "hackathon-number-of-judging-criteria": "4", "hackathon-requirements": "\nLos proyectos deben de ser Incre\u00edbles, creativos y desarrollados durante el evento. Se deben apegar al c\u00f3digo de condicta para poderse hacer acreedores de presentar. No se aceptar\u00e1n Slides.", "hackathon-rules": "\nLos proyectos ser\u00e1n calificados basandonos en lo que fue desarrollo durante el evento.\u00a0", "hackathon-prizes": [{"prize-content": "Tabletas Dell Venue 7 para el primer lugar.", "prize-title": "Tablets Dell Venue 7"}, {"prize-content": "", "prize-title": "2nd Place Medals"}, {"prize-content": "", "prize-title": "3rd Place Medal"}, {"prize-content": "", "prize-title": "Finalist Medal"}], "hackathon-location-google-maps": "https://maps.google.com/?q=Le\u00f3n, Guanajuato, Mexico", "hackathon-url": "https://hackbajio-gamification.devpost.com/", "hackathon-judging-criteria": [{"judging-criterion": "Que tan complejo fue el projecto"}, {"judging-criterion": "Que tan fuera de lo ordinario fuel el proyecto"}, {"judging-criterion": "Que tan aplicable es a la vida real y su impacto"}, {"judging-criterion": "Que tan visualmente atractivo es el projecto"}], "hackathon-location-address": "Le\u00f3n, Guanajuato, Mexico", "hackathon-description-header": "NO ES IMPORTANTE QUIEN COMIENZA EL JUEGO PERO SI QUIEN LO ACABA.", "hackathon-prizes-total": "0", "hackathon-location-description": "Tecnol\u00f3gico de Monterrey Campus Le\u00f3n", "hackathon-end-date": "2015-11-01", "has-projects": "True"}