{"hackathon-description-text": "\n\u00a0is scheduled for", "hackathon-number-of-prizes": "30", "hackathon-id": "pennapps-xiv", "hackathon-judges": [{"judge-role": "", "judge-name": "A Killer Judging Panel"}], "hackathon-number-of-judges": "1", "hackathon-eligibility": "\nIf you applied to PennApps\u00a0XIV,\u00a0", "hackathon-url": "https://pennapps-xiv.devpost.com/", "hackathon-is-colocated": "True", "hackathon-has-ended": "True", "hackathon-rules": "\nOnly teams comprised wholly of eligible participants that submit their hacks to this DevPost, and then go on to demo their hack at the PennApps expo can win prizes.", "hackathon-requirements": "\nMake your project, submit your hack to Devpost\u00a0and attend the PennApps expo\u00a0to show off what you built. You\u00a0\n\u00a0", "hackathon-description-header": "Hacking for the Hack of It", "hackathon-number-of-judging-criteria": "4", "hackathon-prizes": [{"prize-content": "Oculus Rift + Apple Watch Sport/Android Wear + XBOX One/PS4; Lutron Plug-In Dimmer Kit; Travel Vouchers (from AirBnb). Winners will also be flown to Facebook headquarters for the Global Hackathon Finals.", "prize-title": "PennApps XIV Grand Prize"}, {"prize-content": "Oculus Rift + Apple Watch Sport/Android Wear/XBOX One/PS4", "prize-title": "PennApps XIV Second Place Prize"}, {"prize-content": "Oculus Rift/Apple Watch Sport/Android Wear/XBOX One/PS4", "prize-title": "PennApps XIV Third Place Prize"}, {"prize-content": "Hacks that have applications in wellness, medicine and healthcare.", "prize-title": "PennApps Route | Best Health Hack"}, {"prize-content": "Hacks that have applications in education. Prizes: iPad Minis for each team member", "prize-title": "PennApps Route | Best Education Hack"}, {"prize-content": "Hacks where the main focus is on hardware. Prize: Hardware kits for each team member", "prize-title": "PennApps Route | Best Hardware Hack"}, {"prize-content": "Hacks where the main focus is on cybersecurity.", "prize-title": "PennApps Route | Best Cybersecurity Hack"}, {"prize-content": "Hacks where the main focus is on Virtual/Augmented Reality.", "prize-title": "PennApps Route | Best VR/AR Hack"}, {"prize-content": "Hacks with a primary goal geared towards issues of social or civic impact, or focus on a local community.", "prize-title": "PennApps Route | Best Social/Civic Hacking Hack Sponsored by JP Morgan"}, {"prize-content": "Presented by Capital One. Winners will receive $400 Amazon gift cards each.", "prize-title": "Best Use of the Capital One API - Nessie"}, {"prize-content": "Presented by NameCheap. Winners will receive $150 credit in their NameCheap accounts.", "prize-title": "Best Domain Name Registered in PennApps XIV"}, {"prize-content": "Presented by Qualtrics. Winner will receive their choice of a mountain bike, longboard, or snowboard.", "prize-title": "Best Use of Data Visualization"}, {"prize-content": "Create an \u201cout of the box\u201d solution to be sold to a company. Presented by Blackstone. Each member of the winning team will receive a pair of ATH-M50x headphones.", "prize-title": "Most Entrepreneurial Hack - Blackstone"}, {"prize-content": "Presented by Comcast NBCUniversal. Winners will receive Oculus Rifts.", "prize-title": "Best Use of VR/AR for Content Discovery"}, {"prize-content": "Given to the hack which demonstrates a good integration between hardware and software. Presented by Lutron. Winners will receive Lutron Cas\u00e9ta Wireless Smart Lighting Plug-in Lamp Dimmer Kits (HomeKit-enabled).", "prize-title": "Lutron IoT Prize"}, {"prize-content": "Given to the hack that demonstrates:", "prize-title": "Best Use of Nexmo API"}, {"prize-content": "Given to the hack that demonstrates:", "prize-title": "Best Use of Nexmo API - 2nd place"}, {"prize-content": "Presented by Linode. Winners will receive Pebble watches.", "prize-title": "Best Use of Linode Services"}, {"prize-content": "Given to the best hack that uses the Aladdin API. Presented by BlackRock. Winners will receive drones.", "prize-title": "Best Financial Hack Using the Aladdin API"}, {"prize-content": "Given to the best hack that uses MongoDB as its database. Presented by MongoDB.", "prize-title": "Best Use of MongoDB"}, {"prize-content": "1 Pixel C Tablet + 2 Chromecasts + Android Plushies; Given to the two best Progressive Web Apps. Presented by Google & Polymer.", "prize-title": "Best Progressive Web App"}, {"prize-content": "Presented by Goldman Sachs. Winners will receive Bose speakers.", "prize-title": "Best User Experience"}, {"prize-content": "$50 in 3D printing credit", "prize-title": "Best Use of Rapid Prototyping, sponsored by AddLab"}, {"prize-content": "Given to the hack that demonstrates the best use and/or design using PYNQ-Z1 board, overlay design, application. Presented by Xilinx Inc.", "prize-title": "Best Design Using PYNQ-Z1 Boards, Peripherals, and Tools (3)"}, {"prize-content": "Presented by Lyft. Winners will receive a Lyft backpack, $20 gift card, and an Amazon Echo each.", "prize-title": "Best Use of Lyft API"}, {"prize-content": "Presented by Taser. Each member of the winning team will receive a Parrot BEBOP2 drone.", "prize-title": "Best Public Safety or Video Processing App"}, {"prize-content": "Winning team gets Amazon Echos. Presented by Amazon.", "prize-title": "Best Amazon Alexa Hack"}, {"prize-content": "Presented by L-3.", "prize-title": "Best Embedded Hack"}, {"prize-content": "Awarded to the hack most likely to continue post-hackathon. Winners will receive an invitation to come to NY to pitch for 25k in funding from Rough Draft Ventures. Presented by Rough Draft Ventures.", "prize-title": "Most Entrepreneurial Hack - Rough Draft Ventures"}, {"prize-content": "", "prize-title": "FINRA 1st place"}], "hackathon-location-google-maps": "https://maps.google.com/?q=220 S 33rd St, Philadelphia, PA 19104, USA", "hackathon-number-of-participants": "693", "hackathon-location-address": "220 S 33rd St, Philadelphia, PA 19104, USA", "hackathon-judging-criteria": [{"judging-criterion": "Is the hack technically interesting or difficult? Is it just some lipstick on an API, or were there real technical challenges to surmount? This is the most important criterion that your hack will be judged upon for the general prizes."}, {"judging-criterion": "Is the hack more than just another generic social/mobile/local app? Does it do something entirely novel, or at least take a fresh approach to an old problem?"}, {"judging-criterion": "Is the hack usable in its current state? Is the user experience smooth? Does everything appear to work? Is it well designed?"}, {"judging-criterion": "Is the hack practical? Is it something people would actually use? Does it fulfill a real need people have?"}], "hackathon-prizes-total": "$50,870", "hackathon-location-description": "University of Pennsylvania", "hackathon-end-date": "2016-09-11", "has-projects": "True"}