{"hackathon-description-text": "\nHackPrinceton invites you to explore the universe. For 36 hours on April 1st-3rd, HackPrinceton will bring together 500 developers and designers to create incredible software and hardware projects. Meet fellow hackers, learn new technologies, and hone your skills along seasoned mentors. Whether you're making your first mobile app or are ready to jump onboard the most developed hardware track in the country, join us for 36 glorious hours of hacking.", "hackathon-number-of-prizes": "25", "hackathon-id": "hackprincetons2016", "hackathon-judges": [{"judge-role": "Associate & Product Manager at ffVC", "judge-name": "Steven Greenberg"}, {"judge-role": "Founder and CEO of Pilot", "judge-name": "Joseph Fasone"}, {"judge-role": "Venture Partner at Metamorphic VC", "judge-name": "Scott Hartley"}], "hackathon-number-of-judges": "3", "hackathon-eligibility": "", "hackathon-number-of-participants": "242", "hackathon-is-colocated": "True", "hackathon-has-ended": "True", "hackathon-number-of-judging-criteria": "5", "hackathon-requirements": "\nSubmissions are due on\u00a0Devpost\u00a0\nYou must include videos, photos, or screenshots of the working product and a link to the source code (GitHub, etc.) of your project.", "hackathon-rules": "", "hackathon-prizes": [{"prize-content": "Awarded to the best software or hardware project overall.", "prize-title": "Best Overall"}, {"prize-content": "Push the limits of technology with a unique, ambitious, and technically interesting project.", "prize-title": "Most Technically Challenging"}, {"prize-content": "A project that delivers a polished, well-thought-out user experience.", "prize-title": "Best Design"}, {"prize-content": "Awarded to the project deemed most original.", "prize-title": "Most Creative"}, {"prize-content": "The best hardware hack that makes use of wearable technology.", "prize-title": "Best Wearable Hack"}, {"prize-content": "The best hardware hack that makes use of Internet of Things technology.", "prize-title": "Best Internet of Things Hack"}, {"prize-content": "The best hardware hack that builds on top of our Vex Robotics kits, Gazebo kits, or other robotics parts in our lab.", "prize-title": "Best Robotics Hack"}, {"prize-content": "The best hardware hack with a space-related theme.", "prize-title": "Most Out-Of-This-World Hardware Hack"}, {"prize-content": "For the team who best demonstrates new skills acquired during the hackathon. To qualify, more than half the team must be comprised of first-time hackathon participants.", "prize-title": "Best First-Time-Hackathon Hack"}, {"prize-content": "For the best native mobile app overall.", "prize-title": "Best Mobile App"}, {"prize-content": "Visualize, analyze, or represent data in an interesting and beautiful way.", "prize-title": "Best Use of Data Visualization"}, {"prize-content": "\"Houston, we have a problem.\" For the team with the most spectacular last-minute flop.", "prize-title": "Biggest Failure to Launch"}, {"prize-content": "Arduino Starter Kits for the team.", "prize-title": "Best Use of Cloud Services - Sponsored by Linode"}, {"prize-content": "$250 Amazon gift certificate for each team member.", "prize-title": "Best Use of the Nessie API - Sponsored by Capital One"}, {"prize-content": "Raspberry Pi + $100 visa gift card + 1 year of Wolfram|Alpha Pro + 1 year of Wolfram Development Platform for each member.", "prize-title": "Best Use of Wolfram Technologies"}, {"prize-content": "Awarded to support further development of a promising project. To qualify, your team must also apply for the Thiel Fellowship.", "prize-title": "Best Hack to Continue - Sponsored by Thiel Foundation"}, {"prize-content": "Dell 1TB hard drive for each team member.", "prize-title": "Best Use of AWS - Sponsored by MLH"}, {"prize-content": "Domain.com swag bag for each team member.", "prize-title": "Best Use of Domain.com - Sponsored by MLH"}, {"prize-content": "Github Octocat for each team member.", "prize-title": "Best Developer Tool - Sponsored by MLH"}, {"prize-content": "To qualify, you must host your project on a .TECH domain name.", "prize-title": "Best Project on .TECH Domain - Sponsored by .TECH"}, {"prize-content": "For the most ambitious project.", "prize-title": "Best Moonshot - Sponsored by Google"}, {"prize-content": "Awarded to the project closest to being launchable as a real product.", "prize-title": "Most Launchable - Sponsored by Dorm Room Fund"}, {"prize-content": "Rewards those who tap into a publicly-available source of data, and transform, analyze, or visualize it to provide the general public with valuable, easily understood information that somehow betters their lives. Winners must primarily code Python, use public and open datasets, and create a hack that facilitates the every day lives of the general public. $500 for the team.", "prize-title": "PrincetonPy / PICSciE Prize for Every Day Data for Tomorrow"}, {"prize-content": "Awarded to the project with the greatest potential to make an impact and change the world. $500 for the team.", "prize-title": "Most Socially Impactful - Sponsored by Princeton ReachOut"}, {"prize-content": "$200 (per team) to help your home high school host a hackathon + all-expense paid trips to IgniteSTEM + invites to afterparty at Google NYC HQ.", "prize-title": "Best Education Hack - Sponsored by IgniteSTEM"}], "hackathon-location-google-maps": "https://maps.google.com/?q=William St & Olden St, Princeton, NJ 08540, USA", "hackathon-url": "https://hackprincetons2016.devpost.com/", "hackathon-judging-criteria": [{"judging-criterion": "How original is the idea? Is it simply a repackaging of a previous project or is it something that has never been done before? Projects can also blend two concepts together in a refreshing new way."}, {"judging-criterion": "Does the project take on technical challenges? What parts of the project did your team invent, and how did you build upon existing tools and technologies?"}, {"judging-criterion": "Does it feel like a quickly hacked-together project, or something that is well thought out? Is the user experience and interface smooth and well-designed?"}, {"judging-criterion": "Is the project zany, interesting or just plain amusing? Will it bring a smile to the face of those who see it, whether they are adults, teenagers or little kids?"}, {"judging-criterion": "Can this hack be used in real life to better somebody's life? Is it enough to justify people wanting to use it?"}], "hackathon-location-address": "William St & Olden St, Princeton, NJ 08540, USA", "hackathon-description-header": "Explore with us. Build out-of-this-world projects at Princeton's 36-hour hackathon.", "hackathon-prizes-total": "0", "hackathon-location-description": "Princeton University - Friend Center", "hackathon-end-date": "2016-04-03", "has-projects": "True"}