{"hackathon-description-text": "\n\u00a0begins this Saturday, April 22, 2017. Texas Southern University will be hosting its first ever hackathon. Join the creative, innovative group of students for 24 amazing hours of hacking in Houston, Texas. We are inviting all students to come build cool gadgets, develop slick software projects, solve challenges, network, collect free swag and win big prizes.", "hackathon-number-of-prizes": "6", "hackathon-id": "hackhouston2017", "hackathon-judges": [{"judge-role": "", "judge-name": "TBD"}], "hackathon-number-of-judges": "1", "hackathon-eligibility": "", "hackathon-number-of-participants": "30", "hackathon-is-colocated": "True", "hackathon-has-ended": "True", "hackathon-number-of-judging-criteria": "4", "hackathon-requirements": "", "hackathon-rules": "\nAll projects must be built from scratch during the event. Read through and accept our\u00a0\n.\u00a0Obviously, alcohol, drugs, firearms, knives, weapons (including toys) are strictly prohibited.\u00a0", "hackathon-prizes": [{"prize-content": "Roku Prize (TBD)", "prize-title": "1st prize"}, {"prize-content": "Roku Prize (TBD)", "prize-title": "2nd Place"}, {"prize-content": "Roku Prize (TBD)", "prize-title": "3rd Place"}, {"prize-content": "$50 Amazon Gift Vouchers per member of a team for the best hack/website submitted on a .tech domain. (Site should be functional)", "prize-title": "Best Website on .Tech Domain Prize"}, {"prize-content": "4 Arduino Kits and 4 $1,000 Merit Scholarships to Bytecamp.", "prize-title": "Best Education Hack by Bytecamp"}, {"prize-content": "The Best Use of Amazon Web Services will receive $250 in AWS credit.", "prize-title": "Best Use of Amazon Web Services"}], "hackathon-location-google-maps": "https://maps.google.com/?q=3100 Cleburne St, Houston, TX 77004, USA", "hackathon-url": "https://hackhouston2017.devpost.com/", "hackathon-judging-criteria": [{"judging-criterion": ""}, {"judging-criterion": ""}, {"judging-criterion": ""}, {"judging-criterion": ""}], "hackathon-location-address": "3100 Cleburne St, Houston, TX 77004, USA", "hackathon-description-header": "Innovate The Future", "hackathon-prizes-total": "$9,180", "hackathon-location-description": "Texas Southern University, Student Recreation Center", "hackathon-end-date": "2017-04-23", "has-projects": "True"}