{"hackathon-description-text": "\nHackPSU is Penn State's Learning Hackathon, a biannual event focusing on creating educational technology.", "hackathon-number-of-prizes": "1", "hackathon-id": "hackpsu-fall-2015", "hackathon-judges": [{"judge-role": "", "judge-name": "Christina Platt"}], "hackathon-number-of-judges": "1", "hackathon-eligibility": "", "hackathon-number-of-participants": "24", "hackathon-is-colocated": "True", "hackathon-has-ended": "False", "hackathon-number-of-judging-criteria": "5", "hackathon-requirements": "", "hackathon-rules": "\nBuild something cool!", "hackathon-prizes": [{"prize-content": "", "prize-title": "Prize 1"}], "hackathon-location-google-maps": "https://maps.google.com/?q=Penn State University, University Park, State College, PA 16801, USA", "hackathon-url": "https://hackpsu-fall-2015.devpost.com/", "hackathon-judging-criteria": [{"judging-criterion": ""}, {"judging-criterion": ""}, {"judging-criterion": ""}, {"judging-criterion": ""}, {"judging-criterion": ""}], "hackathon-location-address": "Penn State University, University Park, State College, PA 16801, USA", "hackathon-description-header": "Learn. Build. Share.", "hackathon-prizes-total": "0", "hackathon-location-description": "Penn State University", "hackathon-end-date": "", "has-projects": "False"}