{"hackathon-description-text": "\n48 hours to make your community better. Join coders, designers, and thinkers at the HackNYU Global Hackathon. Help us create new apps, websites, hardware, and data visualizations that improve the NYU community. There will be prizes, raffles, and mentors, all waiting for you to have an impact and leave your legacy - February 17th-19th\u00a0at the NYU Tandon School of Engineering, NYU Shanghai, and NYU Abu Dhabi.", "hackathon-number-of-prizes": "11", "hackathon-id": "hacknyu2017", "hackathon-judges": [{"judge-role": "Neurologist, NYU Langone and Co-Founder, MediVis", "judge-name": "[Healthcare] Osamah Chowdhury"}, {"judge-role": "Director, Programs for International Dentists in Oral Surgery / RCSI", "judge-name": "[Healthcare] Huzefa Talib"}, {"judge-role": "Associate Software Engineer, Viacom", "judge-name": "[Healthcare] Jeffrey Cannon"}, {"judge-role": "Product Design Engineer, Tomorrow Lab", "judge-name": "[Healthcare] Dorian Fernandez"}, {"judge-role": "Director, NYU Office of Sustainability", "judge-name": "[Sustainability] Dianne Anderson"}, {"judge-role": "Green Grant Director, NYU Office of Sustainability", "judge-name": "[Sustainability] Catherine Dammer Jones"}, {"judge-role": "Media Relations Specialist, NYU Office of Sustainability", "judge-name": "[Sustainability] Christopher James"}, {"judge-role": "Sisu Consulting", "judge-name": "[Sustainability] Matt Sisu"}, {"judge-role": "Clinical Associate Professor of Occupational Therapy, NYU", "judge-name": "[Assistive Technology] Anita Perr"}, {"judge-role": "Founding Director of the Interactive Media Arts Program, NYU Shanghai", "judge-name": "[Assistive Technology] Marianne Petit"}, {"judge-role": "Assistive Tech Specialist, Helen Keller Services for the Blind", "judge-name": "[Assistive Technology] Gus Chalkias"}, {"judge-role": "Senior Associate, New York Life Insurance", "judge-name": "[Assistive Technology] Kim Selway"}, {"judge-role": "Educational Technologist, NYU CAS", "judge-name": "[Educational Technology] Andrew Geene"}, {"judge-role": "Director of Education, Connected Sparks", "judge-name": "[Educational Technology]  Susie Kavanaugh"}, {"judge-role": "Program Manager, NYU Future Labs", "judge-name": "[Educational Technology]  Mina Salib"}, {"judge-role": "Corporate Vice President - Innovation, New York Life Insurance", "judge-name": "[Educational Technology] Amanda Gallagher"}, {"judge-role": "Director - IT Portfolio Management, New York Life Investments", "judge-name": "[Educational Technology]  Jeremie Fredj"}], "hackathon-number-of-judges": "17", "hackathon-eligibility": "\nSubmit everything by", "hackathon-number-of-participants": "285", "hackathon-is-colocated": "True", "hackathon-has-ended": "True", "hackathon-number-of-judging-criteria": "10", "hackathon-requirements": "\nSubmit a link to your project as a working demo and/or a GitHub repository and/or upload a zip file.", "hackathon-rules": "\nCODE OF CONDUCT \u2014 QUICK VERSION\u00a0\nOur hackathon is dedicated to providing a harassment-free experience for everyone, regardless of gender, gender identity and expression, age, sexual orientation, disability, physical appearance, body size, race, ethnicity, nationality, religion, previous hackathon attendance or computing experience (or lack of any of the aforementioned). We do not tolerate harassment of hackathon participants in any form. Sexual language and imagery is not appropriate at any hackathon venue, including hacks, talks, workshops, parties, social media and other online media. Hackathon participants violating these rules may be sanctioned or expelled from the hackathon without a refund (if applicable) at the discretion of the hackathon organisers.\u00a0\nLINKS TO UNIVERSITY POLICIES\u00a0", "hackathon-prizes": [{"prize-content": "", "prize-title": "Assistive Technology"}, {"prize-content": "", "prize-title": "Educational Technology"}, {"prize-content": "", "prize-title": "Healthcare"}, {"prize-content": "", "prize-title": "Sustainability &amp; Social Impact"}, {"prize-content": "2 VIP Tickets to The Daily Show with Trevor Noah.", "prize-title": "Viacom Prize "}, {"prize-content": "Best creation/project", "prize-title": "Verizon Prize"}, {"prize-content": "Use your tech skills for good and hack online harassment! Build a software solution that can help reduce the frequency and/or severity of online harassment. Members of the winning team receive Hack Harassment Battery Packs!", "prize-title": "#HackHarassment"}, {"prize-content": "Domain.com Swag Bags.", "prize-title": "Best Domain Name from Domain.com"}, {"prize-content": "1TB Hard Drives", "prize-title": "Amazon Web Services - Best Use of AWS"}, {"prize-content": "", "prize-title": "Make School Prize - Best iOS App"}, {"prize-content": "", "prize-title": "Make School Prize - Best Beginner Hack"}], "hackathon-location-google-maps": "https://maps.google.com/?q=6 Metrotech Center, Brooklyn, NY 11201, USA", "hackathon-url": "https://hacknyu2017.devpost.com/", "hackathon-judging-criteria": [{"judging-criterion": "-\tIs it something new? Have you never seen an idea like this before? If not, how is it better?\n-\tDoes the project go beyond traditional rules, patterns, and/or definitions?\n-\tDoes the project demonstrate progressiveness and imagination?"}, {"judging-criterion": "- Is this project something you or someone you know would want to use?\n- What is the aesthetic, and will people actually be interested in using the product?\n- Is the project usable for many (different) people?\n- Is the project easy to use?"}, {"judging-criterion": "-\tIs the project composed of many different parts?\n-\tDoes the project require skill to assemble (and is mostly assembled)?\n-\tDid the participants learn and explore significantly to complete the project?"}, {"judging-criterion": "- Is this project something you or someone you know would want to use?\n- Is the project usable for many (different) people?\n- How well does it address the issue/need?\n- Is the project easy to use?\n- How complete is the project?"}, {"judging-criterion": "-\tWould this project have a significant impact on someone\u2019s life?\n-\tWould this help improve quality of life?\n-\tIs this something the participants are interested in pursuing further?\n-\tDoes the project consider a broader world view?"}, {"judging-criterion": "-\tHow aesthetically pleasing is the project?\n-\tDid thought go into project design?\n-\tDoes the project combine quality design with quantitative complexity?\n-\tDoes the design contribute to user experience?"}, {"judging-criterion": "- How does the product impact the target community?\n- How might it affect NYU\u2019s standing within that community and with other communities?\n- Does the project attempt to address or solve a problem that the NYU and other communities may have?"}, {"judging-criterion": "Did they actually talk to people within their target population?\nIs this just a \u201cgood idea\u201d that one of them had?\nDid they determine that there is a need for this product?"}, {"judging-criterion": "Does the project attempt to address or solve a problem that students, faculty, and staff may have during their time at NYU?\nDoes the project use APIs provided by NYU or its partners?\nCan the project be used by any specific NYU department or school?"}, {"judging-criterion": "Is it well informed about the current needs and constraints? Does this project address a pressing or important problem space?"}], "hackathon-location-address": "6 Metrotech Center, Brooklyn, NY 11201, USA", "hackathon-description-header": "Build ideas into reality.", "hackathon-prizes-total": "$500", "hackathon-location-description": "New York University | Tandon School of Engineering | Abu Dhabi | Shanghai", "hackathon-end-date": "2017-02-19", "has-projects": "True"}