{"hackathon-description-text": "\nA hackathon for UK Students", "hackathon-number-of-prizes": "7", "hackathon-id": "brumhack", "hackathon-judges": [{"judge-role": "", "judge-name": "Brum Hack & API Sponsors"}], "hackathon-number-of-judges": "1", "hackathon-eligibility": "\nOnly attendees of BrumHack 2014 with a ticket named \"Hack - Wave 1/2/3\" can enter\u00a0", "hackathon-number-of-participants": "27", "hackathon-is-colocated": "True", "hackathon-has-ended": "True", "hackathon-number-of-judging-criteria": "2", "hackathon-requirements": "\nEnter a link to your hack if it's web based,\u00a0github repository or other VCS site otherwise.", "hackathon-rules": "\nAll hacks must comply with the BrumHack code of conduct. See\u00a0\n\u00a0for details", "hackathon-prizes": [{"prize-content": "", "prize-title": "Hackers Hack"}, {"prize-content": "", "prize-title": "Braintree Prize"}, {"prize-content": "", "prize-title": "Best Pivot"}, {"prize-content": "", "prize-title": "Most Learned"}, {"prize-content": "", "prize-title": "Best Hardware Hack"}, {"prize-content": "", "prize-title": "Spirit of the Hack"}, {"prize-content": "", "prize-title": "Best Technical Hack"}], "hackathon-location-google-maps": "https://maps.google.com/?q=Birmingham B15 2TT, United Kingdom", "hackathon-url": "https://brumhack.devpost.com/", "hackathon-judging-criteria": [{"judging-criterion": ""}, {"judging-criterion": ""}], "hackathon-location-address": "Birmingham B15 2TT, United Kingdom", "hackathon-description-header": "A student hackday at University of Birmingham25 hours, October 25 & 26", "hackathon-prizes-total": "0", "hackathon-location-description": "", "hackathon-end-date": "2014-10-26", "has-projects": "True"}