{"hackathon-description-text": "\nNuestro prop\u00f3sito en MXHacks es juntar a aquellos que est\u00e1n dispuestos a no dormir hasta ver hecho realidad lo que otros solo se permiten so\u00f1ar.", "hackathon-number-of-prizes": "4", "hackathon-id": "mxhacks-iii", "hackathon-judges": [{"judge-role": "Platzi", "judge-name": "Miguel Nieva"}, {"judge-role": "MexBT", "judge-name": "Joel Cano"}, {"judge-role": "Major League Hacking", "judge-name": "Jonathan Gottfried"}], "hackathon-number-of-judges": "3", "hackathon-eligibility": "\nTodos los participantes del evento deben ser estudiantes de Preparatoria, Universidad o Maestr\u00eda. En caso de haber egresado, tener un m\u00e1ximo de 6 meses de haber egresado. Inscribirse en la p\u00e1gina oficial del evento y haber sido aceptado.", "hackathon-number-of-participants": "91", "hackathon-is-colocated": "True", "hackathon-has-ended": "True", "hackathon-number-of-judging-criteria": "1", "hackathon-requirements": "\nLos proyectos deben de ser Incre\u00edbles, creativos y desarrollados durante el evento. Se deben apegar al c\u00f3digo de condicta para poderse hacer acreedores de presentar. No se aceptar\u00e1n Slides.", "hackathon-rules": "\nLos proyectos ser\u00e1n calificados basandonos en lo que fue desarrollo durante el evento.\u00a0", "hackathon-prizes": [{"prize-content": "", "prize-title": "Dell Venue 8 Tablet"}, {"prize-content": "", "prize-title": "Dell HDD 1 TB"}, {"prize-content": "", "prize-title": "Pebble"}, {"prize-content": "Reto Gentera", "prize-title": "Moto 360 SmartWatch"}], "hackathon-location-google-maps": "https://maps.google.com/?q=Tecnol\u00f3gico de Monterrey Campus Santa Fe, Santa Fe, La Loma, 01389 Ciudad de M\u00e9xico, D.F., Mexico", "hackathon-url": "https://mxhacks-iii.devpost.com/", "hackathon-judging-criteria": [{"judging-criterion": "Crea un proyecto que tenga dificultad t\u00e9cnica, este bien dise\u00f1ado y que en general este incre\u00edble.  Las presentaciones con \"slides\" no ser\u00e1n toleradas!"}], "hackathon-location-address": "Tecnol\u00f3gico de Monterrey Campus Santa Fe, Santa Fe, La Loma, 01389 Ciudad de M\u00e9xico, D.F., Mexico", "hackathon-description-header": "El hackat\u00f3n que inicio la revoluci\u00f3n de hackatones en M\u00e9xico!", "hackathon-prizes-total": "0", "hackathon-location-description": "ITESM Campus Santa F\u00e9", "hackathon-end-date": "2015-10-04", "has-projects": "True"}