{"hackathon-description-text": "\nHacking doesn\u2019t mean breaking into anything - It\u2019s breaking your ideas out of the confines of your mind and learning how to make them a reality.", "hackathon-number-of-prizes": "13", "hackathon-id": "pearlhacks", "hackathon-judges": [{"judge-role": "Pearl Hacks founder and director", "judge-name": "Maegan Clawges"}], "hackathon-number-of-judges": "1", "hackathon-eligibility": "", "hackathon-number-of-participants": "127", "hackathon-is-colocated": "True", "hackathon-has-ended": "False", "hackathon-number-of-judging-criteria": "3", "hackathon-requirements": "", "hackathon-rules": "\nPlease abide by the \n, it will be enforced throughout Pearl Hacks.", "hackathon-prizes": [{"prize-content": "Automatic acceptance and all expenses paid to Global Hackathon Seoul in South Korea and Dell Android tablets for each team member.", "prize-title": "First Place"}, {"prize-content": "Automatic acceptance and all expenses paid to HackingEDU in the Bay Area. Also, Parrot Minidrones for each team member from WillowTree Apps.", "prize-title": "Second Place"}, {"prize-content": "Amazon Prime Memberships, Google Cardboard, and GitHub t-shirts.", "prize-title": "Third Place"}, {"prize-content": "Pebbles for all team members to take home. Sponsored by Pebble.", "prize-title": "Best hack using the Pebble platform"}, {"prize-content": "Rasperry Pi and VIRL personal subscription. Sponsored by Cisco.", "prize-title": "Best use of Cisco APIs"}, {"prize-content": "Most fluid and functional interface. Design is clean and engages the user.", "prize-title": "Best user experience and design"}, {"prize-content": "Submitted to the final round of Google's Computer Science Academy for graduating seniors.", "prize-title": "Top high school hack"}, {"prize-content": "Attendance to Qualcomm's Intern Women Conference at their headquarters in San Diego, CA over the summer.", "prize-title": "Most impressive first-time hack"}, {"prize-content": "Most innovative project related to preventing sexual assault or promoting sexual health.", "prize-title": "Pearl Hacks Pusheen Prize"}, {"prize-content": "Trips to the Grace Hopper Celebration in Houston, October 2015. Sponsored by Capital One.", "prize-title": "Best use of Capital One APIs"}, {"prize-content": "Prize: Nexus Players by AndroidTV.", "prize-title": "Best Use of Google APIs"}, {"prize-content": "Interactive Intelligence Amazon Web Service credits.", "prize-title": "Most Creative Integration of the Interactive Intelligence API"}, {"prize-content": "$50 gift cards. Sponsored by Fidelity.", "prize-title": "Best Presentation and Demo"}], "hackathon-location-google-maps": "https://maps.google.com/?q=University of North Carolina at Chapel Hill, 201 South Columbia Street, Chapel Hill, NC 27514, USA", "hackathon-url": "https://pearlhacks.devpost.com/", "hackathon-judging-criteria": [{"judging-criterion": ""}, {"judging-criterion": ""}, {"judging-criterion": ""}], "hackathon-location-address": "University of North Carolina at Chapel Hill, 201 South Columbia Street, Chapel Hill, NC 27514, USA", "hackathon-description-header": "Pearl Hacks is a weekend event bringing together high school and college women from all over the United States to work on projects with mentors from software engineering companies.", "hackathon-prizes-total": "$19,950", "hackathon-location-description": "", "hackathon-end-date": "", "has-projects": "False"}