{"hackathon-description-text": "\nMakeMIT is back for its 5th year! With lots of materials, plenty of space, and passionate hackers, MakeMIT is a full-day hardware hackathon taking place on February 24, 2018. With many sponsors and mentors, hackers should have no problem making their dreams come true no matter how challenging the ideas may be.", "hackathon-number-of-prizes": "13", "hackathon-id": "makemit2018", "hackathon-judges": [{"judge-role": "MakeMIT", "judge-name": "Sponsors, Mentors, and Organizing Team Members"}], "hackathon-number-of-judges": "1", "hackathon-eligibility": "\nParticipant Requirements:", "hackathon-number-of-participants": "101", "hackathon-is-colocated": "True", "hackathon-has-ended": "True", "hackathon-number-of-judging-criteria": "3", "hackathon-requirements": "", "hackathon-rules": "\nRules can be found at: https://makemit.org/", "hackathon-prizes": [{"prize-content": "Prize: To be announced day-of!", "prize-title": "1st Place (Sponsored by Apple)"}, {"prize-content": "Prize: $2000 (shared among the team members)", "prize-title": "2nd Place"}, {"prize-content": "Prize: $1000 (shared among the team members)", "prize-title": "3rd Place"}, {"prize-content": "", "prize-title": "Top 7 Finalists"}, {"prize-content": "Prize: Nintendo Switch 32GB Console Neon RedNeon Blue JoyCon", "prize-title": "NVIDIA - Best use of the NVIDIA Jetson TX2 Developer Kit"}, {"prize-content": "Prize: Up to 4 Surface Pro\u2019s and Keyboards (one for each member of the winning team).", "prize-title": "Microsoft - Best Use of Microsoft Technology"}, {"prize-content": "Prize: 3 Google Home Mini's, 1 Fitbit Charge 2 - Black Silver - Large, 1 Bose Soundlink Micro - Black (shared among the team members)", "prize-title": "Verizon - Best Use of Data Science"}, {"prize-content": "Prize: 2 Google Home Mini's, 2 Beats Powerbeats3 wireless earphones, 1 Bose SoundSport wireless headphones (shared among the team members)", "prize-title": "Verizon - Best IoT Project"}, {"prize-content": "Prize: iRobot Create 2 (one for each member of the winning team)", "prize-title": "iRobot - Best Robotics Project"}, {"prize-content": "Prize: Particle Internet Buttons", "prize-title": "Particle - Most Creative IoT Problem Solver"}, {"prize-content": "$250 in cloud computing credit for Paperspace.", "prize-title": "Paperspace - Best Use of Machine Learning"}, {"prize-content": "Prize: SOLIDWORKS Backpacks", "prize-title": "SOLIDWORKS - Form-Fit Function Design Appreciation Award"}, {"prize-content": "Prize: Each member of the winning team will be given an Ultimaker t-shirt, a spool of Ultimaker engineering filament of their choice (valued at $50-$100), and one of the last remaining sets of the Design Engine Starter Pack design inspiration game.", "prize-title": "Ultimaker - Ultimaker Design Iteration Prize"}], "hackathon-location-google-maps": "https://maps.google.com/?q=84 Massachusetts Ave, Cambridge, MA 02139, USA", "hackathon-url": "https://makemit2018.devpost.com/", "hackathon-judging-criteria": [{"judging-criterion": "MakeMIT uses Gavel to identify the top 7 projects. Gavel was developed in-house for HackMIT and is used for many hackathons."}, {"judging-criterion": "Sponsored prizes will be awarded by company representatives."}, {"judging-criterion": "After narrowing projects to the top 10, a panel of judges will be choosing the top 3 projects."}], "hackathon-location-address": "84 Massachusetts Ave, Cambridge, MA 02139, USA", "hackathon-description-header": "MakeMIT is the world's premiere hardware hackathon! With 16 hours and a plethora of hardware, over 300 hackers compete for the greatest hack!", "hackathon-prizes-total": "$10,890", "hackathon-location-description": "Stratton Student Center", "hackathon-end-date": "2018-02-25", "has-projects": "True"}