{"hackathon-description-text": "\nDash is a design-hackathon like no other!", "hackathon-number-of-prizes": "6", "hackathon-id": "dash-2017", "hackathon-judges": [{"judge-role": "Aalto Yliopisto", "judge-name": "Heini-Emilia Saari"}, {"judge-role": "Inventure", "judge-name": "Ekaterina Gianelli"}, {"judge-role": "ED-Design", "judge-name": "Kirsi Sv\u00e4rd"}, {"judge-role": "Tila Consulting", "judge-name": "Heidi Purola"}, {"judge-role": "Creative Director, EA", "judge-name": "Petri Ikonen"}, {"judge-role": "Fazer", "judge-name": "Markus Hellstr\u00f6m"}, {"judge-role": "Lucky You Studio", "judge-name": "Ricardo Haratani"}, {"judge-role": "Suomihealth", "judge-name": "Norma V\u00e4limaa"}, {"judge-role": "", "judge-name": "Juska Teittinen"}, {"judge-role": "Elisa", "judge-name": "Riikka Lindstr\u00f6m"}, {"judge-role": "Monster", "judge-name": "Mika Kiiskinen"}, {"judge-role": "Fiskars", "judge-name": "Niko Rusanen"}, {"judge-role": "Singa", "judge-name": "Antonija Pek"}], "hackathon-number-of-judges": "13", "hackathon-eligibility": "", "hackathon-number-of-participants": "105", "hackathon-is-colocated": "True", "hackathon-has-ended": "True", "hackathon-number-of-judging-criteria": "6", "hackathon-requirements": "\nAnswer all the questions that are presented. The whole team needs to be added!", "hackathon-rules": "", "hackathon-prizes": [{"prize-content": "1000 \u20ac", "prize-title": "Hack the Healthcare"}, {"prize-content": "1000\u20ac", "prize-title": "Hack the Job"}, {"prize-content": "1000 \u20ac", "prize-title": "Reimagining Academic Spaces"}, {"prize-content": "EA games for the whole team enough to keep you busy for a while ;)", "prize-title": "Game Design"}, {"prize-content": "1000\u20ac", "prize-title": "Insects for Masses"}, {"prize-content": "Space jackets for the whole team!", "prize-title": "Reaktor Value"}], "hackathon-location-google-maps": "https://maps.google.com/?q=Betonimiehenkuja 3d, 02150 Espoo, Suomi", "hackathon-url": "https://dash-2017.devpost.com/", "hackathon-judging-criteria": [{"judging-criterion": "A concept or prototype of a web-platform service that rethinks matchmaking\nand provides the user the required tools to develop themselves"}, {"judging-criterion": "The solutions that we\u2019re looking for are especially the ones that can be implemented to the public\nhealthcare system."}, {"judging-criterion": ""}, {"judging-criterion": "The hoped outcome from this Field of Design is a mobile-platform e-sports game that creates its own\ncommunity."}, {"judging-criterion": "The possible outcome from this Field of Design could be for example a line of products, packages or\nsomething completely different."}, {"judging-criterion": "Level of Innovation - Aesthetic & uniqueness - Readiness -Process & team work - Return of investment"}], "hackathon-location-address": "Betonimiehenkuja 3d, 02150 Espoo, Suomi", "hackathon-description-header": "Dash is a design-hackathon like no other! Come work with designers, developers and business people!", "hackathon-prizes-total": "$6,000", "hackathon-location-description": "Startup Sauna, Finland", "hackathon-end-date": "2017-11-05", "has-projects": "True"}