{"hackathon-description-text": "\nThis hackathon is meant to bring women in our community together to build, share, and learn!", "hackathon-number-of-prizes": "4", "hackathon-id": "bqgirlhacks", "hackathon-judges": [{"judge-role": "Program Director at the Tech Incubator", "judge-name": "Ying Zhou"}, {"judge-role": "Software Engineer at AppNexus", "judge-name": "Zoe Peterson"}, {"judge-role": "Director, QC Center for Teaching & Learning", "judge-name": "Michelle C. Fraboni"}, {"judge-role": "Department of Education, CS4All", "judge-name": "Ron Summers"}], "hackathon-number-of-judges": "4", "hackathon-eligibility": "\nBe a\u00a0", "hackathon-number-of-participants": "28", "hackathon-is-colocated": "True", "hackathon-has-ended": "True", "hackathon-number-of-judging-criteria": "4", "hackathon-requirements": "", "hackathon-rules": "\nBe respectful. Harassment and abuse are never tolerated.", "hackathon-prizes": [{"prize-content": "", "prize-title": "Women's Safety"}, {"prize-content": "", "prize-title": "Bridge the gap in STEM"}, {"prize-content": "", "prize-title": "The Future is Female"}, {"prize-content": "", "prize-title": "CUNY Resource-Communications Project"}], "hackathon-location-google-maps": "https://maps.google.com/?q=65-30 Kissena Blvd, Flushing, NY 11367, USA", "hackathon-url": "https://bqgirlhacks.devpost.com/", "hackathon-judging-criteria": [{"judging-criterion": ""}, {"judging-criterion": "Develop a supportive community for students by implementing both face to face and online interactions between students and faculty mentors. How an app could be developed to enable easy communication between students and mentors"}, {"judging-criterion": ""}, {"judging-criterion": ""}], "hackathon-location-address": "65-30 Kissena Blvd, Flushing, NY 11367, USA", "hackathon-description-header": "Create, collaborate and code with your sisters!", "hackathon-prizes-total": "$1,800", "hackathon-location-description": "Queens College - Dinning Hall", "hackathon-end-date": "2018-04-15", "has-projects": "True"}