{"hackathon-description-text": "\nCome out to Brooklyn and hack out of a 25,000 square foot warehouse! We want to encourage collaboration between students, artists, and developers and anybody else interested in learning and creating.", "hackathon-number-of-prizes": "8", "hackathon-id": "hackredhook", "hackathon-judges": [{"judge-role": "Pioneer Works", "judge-name": "BBQ Dave"}, {"judge-role": "Microsoft", "judge-name": "Stacey Mulcahy"}], "hackathon-number-of-judges": "2", "hackathon-eligibility": "\nIndividuals interested in building and expressing themselves through technology\n\u00a0", "hackathon-number-of-participants": "43", "hackathon-is-colocated": "True", "hackathon-has-ended": "True", "hackathon-number-of-judging-criteria": "3", "hackathon-requirements": "\nYou are free to create whatever you want. However, keep in mind the prize categories.\n\u00a0\n:\nCommunity Development\nRed Hook Transportation\nCoastal Awareness\nMost \"Awesome\" Hack", "hackathon-rules": "\n- You cannot work on your project before the day of the event\n- Give credit where credit is due\n- The decision of judges is final for determining prizes and awards\n- Please comply with all instructions from HackRedHook organizers\n\u00a0", "hackathon-prizes": [{"prize-content": "X-Box One", "prize-title": "Best Hack"}, {"prize-content": "", "prize-title": "Runner Up"}, {"prize-content": "Brooklyn Ice House Credits", "prize-title": "RHI Favorite"}, {"prize-content": "Red Hook Crit x Timbuk2 Especial Claro Messenger Bag", "prize-title": "Best Bike Hack"}, {"prize-content": "2 Tickets to the Brooklyn Nets Playoff Game on 4/25", "prize-title": "Best Use of Twilio API"}, {"prize-content": "Fort Defiance Credits", "prize-title": "Coastal Awareness"}, {"prize-content": "Good Fork Credits", "prize-title": "Funkiest Hack"}, {"prize-content": "The NY Theremin society is looking for someone to help them with some web design and Leap Motion Visualization! They are awarding the following:", "prize-title": "NY Theremin Society Hack"}], "hackathon-location-google-maps": "https://maps.google.com/?q=159 Pioneer Street, Brooklyn, NY 11231, USA", "hackathon-url": "https://hackredhook.devpost.com/", "hackathon-judging-criteria": [{"judging-criterion": ""}, {"judging-criterion": ""}, {"judging-criterion": ""}], "hackathon-location-address": "159 Pioneer Street, Brooklyn, NY 11231, USA", "hackathon-description-header": "Learn. Build Community. Create.", "hackathon-prizes-total": "$1,290", "hackathon-location-description": "", "hackathon-end-date": "2014-04-19", "has-projects": "True"}