{"hackathon-description-text": "\n\u00a0is scheduled for", "hackathon-number-of-prizes": "39", "hackathon-id": "pennappsxii", "hackathon-judges": [{"judge-role": "", "judge-name": "A Killer Judging Panel"}], "hackathon-number-of-judges": "1", "hackathon-eligibility": "\nIf you applied to PennApps\u00a0XII,\u00a0", "hackathon-number-of-participants": "925", "hackathon-is-colocated": "True", "hackathon-has-ended": "True", "hackathon-number-of-judging-criteria": "4", "hackathon-requirements": "\nMake your project, submit your hack to Devpost\u00a0and attend the PennApps expo\u00a0to show off what you built. You\u00a0", "hackathon-rules": "\nOnly teams comprised wholly of eligible participants that submit their hacks to this DevPost, and then go on to demo their hack at the PennApps expo can win prizes.\u00a0\n- YOU MUST BE AT PENNAPPS TO WORK ON A PROJECT FOR SUBMISSION\n- You cannot work on your project before the event begins\n- You cannot steal another team's source code\n- The decision of judges is final for determining prizes and awards\n- Please comply with all instructions from PennApps organizers", "hackathon-prizes": [{"prize-content": "Oculus Rift + Apple Watch Sport + Android Wear + XBOX One/PS4", "prize-title": "PennApps: Grand Prize \u2013 First Place"}, {"prize-content": "Oculus Rift + Apple Watch Sport/Android Wear/XBOX One/PS4 |", "prize-title": "PennApps: Main Prize \u2013 Second Place"}, {"prize-content": "Oculus Rift/Apple Watch Sport/Android Wear/XBOX One/PS4", "prize-title": "PennApps: Main Prize \u2013 Third Place"}, {"prize-content": "Hacks that have applications in wellness, medicine and healthcare.", "prize-title": "PennApps: Best Health Hack"}, {"prize-content": "Jawbone Activity Trackers for each team member", "prize-title": "PennApps: Best Use of Health Dataset or Health Device"}, {"prize-content": "Hacks that are primarily based on physical, electronic and other non-software building blocks", "prize-title": "PennApps: Best Hardware Hack"}, {"prize-content": "Hacks that are either educational in nature, or have applications in an educational environment. Prize: iPad Minis for each team member", "prize-title": "PennApps Route | Best Education Technology Hack"}, {"prize-content": "Hacks where the main focus is on Virtual/Augmented Reality.", "prize-title": "PennApps Route | Best VR/AR Hack"}, {"prize-content": "Hacks with a primary goal geared towards social impact, or focus on a local community. Prize: 8 tickets up for grabs to the October 1st Phillies Game in the Mayor\u2019s box | courtesy City of Philadelphia; or iPad Mini for each team member.", "prize-title": "PennApps Route | Best Social/Local Impact &amp; Government Hack"}, {"prize-content": "Hacks that have applications in sports, entertainment, and other large events.", "prize-title": "PennApps Route | Best Sports &amp; Entertainment Technology Hack"}, {"prize-content": "Hacks that give us the funnies. Prize: iPad Minis for each team member", "prize-title": "PennApps Route | Best Humor Hack"}, {"prize-content": "Hacks that are either tools for designing, or where the majority of the work is aesthetic or visual in nature.", "prize-title": "PennApps Route | Best Design Hack"}, {"prize-content": "Microsoft Surface Pro 3's for each team member", "prize-title": "#BestMicrosoftHack Prize"}, {"prize-content": "Apple Watch (42mm, regular) with White Sport Band for each team member", "prize-title": "Best Use of iOS or OS X"}, {"prize-content": "Samsung Galaxy S Tablet for each team member", "prize-title": "Best Use of Linode Services"}, {"prize-content": "Axon branded Bose or Beats headphones for each team member", "prize-title": "Best Public Safety Prize (Sponsored by TASER International | Axon)"}, {"prize-content": "1 bitcoin for each team member", "prize-title": "Best Use Of Plaid API"}, {"prize-content": "Beats headphones for each team member", "prize-title": "Best Use of EveryBlock API (Sponsored by Comcast)"}, {"prize-content": "Bose speakers for each team member", "prize-title": "Best Cloud Based Mobile App (Sponsored by Goldman Sachs)"}, {"prize-content": "$250 Amazon gift cards for each team member", "prize-title": "Best Use of Capital One API (Nessie)"}, {"prize-content": "$250 Visa gift card for each team member for best hack using our FHIR API (see open.epic.com)", "prize-title": "Hottest Health Hack (Sponsored by Epic)"}, {"prize-content": "1 terabyte hard drives to each team member", "prize-title": "Best use of Amazon Web Services"}, {"prize-content": "Best hack utilizing end-of-day stock price data (provided) for companies trading on the NYSE, AMEX and NASDAQ stock exchanges. A\u00a0data set will be provided that contains all active securities tickers with daily EOD stock price data for the last 20 years | Prize: $1000 pre-paid AMEX and Mastercards for the winning team", "prize-title": "Best Stock Price Data Hack (Sponsored by FINRA)"}, {"prize-content": "The data set describes investment advisers, the companies they are registered with and a set of public disclosures against them. Prize awarded for intelligent analysis, visualizations, or other cool uses of the data | Prize: $1000 pre-paid AMEX and Mastercards for the winning team", "prize-title": "Best Use of an IAPD SEC Dataset (Sponsored by FINRA)"}, {"prize-content": "Data Generator is a library for systematically producing large volumes of data. Using GetDataGen REST you can start data generation, check status of generation and get generated data| Prize: $1000 pre-paid AMEX and Mastercards for the winning team", "prize-title": "Best Use of GDG (Data Generator REST Services) API (Sponsored by FINRA)"}, {"prize-content": "$50 Amazon gift cards for each team member, team has a chance to win a trip to NYC to attend MongoDB World", "prize-title": "Best Use of MongoDB"}, {"prize-content": "100 tacos for the winning team", "prize-title": "\"We Can See Where You Were Going With This One\" Prize (Sponsored by Plaid)"}, {"prize-content": "The winning team will receive $500, loads of VFA swag, and automatic application advancement for the VFA fellowship!", "prize-title": "Best Social Innovation Hack: Building Something that Matters (Sponsored by Venture for America)"}, {"prize-content": "Dell Bluetooth speakers for each team member", "prize-title": "Best Domain Registered with Domain.com"}, {"prize-content": "Automatic entrance into the AlphaLab Hardware Accelerator, much swag, trophies", "prize-title": "Best AlphaLab Gear Hardware Hack"}, {"prize-content": "2 EA Games per team member, EA swag and merchandise (and trophies), opportunity to talk with the Office of the Chief Creative Officer about EA", "prize-title": "EA Pathfinders: Best of Show | Best Use of EA API"}, {"prize-content": "2 EA Games per team member, EA swag and merchandise (and trophies), opportunity to talk with the Office of the Chief Creative Officer about EA", "prize-title": "EA Pathfinders: Players' Choice Award | Best Hack with EA API according to players/hackers"}, {"prize-content": "AirBnB travel coupon, AirBnB backpack, AirBnB water bottle", "prize-title": "Best Hack for Scaling Human Connection (Sponsored by AirBnB)"}, {"prize-content": "4G Selkbag", "prize-title": "Best Use of Twilio API"}, {"prize-content": "Raspberry Pi starter kit", "prize-title": "Most Innovative Embedded Application (Sponsored by L3 Communications)"}, {"prize-content": "$250 cash prize", "prize-title": "Best Use of the Uber API"}, {"prize-content": "Caseta Smart Bridge Starter Kit", "prize-title": "Best Internet of Things Hack (Sponsored by Lutron Electronics)"}, {"prize-content": "Parrot mini-drone for the winning team", "prize-title": "Best Use of IBM Bluemix"}, {"prize-content": "Electric Imp dev kit and a SparkFun multimeter for each team member", "prize-title": "Most Innovative Electric Imp Project"}], "hackathon-location-google-maps": "https://maps.google.com/?q=3601 South Broad Street, Philadelphia, PA 19148, USA", "hackathon-url": "https://pennappsxii.devpost.com/", "hackathon-judging-criteria": [{"judging-criterion": "Is the hack technically interesting or difficult? Is it just some lipstick on an API, or were there real technical challenges to surmount? This is the most important criterion that your hack will be judged upon for the general prizes."}, {"judging-criterion": "Is the hack more than just another generic social/mobile/local app? Does it do something entirely novel, or at least take a fresh approach to an old problem?"}, {"judging-criterion": "Is the hack usable in its current state? Is the user experience smooth? Does everything appear to work? Is it well designed?"}, {"judging-criterion": "Is the hack practical? Is it something people would actually use? Does it fulfill a real need people have?"}], "hackathon-location-address": "3601 South Broad Street, Philadelphia, PA 19148, USA", "hackathon-description-header": "Let's Make History Together", "hackathon-prizes-total": "$63,650", "hackathon-location-description": "Wells Fargo Center", "hackathon-end-date": "2015-09-06", "has-projects": "True"}