{"hackathon-description-text": "\nis a 12-hour student-run high school hackathon hosted by", "hackathon-number-of-prizes": "3", "hackathon-id": "lancerhacks", "hackathon-judges": [{"judge-role": "Palo Alto Networks", "judge-name": "Prajakta Jagdale"}, {"judge-role": "Salesforce", "judge-name": "Chalenge Masekera"}, {"judge-role": "Unshackled Ventures", "judge-name": "Maria Salamanca"}, {"judge-role": "Palo Alto Networks", "judge-name": "Sonali Choudhary"}], "hackathon-number-of-judges": "4", "hackathon-eligibility": "\nParticipants (grades 8-12) compete in teams of up to 5 individuals. (Know that a maximum of four awards will be given to winning teams, so not every member may receive an award for teams of 5.)", "hackathon-number-of-participants": "39", "hackathon-is-colocated": "True", "hackathon-has-ended": "True", "hackathon-number-of-judging-criteria": "7", "hackathon-requirements": "", "hackathon-rules": "", "hackathon-prizes": [{"prize-content": "Fitbit Blaze + Palo Alto Networks company tour", "prize-title": "First Place"}, {"prize-content": "Amazon Echo", "prize-title": "Second Place"}, {"prize-content": "Amazon Fire TV", "prize-title": "Third Place"}], "hackathon-location-google-maps": "https://maps.google.com/?q=1885 Miramonte Ave, Mountain View, CA 94040, USA", "hackathon-url": "https://lancerhacks.devpost.com/", "hackathon-judging-criteria": [{"judging-criterion": ""}, {"judging-criterion": ""}, {"judging-criterion": ""}, {"judging-criterion": ""}, {"judging-criterion": ""}, {"judging-criterion": ""}, {"judging-criterion": ""}], "hackathon-location-address": "1885 Miramonte Ave, Mountain View, CA 94040, USA", "hackathon-description-header": "Saint Francis High School's First Inaugural Hackathon!", "hackathon-prizes-total": "$329", "hackathon-location-description": "Saint Francis High School", "hackathon-end-date": "2018-04-22", "has-projects": "True"}