{"hackathon-description-text": "\nEli Lilly, one of the world\u2019s largest pharmaceutical companies, invites designers and developers to re-imagine clinical trial information in a patient-centric way. As part of Lilly\u2019s", "hackathon-number-of-prizes": "6", "hackathon-id": "ctdesign", "hackathon-judges": [{"judge-role": "VP Oncology Business Unit, Eli Lilly", "judge-name": "Newt Crenshaw"}, {"judge-role": "CEO, Genetic Alliance", "judge-name": "Sharon Terry"}, {"judge-role": "Patient Advocate and Co-Founder,", "judge-name": "Jeri Burtchell"}, {"judge-role": "Patient Advocate", "judge-name": "Regina Holiday"}, {"judge-role": "Chairman, HICCup", "judge-name": "Esther Dyson"}, {"judge-role": "Co-founder - crowdSPRING", "judge-name": "Ross Kimbarovsky"}, {"judge-role": "Founder, Rebar Interactive", "judge-name": "Rahlyn Gossen"}, {"judge-role": "Senior Design Researcher and Project Lead, IDEO", "judge-name": "Annette Diefenthaler"}], "hackathon-number-of-judges": "8", "hackathon-eligibility": "\nIndividuals at least the age of majority in their jurisdiction of residence at the time of entry; Teams of eligible individuals; Organizations (up to 50 employees).\nOrganizations with over 50 employees may compete for the non-cash Large Organization Recognition Award.\n", "hackathon-number-of-participants": "229", "hackathon-is-colocated": "False", "hackathon-has-ended": "True", "hackathon-number-of-judging-criteria": "4", "hackathon-requirements": "\n\u00a0One or more image or browser viewable files that incorporate all required data fields found in the\nAll submitted designs must be made publicly available through the\nSubmissions should be designed in a way that is ultimately implementable\u00a0using HTML, CSS, and JavaScript. Submitting a working software applicaton of the design is optional for this competition, but\n", "hackathon-rules": "\nNO PURCHASE OR PAYMENT NECESSARY. A PURCHASE OR PAYMENT OF ANY KIND WILL NOT INCREASE YOUR CHANCES OF WINNING.\u00a0\u00a0\nThe Clinical Trial Visualization Redesign (the \u201cCompetition\u201d) is an initiative of Eli Lilly. The Competition challenges individuals, teams, and organizations (collectively \u201cContestants\u201d) to re-imagine clinical trial information in a patient-centric way.\nParticipation in the Competition constitutes Contestant\u2019s full and unconditional agreement to these Official Rules and that all decisions related to the Competition that are made pursuant to these Official Rules are final and binding. Winning a prize is contingent upon fulfilling all requirements specified in the Official Rules.\u00a0\n(the \u201cSponsor\u201d): Eli Lilly and Company, 307 East McCarty Street, Indianapolis, IN 46225.\n(the \u201cAdministrator\u201d): ChallengePost, Inc., 425 W. 13th Street, Suite #504, New York, NY 10014.\u00a0\nThe Sponsor is the entity responsible for the Competition. The Administrator manages and implements the Competition per the direction of the Sponsor.\u00a0\nSubmission Period: June 13, 2013 (10:00am Eastern Time) \u2013\u00a0October 2, 2013 (5:00pm Eastern Time)\nJudging Period: October 17, 2013 (10:00am Eastern Time) \u2013 October 30, 2013 (5:00pm Eastern Time)\nPublic Voting Period: October 17, 2013 (10:00am Eastern Time) \u2013 October 30, 2013 (5:00pm Eastern Time)\nWinners Announced: On or around November 14, 2013 (2:00pm Eastern Time)\u00a0\nA. The Competition is open only to:\u00a0\n(i) individuals who are at least the age of majority in their jurisdiction of residence as of the time of entry;\u00a0\n(ii) teams of eligible individuals where each team member meets the eligibility requirements for individual Contestants; and\u00a0\n(iii) corporations (including not-for-profit corporations and other nonprofit organizations), limited liability companies, partnerships, and other legal entities that, at the time of entry, have been duly organized or incorporated and validly exist, and (a) employ no more than fifty (50) people (\u201cOrganizations\u201d) or (b) employ more than fifty (50) people (\u201cLarge Organizations\u201d).\nLarge Organizations may compete only for the \u201cLarge Organization Recognition Award\u201d, and are not eligible to compete for the Best Overall Design Awards, Honorable Mention Awards, or Popular Choice Award.\nB. Contestants must own or have access at their own expense to a computer, an Internet connection, and any other electronic devices, documentation, software or other items that Contestants may deem necessary to create and enter their Submission (defined below in Section 5(B)(ii)).\u00a0\nC. Each team or Organization shall appoint one individual (the \u201cRepresentative\u201d) to represent and act, including entering a Submission, on behalf of said team, Organization, or Large Organization. The Representative must meet the eligibility requirements for an individual Contestant and must be duly authorized to submit on behalf of the team, Organization, or Large Organization. The Representative represents and warrants that: (i) he/she is duly authorized to act on behalf of the team, Organization, or Large Organization; and (ii) each member of the team (or in the case of Organization or Large Organization, each participating member) has read the Official Rules and agrees to abide by these Official Rules. The Representative will ensure that each participating member of the team, Organization, or Large Organization reads, agrees to, and complies with the Official Rules.\u00a0\nD. An individual may join more than one team, Organization, or Large Organization and an individual who is part of a team, Organization, or Large Organization may also enter the Competition on an individual basis.\u00a0\u00a0\nE. The following individuals, teams, Organizations, and Large Organizations are NOT eligible regardless of whether or not they meet the criteria set forth above:\u00a0 \u00a0\n(i) Individuals who are residents of, or Organizations or Large Organizations domiciled in, a country, state, province or territory where the laws of the United States or local law prohibits participating or receiving a prize in the Competition. This includes, but may not be limited to, individuals, who are residents of, and Organizations and Large Organizations that are domiciled in, Cuba, Sudan, Iran, North Korea, Syria, and other countries designated by the United States Treasury's Office of Foreign Assets Control.\n(ii) the Sponsor, the Administrator, and any advertising agency, contractor or other organization involved with the design, production, paid promotion, execution, or distribution of the Competition (collectively \u201cPromotion Entities\u201d); all employees, representatives and agents of such Promotion Entities; and all members of any such employee, representative or agent\u2019s immediate family or household;\u00a0\n(iii) any individual involved with the design, production, promotion, execution, or distribution of the Competition, and each member of any such individual\u2019s immediate family or household;\u00a0\n(iv) any company or individual that employs a Judge; and\n(v) any parent company, subsidiary, or other affiliate of any company described above.\u00a0\nF. For purposes hereof:\u00a0\n(i) the members of an individual\u2019s immediate family include such individual\u2019s spouse, children and step-children, parents and step-parents, and siblings and step-siblings; and\u00a0\n(ii) the members of an individual\u2019s household include any other person that shares the same residence as such individual for at least three (3) months out of the year.\nA. A Contestant\u2019s Submission must be received no later than October 2, 2013 at 5:00pm Eastern Time (the \u201cCompetition Submission Period\u201d). The Administrator\u2019s computer is the official time keeping device for this Competition.\u00a0\nB. Any Submission received after expiration of \u00a0the Competition Submission Period shall be disqualified.\u00a0\u00a0\nA. Registration\u00a0\n(i) Beginning on June 13, 2013 at 10:00am Eastern Time, visit CTDesign.ChallengePost.com (the \u201cCompetition Website\u201d) and click \u201cSign Up\u201d to create a ChallengePost account, or click \u201cLog In\u201d and log in with an existing ChallengePost account. There is no charge for creating a ChallengePost account.\u00a0\n(ii) After a Contestant signs up on the Competition Website a confirmation email will be sent to the email address provided by the Contestant. The Contestant should use the confirmation email to verify their email address.\n(iii)\u00a0 By clicking \u201cRegister\u201d on the Competition Website, a Contestant is: i) confirming they are eligible to participate; and ii) agree to the Competition Rules.\u00a0 Once registered, any important Competition updates will be emailed to the Contestant.\u00a0\u00a0A Contestant is responsible for periodically checking for, and opening, and reading any emails received.\n(iv) Contestants must visit the \n to get access to the \n document and the sample clinical trial content to incorporate in their designs.\n(v) In the event of a dispute pertaining to the identity of a Contestant, the email address used by the Contestant to enter the Competition shall determine such identity and the person or entity assigned to such address shall be deemed the Contestant. The Sponsor and Administrator shall not be responsible for resolving any dispute between individuals or entities as to the identity of the Contestant and, in the event of such a dispute, reserve the right to suspend or withdraw a prize.\nB. Submission\u00a0\n(i) Contestants must create a patient-centric design, which visualizes and incorporates clinical trial information (each a \u201cDesign\u201d). The Design must include each data field identified in the \n and must utilize information from the sample clinical trial documents provided on the \n. For the purpose of consistency, all Contestants are required to populate their Designs with content from the same sample clinical trial.\u00a0\n(ii) By entering a Submission in the Competition, a Contestant certifies that they have read and agree to the Official Rules. If the Contestant is a Representative, the Representative is also certifying that, in making the certification and agreement, it is also acting as the authorized agent for all participating members of their team, Organization, or Large Organization. During the Competition Submission Period, a Contestant must visit the submission form on the Competition Website and enter the following: \u00a0\na. the name of the Design;\nb. a text description of the Design;\nc. at least one Design image uploaded to the \u201cImages\u201d field on the \n page for display on the Submission gallery of the Competition Website (acceptable file formats include PNG, JPG, and non-animated GIF);\nd. a single ZIP file uploaded on the \u201cUpload a file\u201d field on the \n page, which must include all images uploaded in the \u201cImages\u201d field and may include additional Design images (acceptable file formats include PNG, JPG, non-animated GIF, TIFF, PSD, AI, PDF, and HTML);\ne. participating team members (if applicable);\nf. the submitter type (individual, team, Organization, or Large Organization);\ng. the Organization name, if the submitter is an Organization or Large Organization;\nh. the Contestant Representative\u2019s phone number;\u00a0\ni. Country of domicile for the Contestant Representative, or Organization or Large Organization if submitting on behalf of an organization; and\nj. agreement to release their Design to the public under the \n.\n(a-j above, are collectively a \u201cSubmission\u201d)\u00a0\n(iii) For sake of clarity, all parts of the Submission must be entered on the Competition Website and must be received by no later than 5:00pm Eastern Time on October 2, 2013. \u00a0\u00a0\n(iv) Prior to the end of the Competition Submission Period, a Contestant may save draft versions of their Submission before entering it on the Competition Website. Once the Competition Submission Period has expired, a Contestant may not make any change or alteration to the Submission. \u00a0A Contestant is solely responsible for confirming that their submission is complete and for making and storing copies of their Submission and any drafts thereof.\u00a0 The Sponsor and Administrator have no responsibility for confirming the accuracy or completeness of a Submission as received.\u00a0\n(v) The Sponsor and/or the Administrator, at their sole discretion, and upon written request of a Contestant, may permit a Contestant to modify part of the Submission after the Competition Submission Deadline for the purpose of removing material that potentially infringes a third party mark or right, discloses personally identifiable information, or is otherwise inappropriate. The modified Submission must remain substantively the same as the original Submission with the only modification being what is permitted by the Sponsor and/or Administrator. Any other modification may result in disqualification.\nA. Language Requirements\u00a0\nAll Submission materials must be in U.S. English.\u00a0\nB. Text Description and Images\n(i) The text description should describe the Design and how it makes clinical trial information more patient-centric.\n(ii) The image(s) must be photographs or screenshots of your Design. Acceptable file formats uploaded to the \u201cImages\u201d field on the \n page include PNG, JPG, and non-animated GIF.\nC. Design Requirements\nIn addition to the requirements described above in Section 5(B):\u00a0\n(i) The Design must be made publicly available through the \n.\n(ii) Designs should be implementable\u00a0using HTML, CSS, and JavaScript. Submitting a working web or mobile application that incorporates the Design is optional, but not required.\n(iii) The Design must not include any third-party copyrighted material or trademarks. The only exception is if the Contestant has written permission to use such material. The Administrator may require the Contestant to provide a copy of such permission upon request.\u00a0\nD. General Requirements\u00a0\n(i) Submissions must not:\na. violate any law or regulation;\nb. depict hatred;\nc. be in bad taste;\nd. denigrate (or be derogatory towards) or threaten any person or group of persons including but not limited to \u00a0any race, ethnic group, culture, sex\u00a0 sexual orientation, or community;\ne. incite violence or be likely to incite violence;\nf. contain vulgar or obscene language or excessive violence;\ng. contain pornography, obscenity or sexual activity;\nh. disparage the Sponsor, Administrator, or Promotion Entities; or\u00a0\ni. \u00a0contain any other content which, in the sole judgment of the Sponsor or Administrator, is inappropriate.\n(ii) A Submission must not substantially duplicate a prior Submission already submitted in this Competition by any Contestant. \u00a0Sponsor and the Administrator, in their sole discretion will determine whether a Submission\u00a0 duplicates or is substantially similar to another Submission and, if it is, what, if any, action should be taken including but not limited to disqualification.\n(iii) A Submission must be free of malware. Contestant authorizes the Sponsor and the Administrator to conduct any test on the Submission to determine whether malware or other security threat may be present. A Submission found to contain any such threat may be disqualified.\u00a0\n(iv) A Contestant may submit more than one Submission. However, each Submission must be unique, as determined by Sponsor and/or the Administrator in their sole discretion. If a Contestant enters two or more Submissions that are substantially similar, the Sponsor and Administrator reserve the right to disqualify all such Submissions or to require the Contestant designate in writing which Submission to enter into the Competition.\n(v) A Submission\u2019s name, text description and images may not contain any information which identifies or could be used to identify a person, such as but not limited to the name or a person, email address, telephone number, address (street or box number), or social security number.\u00a0\n(vi) A Contestant may discuss and publicize its Submission, provided that any such discussion or publicity does not state or imply that its Submission is endorsed or approved by the Sponsor or the Administrator.\n(vii) Submissions must: (a) be the original work product of the Contestant; (b) be solely owned by Contestant and with no other person or entity having any right or interest in it; and (c) not violate the intellectual property rights or other rights including but not limited to copyright, trademark, patent, contract, and/or privacy rights, of any other person or entity.\n(viii) By entering a Submission, Contestant represents, warrants and agrees as follows:\na. The Submission (including, without limitation, the Design) is the original work of the Contestant and complies with the Official Rules.\u00a0\u00a0\nb. Any use of the Submission by the Sponsor, Administrator and/or Judges (or any of their respective partners, subsidiaries and affiliates) for purposes of the Competition, is authorized.\nc. The submission does not infringe upon, misappropriate or otherwise violate any person or entity\u2019s intellectual property rights or proprietary rights including, without limitation, copyright,\u00a0 patent, \u00a0statutory and common law trademark,\u00a0\u00a0 privacy or publicity right, or moral rights.\nA. Submissions must be submitted and released to the public under a \n.\nB. Submissions will include components that will be displayed publicly on the Competition Website and other media, with attribution to the Contestant (the \u201cPublic Submission\u201d) and components that will not be displayed publicly (the \u201cNon-Public Submission\u201d). The Public Submission includes the Submission name, text description, images, submitter type, Organization name (if applicable), file upload, and website URL (if entered). The Non-Public Submission includes and the Contestant Representative\u2019s phone number, country, and other personal information.\nC. By submitting a Submission, a Contestant is deemed to have thereby granted to the Sponsor, Administrator, Promotion Entities, and any other third parties acting on the Sponsor\u2019s behalf, a royalty-free, non-exclusive, worldwide perpetual license to display publicly and use for promotional purposes the Public Submission, in perpetuity. This license includes posting or linking to the Public Submission on Sponsor\u2019s and Administrator\u2019s websites and applications, including the Competition Website, Sponsor websites, and partner websites, and inclusion of the Submission in any other media, worldwide. The Non-Public Submission may be viewed by the Sponsor, Administrator, and Judges for purposes of the Competition, including but not limited to screening and evaluation purposes. The Sponsor and Administrator, and any third parties acting on their behalf will also have the right to publicize Contestant\u2019s name and, as applicable, the names of Contestant\u2019s team members, Organization, or Large Organization which participated in the Submission on the Competition Website for a period of three years following the conclusion of the Competition.\u00a0\nA. Eligible Submissions will be posted on the Competition Website on a rolling basis after being screened by the Administrator for completeness, adherence to the requirements of these Official Rules, integrity (i.e., security) and appropriateness of content. The Administrator has the right to require additional information to verify the eligibility of a Submission or Contestant. \u00a0Failure by a Contestant to respond or provide the additional information may result in disqualification of the Submission.\u00a0\u00a0\nB. Posting of a Submission to the Competition Website does not constitute a determination that the Submission meets requirements. \u00a0Accordingly, a Submission may be disqualified even after it has been publically displayed.\u00a0\nA. Eligible Submissions may initially be screened by an internal panel selected by the Sponsor at their sole discretion. The internal panel will judge these Submissions based on the criteria specified in these Official Rules to select those Submissions that will be submitted to a panel of impartial judges (the \u201cJudges\u201d). Finalist Submissions will then be judged by the expert judging panel determined by the Sponsor and identified on the Competition Website. The Sponsor and the Administrator reserve the right to substitute or modify the internal judging panel and the Judges.\nB. \u00a0A Contestant\u2019s likelihood of winning will depend primarily on the number and quality of all of the Submissions, as determined by the Judges using the criteria in these Official Rules. The currently scheduled dates for the judging panel are October 17, 2013 at 10:00am Eastern Time to October 30, 2013 at 5:00pm Eastern Time (the \u201cJudging Period\u201d).\u00a0\u00a0\nA. Criteria (equally weighted):\u00a0\n(i) \n (includes visual appeal, and whether the hierarchy and density of information is user-friendly and digestible)\n(ii) \n (includes whether the design highlights information valuable to patients and assists them in options for their next steps in health care)\n(iii) \n (includes the potential to implement the design as a mobile or web app)\n(iv) \n (Includes the extent to which the submission may enrich the clinical trial experience for patients, caregivers, and medical institutions)\nB. The six (6) Contestants whose Submissions earn the highest overall scores will become potential winners of the Prizes identified below in Section 14.\u00a0\u00a0\nC. Tie Breakers. In the event of a tie between two or more Submissions, the tied Submission with the highest score in the first criterion listed above shall be deemed the higher scoring Submission. In the event any ties remain, this process will be repeated by comparing the tied Submissions\u2019 scores on the second, third, and fourth criterion listed above, respectively. If two or more Submissions are tied on all four criteria, the panel of Judges, in its sole discretion, will vote on the tied submissions (the \u201cTie-Breaker Criteria\u201d).\nD. Large Organizations are not eligible to compete for the Best Overall Design \u2013 Grand Prize, Second Prize, Third Prize, and Honorable Mention.\nA. The public voting is scheduled to take place between October 17, 2013 at 10:00am Eastern Time, USA and October 30, 2013 at 5:00pm Eastern Time, USA (the \u201cVoting Period\u201d). Public voting will determine the potential winner of the Popular Choice Award. \u00a0Large Organizations are not eligible to compete for or win a Popular Choice Award.\u00a0 Public Voting is open to any person provided that each person is limited to one vote per Submission. The potential winner of the Popular Choice Award will be determined on the basis of the verified vote counts, as determined by the Sponsor or the Administrator. The Sponsor and the Administrator reserve the right to extend the Voting Period at any time for any reason.\nB. One (1) potential winner of the Popular Choice Award Prize (described in Section 14 below) will be selected based solely on the highest number of votes received from Registered Visitors on the Competition Website.\u00a0 If there is a tie between or among two or more Submissions for the Popular Choice Award, the higher scoring Submission will be determined by the Judges scores on the criteria described in Section 10(a) above.\nC. The likelihood of a Submission being selected to win a Popular Choice Award depends on the total number of verified votes received for the Submissions relative to other Contestants.\nD. Use of a manual or automated process or similar method, or multiple e-mail addresses, to submit more than one vote per submission is strictly prohibited. \u00a0Any attempt to circumvent the one-vote limit per person per submission is strictly prohibited and the use of a manual or automated vote processes to do so will subject all votes from the person or entity to disqualification. The Sponsor and/or the Administrator reserves the right to disqualify any Contestant at their sole discretion, if a Contestant receives multiple and/or irregular votes from the same user or users, or receives votes in a manner that otherwise may indicate manual, automated or other vote manipulation. If the voting process for the Popular Choice Award fails to operate properly or appears to be tampered with or tainted with errors, fraud or unfair practices, the Sponsor and/or the Administrator at their sole discretion reserve the right to determine the winner by using non-suspect votes, or by any other means the they deem appropriate.\u00a0 If no alternative means of determining a winner of the Popular Choice Award is available or otherwise selected, the Sponsor may terminate the Popular Choice Award without designating a winner. \u00a0\u00a0\nE.\u00a0 Contestants may not directly or indirectly offer or pay any monetary or other form of consideration \u00a0in exchange for a vote.\nA. Criteria (equally weighted):\u00a0\n(i) \n (includes visual appeal, and whether the hierarchy and density of information is user-friendly and digestible)\n(ii) \n (includes whether the design highlights information valuable to patients and assists them in options for their next steps in health care)\n(iii) \n (includes the potential to implement the design as a mobile or web app)\n(iv) \n (Includes the extent to which the submission may enrich the clinical trial experience for patients, caregivers, and medical institutions)\nB. One Large Organization Contestant whose Submission earns the highest overall score for the Large Organization Recognition Award will become potential winner of the non-cash Prize identified below in Section 14. In the event of a tie between or among two or more Submissions for the Large Organization Recognition Award, the winning Submission shall be determined by the Tie-Breaker Criteria described in Section 10c above.\nC. The likelihood of a Large Organization being selected to win the Large Organization Recognition Award depends on the number and quality of eligible Submissions made by Large Organizations.\nA. THE AWARD OF A PRIZE TO A POTENTIAL WINNER IS SUBJECT TO VERIFICATION OF THE IDENTITY, QUALIFICATIONS AND ROLE OF THE POTENTIAL WINNER IN THE CREATION OF THE SUBMISSION. The final decision to designate a winner and the verification of a potential winner\u2019s identity, qualifications and role, shall be determined in the sole discretion of the Sponsor and Administrator. A Contestant designated as a potential winner must cooperate with such verification process.\u00a0\nPotential winners will be notified using the email address associated with the ChallengePost account used to enter the Submission.\u00a0 The currently scheduled date for such notification is on or about November 14, 2013. \u00a0For sake of clarity, if a potential winner is a team, Organization, or Large Organization, the notification will only be sent to the Representative. \u00a0In order to receive a Prize, the potential winner will be required to sign and return to the Administrator, affidavit(s) of eligibility or a similar verification document and liability/publicity release(s) within ten (10) business days (If a potential winner is a team, Organization, or Large Organization, the Representative and all participating members must sign and return to the Administrator said affidavit(s) of eligibility or a similar verification document and liability/publicity release(s) within ten (10) business days).\nB. At the sole discretion of the Sponsor and Administrator, a potential winner will be deemed ineligible to win if:\u00a0\n(i) the\u00a0 potential winner (or in the case of a team, Organization, or Large Organization, their Representative) does not respond to an email within ten (10) business days, or responds and rejects the Prize;\u00a0\u00a0\n(ii) the potential winner (or in the case of a team, Organization, or Large Organization, their Representative or any participating member) fail(s) to sign and return the affidavit(s) of eligibility or a similar verification document and liability/publicity release(s) within ten (10) business days after such documents are sent;\u00a0 \u00a0\n(iii) the Prize or Prize notification is returned as undeliverable; or\u00a0\u00a0\n(iv) the Submission or the potential winner, or any member of a potential winner\u2019s team, Organization, or Large Organization, is disqualified for any other reason.\u00a0\nIn the event of a disqualification, Sponsor and Administrator at their sole discretion may award the applicable Prize to an alternate potential winner. The disqualification of one (or more) team members (or, in the case of Organizations or Large Organizations, any participating members) from further consideration in this Competition for any reason may result in the disqualification of the entire team, Organization, or Large Organization and of each participating member at the sole discretion of the Sponsor and/or Administrator.\n\u00a0\nA. No Prize substitutions will be made. Prizes must be accepted as awarded. No transfer or substitution of a Prize is permitted except at the Sponsor\u2019s and Administrator\u2019s sole discretion. A monetary Prize will be mailed to the winning Contestant\u2019s or, if a team or Organization is selected as a prize winner, the Representative\u2019s address within 45 days of receipt of the signed affidavit(s) of eligibility or a similar verification document and liability/publicity release(s) form(s). If a team or an Organization is selected as a Prize-winner, the associated Prize will be mailed to said team or Organization\u2019s Representative. The check for a monetary prize will be payable as determined by the Sponsor and Administrator. It will be the responsibility of the winning Contestant, team or Organization\u2019s Representative to allocate the Prize amongst its team or Organization members, as the Representative deems appropriate.\u00a0\nB. Winners (and in the case of team or Organization, all participating members) are responsible for reporting and paying all applicable taxes in their jurisdiction of residence (federal, state/provincial/territorial and local). It is the sole responsibility of Prize winners of US$600 or more to provide certain information to facilitate receipt of the award, including completing and submitting any tax forms when necessary and compliance with any applicable withholding and reporting requirements. Winners are also responsible for complying with foreign exchange and banking regulations in their respective jurisdictions and reporting the receipt of the Prize to relevant government departments/agencies, if necessary. Winners that are not resident or domiciled (for Organizations) in the United States should be aware that under United States tax laws, US withholding tax may apply to Prizes awarded. The Sponsor and Administrator reserve the right to withhold a portion of the prize amount to comply with the tax laws of the United States or those of a winner\u2019s jurisdiction.\nC. In the event a winner/potential winner\u2019s employer has a policy that prohibits the awarding of a Prize to an employee, and applies such policy to a Prize, the Prize will be forfeited and an alternate potential winner will be selected.\u00a0\nA. Each Contestant hereby acknowledges and agrees that the relationship between the Contestant and the Sponsor and the Administrator, is not a confidential, fiduciary, or other special relationship, and that the Contestant\u2019s decision to provide the Contestant\u2019s Submission to Sponsor and Administrator for the purposes of this Competition does not place the Sponsor, the Administrator, and their respective agents in a position that is any different from the position held by the members of the general public with regard to elements of the Contestant\u2019s Submission.\u00a0 \u00a0\nB. By entering, each Contestant (including, in the case of team, Organization, or Large Organization, all participating members) agree(s) to:\u00a0\n(i) be bound by and comply with these Official Rules and the decisions of the Sponsor, Administrator, and/or the Competition judges which are binding and final in all matters relating to this Competition; and\u00a0\u00a0\n(ii) release, indemnify, defend and hold harmless the Sponsor, Administrator, and their respective parent, subsidiary, and affiliated companies, the Prize suppliers and any other organizations responsible for sponsoring, fulfilling, administering, advertising or promoting the Competition, and all of their respective past and present officers, directors, employees, agents and representatives (hereafter the \u201cReleased Parties\u201d) from and against any and all claims, expenses, and liabilities (including reasonable attorneys\u2019 fees), including but not limited to negligence and damages of any kind to persons and property, defamation, slander, libel, violation of right of publicity, infringement of trademark, copyright or other intellectual property rights, property damage, or death or personal injury arising out of or relating to a Contestant\u2019s entry, creation of Submission or entry of a Submission, participation in the Competition, acceptance or use or misuse of the Prize (including any travel or activity related thereto) and/or the broadcast, transmission, performance, exploitation or use of Submission as authorized or licensed by these Official Rules.\u00a0\nC. Without limiting the foregoing, the Released Parties shall have no liability in connection with:\u00a0\n(i) any incorrect or inaccurate information, whether caused by the Sponsor or\u00a0Administrator\u2019s electronic or printing error, or by any of the equipment or programming associated with or utilized in the Competition;\u00a0\n(ii) technical failures of any kind, including, but not limited to malfunctions, interruptions, or disconnections in phone lines, internet connectivity or electronic transmission errors, or network hardware or software or failure of the Competition Website;\n(iii) unauthorized human intervention in any part of the entry process or the Competition;\u00a0\n(iv) technical or human error which may occur in the administration of the Competition or the processing of Submissions; or\u00a0\n(v) any injury or damage to persons or property which may be caused, directly or indirectly, in whole or in part, from the Contestant\u2019s participation in the Competition or receipt or use or misuse of any Prize.\nIf for any reason any Contestant\u2019s Submission is determined to have not been received or been erroneously deleted, lost, or otherwise destroyed or corrupted, the Contestant\u2019s sole remedy is to request the opportunity to resubmit its Submission. Such request must be made promptly after the Contestant knows or should have known there was a problem, and will be determined at the sole discretion of the Sponsor and the Administrator.\u00a0\nParticipation in the Competition constitutes a winner\u2019s consent to use by Sponsor, the Administrator, and their respective agents, of personal information about the winner, including but not limited to a winner\u2019s name, likeness, photograph, voice, opinions, comments and hometown and country, state, or city of residence, in any existing or newly created media, worldwide without further payment or consideration or right of review, unless prohibited by law. Authorized use includes advertising and promotional purposes.\u00a0 The duration of such consent is for a period of three years following the conclusion of the Competition. This consent applies to the Contestant, including, as applicable, all members of the team or Organization or Large Organization which participated in the winning Submission.\nA. Sponsor and Administrator reserve the right, in their sole discretion, to cancel, suspend and/or modify the Competition, or any part of it, in the event of a technical failure, fraud, or any other factor or event that was not anticipated or is not within their control.\nB.\u00a0 Sponsor and Administrator reserve the right in their sole discretion to disqualify any individual or Contestant it finds to be actually or presenting the appearance of tampering with the entry process or the operation of the Competition or to be acting in violation of these Official Rules or in a manner that is inappropriate, unsportsmanlike, not in the best interests of this Competition, or a violation of any applicable law or regulation.\u00a0\nC. Any actual or apparent attempt by any person to undermine the proper conduct of the Competition may be a violation of criminal and civil law.\u00a0 Should Sponsor or Administrator suspect that such an attempt has been made or is threatened, they reserve the right to take appropriate action including but not limited to requiring a Contestant to cooperate with an investigation and referral to criminal and civil law enforcement authorities.\nD. The Sponsor and/or the Administrator\u2019s failure to enforce any term of these Official Rules shall not constitute a waiver of that provision. The Sponsor and the Administrator are not responsible for incomplete, late, misdirected, damaged, lost, illegible, or incomprehensible Submissions or for address or email address changes of the Contestants. Proof of sending or submitting will not be deemed to be proof of receipt by Sponsor or Administrator. The Sponsor and the Administrator are not responsible for, nor are they required to count any vote which, in their sole judgment, is incomplete, late, misdirected, damaged, unlawful or illicit, including those secured through payment, votes achieved through automated means, as well as those lost for technical reasons, defective or otherwise in violation of these rules.\u00a0\nE. In the event of any discrepancy or inconsistency between the terms and conditions of the Official Rules and disclosures or other statements contained in any Competition materials, including but not limited to the Competition Submission form, Competition Website, advertising (including but not limited to television, print, radio or online ads), the terms and conditions of the Official Rules shall prevail.\u00a0\nF. The terms and conditions of the Official Rules are subject to change at any time, including the rights or obligations of the Contestant, the Sponsor, and the Administrator. The Sponsor and Administrator will post the terms and conditions of the amended Official Rules on the Competition Website. \u00a0To the fullest extent permitted by law, any amendment will become effective at the time specified in the posting of the amended Official Rules or, if no time is specified, the time of posting.\u00a0\nG. If at any time prior to the deadline, a Contestant or Prospective Contestant believes that any Official Rule is or may be unclear or ambiguous, they must submit a written request for clarification.\u00a0\u00a0\u00a0\nH. Excluding Submissions, all intellectual property related to this Competition, including but not limited to copyrighted material, trademarks, trade-names, logos, designs, promotional materials, web pages, source codes, drawings, illustrations, slogans and representations are owned or used under license by the Sponsor and/or the Administrator. All rights are reserved. Unauthorized copying or use of any copyrighted material or intellectual property without the express written consent of its owners is strictly prohibited.\u00a0Any use in a Submission of Sponsor or Administrator intellectual property shall be solely to the extent provided for in these Official Rules.\nI. Should any provision of these Official Rules be or become illegal or unenforceable in New York, or in any other jurisdiction whose laws or regulations may apply to a Contestant, such illegality or unenforceability shall leave the remainder of these Official Rules, including the Rule affected, to the fullest extent permitted by law, unaffected and valid. The illegal or unenforceable provision shall be replaced by a valid and enforceable provision that comes closest and best reflects the Sponsor\u2019s intention in a legal and enforceable manner with respect to the invalid or unenforceable provision.\nBy entering, all Contestants (including, in the case of a team, Organization, or Large Organization, all participating members) agree to be bound by the Official Rules and hereby release the Released Parties from any and all liability in connection with the Prizes or Contestant\u2019s participation in the Competition. Provided, however, that any liability limitation regarding gross negligence or intentional acts, or events of death or body injury shall not be applicable in jurisdictions where such limitation is not legal.\u00a0\nA. Contestants agree that, to the fullest extent permitted by law:\u00a0\n(i) any and all disputes, claims and causes of action arising out of or connected with this Competition, or any Prizes awarded, other than those concerning the administration of the Competition or the determination of winners, shall be resolved individually, without resort to any form of class action;\u00a0\n(ii) any and all disputes, claims and causes of action arising out of or connected with this Competition, or any Prizes awarded, shall be resolved exclusively by the United States District Court for the Southern District of New York or the appropriate New York State Court located within New York County, and Contestants consent to the exclusive jurisdiction and venue of such courts; and\u00a0\u00a0\n(iii) under no circumstances will Contestants be entitled to, and Contestants hereby waives all rights to claim, any punitive, incidental and consequential damages and any and all rights to have damages multiplied or otherwise increased.\nSOME JURISDICTIONS DO NOT ALLOW THE LIMITATIONS OR EXCLUSION OF LIABILITY FOR INCIDENTAL OR CONSEQUENTIAL DAMAGES, SO THE ABOVE MAY NOT APPLY TO YOU.\u00a0\nB. All issues and questions concerning the construction, validity, interpretation and enforceability of these Official Rules, or the rights and obligations of the Contestants, the Sponsor and the Administrator in connection with the Competition, shall be governed by, and construed in accordance with, the laws of the State of New York, without giving effect to any choice of law or conflict of law rules (whether of the State of New York or any other jurisdiction), which would cause the application of the laws of any jurisdiction other than the State of New York.\u00a0\nThe Administrator collects personal information from you when you enter the Competition. The information collected is subject to the privacy policy located here: \n.\u00a0\nFor Competition results, visit Competition Website on or about November 14, 2013.\nIf you have any questions or comment, or wish to send us any notice regarding this Competition, please email us at\u00a0\n.\u00a0", "hackathon-prizes": [{"prize-content": "", "prize-title": "Grand Prize"}, {"prize-content": "", "prize-title": "Second Prize"}, {"prize-content": "", "prize-title": "Third Prize"}, {"prize-content": "", "prize-title": "Honorable Mention"}, {"prize-content": "", "prize-title": "Popular Choice"}, {"prize-content": "Non-cash, recognition only", "prize-title": "Large Organization Recognition Award"}], "hackathon-location-google-maps": "", "hackathon-url": "https://ctdesign.devpost.com/", "hackathon-judging-criteria": [{"judging-criterion": "Includes visual appeal, and whether the hierarchy and density of information is user-friendly and digestible."}, {"judging-criterion": "Includes whether the design highlights information valuable to patients and assists them in options for their next steps in health care."}, {"judging-criterion": "Includes the potential to implement the design as a mobile or web app."}, {"judging-criterion": "Includes the extent to which the submission may enrich the clinical trial experience for patients, caregivers, and medical institutions."}], "hackathon-location-address": "", "hackathon-description-header": "Re-imagine clinical trial information in a patient-centric way.", "hackathon-prizes-total": "$75,000", "hackathon-location-description": "", "hackathon-end-date": "2014-03-21", "has-projects": "True"}