{"hackathon-description-text": "\nHackHolyoke is an inclusive 24 hour hackathon environment that encourages students to start and finish projects that fit within the judging categories. Submissions can be hardware-based, software-based, or both.", "hackathon-number-of-prizes": "10", "hackathon-id": "hackholyoke-2015", "hackathon-judges": [{"judge-role": "", "judge-name": "Kristen O'Brien"}, {"judge-role": "", "judge-name": "Steven Schmeisser"}, {"judge-role": "", "judge-name": "Sarah Como"}, {"judge-role": "", "judge-name": "Breeze Grigas"}, {"judge-role": "", "judge-name": "Maria Toyofuku"}, {"judge-role": "", "judge-name": "Jo Martin"}, {"judge-role": "", "judge-name": "Monique Blake"}, {"judge-role": "", "judge-name": "Jessica Hartog"}], "hackathon-number-of-judges": "8", "hackathon-eligibility": "\nYou must be an", "hackathon-number-of-participants": "60", "hackathon-is-colocated": "True", "hackathon-has-ended": "True", "hackathon-number-of-judging-criteria": "1", "hackathon-requirements": "", "hackathon-rules": "", "hackathon-prizes": [{"prize-content": "Dell Venue 10s", "prize-title": "1st Place"}, {"prize-content": "GoPro", "prize-title": "2nd Place"}, {"prize-content": "Poloroid cameras", "prize-title": "3rd Place Prize"}, {"prize-content": "Drones", "prize-title": "Most innovative"}, {"prize-content": "Water Resistant speakers", "prize-title": "Most Out of the Box"}, {"prize-content": "Pebble", "prize-title": "Best Wearable"}, {"prize-content": "", "prize-title": "Most Beneficial to Society"}, {"prize-content": "", "prize-title": "Most Artistic"}, {"prize-content": "Boogie Board", "prize-title": "Team with Newbies"}, {"prize-content": "Smart watches", "prize-title": "Google Carboard Hack"}], "hackathon-location-google-maps": "https://maps.google.com/?q=50 College St, South Hadley, MA 01075, USA", "hackathon-url": "https://hackholyoke-2015.devpost.com/", "hackathon-judging-criteria": [{"judging-criterion": "Creativity\nComplexity\nOriginality\nUsefulness"}], "hackathon-location-address": "50 College St, South Hadley, MA 01075, USA", "hackathon-description-header": "HackHolyoke is an inclusive 24 hour hackathon environment that encourages students to start and finish projects that fit within the judging categories.", "hackathon-prizes-total": "$2,936", "hackathon-location-description": "Mount Holyoke College - Chapin Auditorium", "hackathon-end-date": "2015-11-07", "has-projects": "True"}