{"hackathon-description-text": "\nThis weekend, HackUCI changes Orange County forever. This is 36 hours of intense learning and building concluding in an expo of awesome tech projects. Join us as we close the fall collegiate hackathon season in style!", "hackathon-number-of-prizes": "9", "hackathon-id": "hackuci2015", "hackathon-judges": [{"judge-role": "Sponsors", "judge-name": "Sponsors"}], "hackathon-number-of-judges": "1", "hackathon-eligibility": "", "hackathon-number-of-participants": "111", "hackathon-is-colocated": "True", "hackathon-has-ended": "False", "hackathon-number-of-judging-criteria": "1", "hackathon-requirements": "\nMake something you think is awesome!", "hackathon-rules": "\nEntry materials/data that have been tampered with or altered are void. No responsibility is assumed for: (i) lost, late, misdirected, damaged, garbled, incomplete or illegible Entries, all of which are void; (ii) error, omission, interruption, deletion, defect, delay in operations or transmission, theft or destruction or unauthorized access to or alterations of Entry materials, or for technical, network, telephone equipment, electronic, computer, hardware or software malfunctions of any kind, or inaccurate transmission of or failure to receive entry information by Sponsor on account of technical problems or traffic congestion on the Internet or at any web site or any combination thereof; or (iii) any injury or damage to entrant\u2019s or any other person\u2019s computer related to or resulting from participating in the Contest.\nUse of items including, but not limited to (i) soldering irons or other devices that can cause an open flame or fire and (ii) WiFi hotspots can result in the Team\u2019s disqualification from the Contest and ejection from the event.\n", "hackathon-prizes": [{"prize-content": "Dell Inspiron 15 Laptops", "prize-title": "Best use of Microsoft technology"}, {"prize-content": "GoPro's for each team member.", "prize-title": "Best Bluemix App"}, {"prize-content": "Oculus Rift DK2 (one for each team member, up to 4 members)", "prize-title": "Best VR Hack"}, {"prize-content": "Up to 5 Amazon Echoes", "prize-title": "The Supreme Shoutonian Award"}, {"prize-content": "Create an all in one monthly recurring membership (like a gym) application using the Square Connect API.", "prize-title": "eSports Arena Membership App Challenge"}, {"prize-content": "Create an esports event/tournament management and bracket application.", "prize-title": "eSports Arena Bracket App Challenge"}, {"prize-content": "Winners will receive a Cylance swag bag", "prize-title": "Cylance Prize"}, {"prize-content": "Winners will receive an IOT (Internet of Things) Pack", "prize-title": "Best Microsoft Internet of Things Hack"}, {"prize-content": "Unity Pro Licenses (one for each team member, up to 5 members)", "prize-title": "Best Unity Hack"}], "hackathon-location-google-maps": "https://maps.google.com/?q=120 W 5th St, Santa Ana, CA 92701, USA", "hackathon-url": "https://hackuci2015.devpost.com/", "hackathon-judging-criteria": [{"judging-criterion": ""}], "hackathon-location-address": "120 W 5th St, Santa Ana, CA 92701, USA", "hackathon-description-header": "Build Create Innovate", "hackathon-prizes-total": "$32,500", "hackathon-location-description": "eSports Arena", "hackathon-end-date": "", "has-projects": "False"}