{"hackathon-description-text": "\nCreate a Mobile application using the FamilySearch JavaScript SDK mobile features. Read person data, discussions, change history and/or sources.", "hackathon-number-of-prizes": "1", "hackathon-id": "fsdc", "hackathon-judges": [{"judge-role": "The winners will be selected using popular choice voting!", "judge-name": "Everyone!"}], "hackathon-number-of-judges": "1", "hackathon-eligibility": "\nFamilySearch Developer Network Member.\nYou can join at: \u00a0", "hackathon-number-of-participants": "9", "hackathon-is-colocated": "True", "hackathon-has-ended": "False", "hackathon-number-of-judging-criteria": "1", "hackathon-requirements": "\nThe team can provide a powerpoint, URL, or an executable demo.", "hackathon-rules": "\ntbd", "hackathon-prizes": [{"prize-content": "", "prize-title": "TBC"}], "hackathon-location-google-maps": "https://maps.google.com/?q=Campus Drive, Provo, UT 84604, USA", "hackathon-url": "https://fsdc.devpost.com/", "hackathon-judging-criteria": [{"judging-criterion": ""}], "hackathon-location-address": "Campus Drive, Provo, UT 84604, USA", "hackathon-description-header": "FamilySearch Developers Conference Hack-a-thon", "hackathon-prizes-total": "0", "hackathon-location-description": "", "hackathon-end-date": "", "has-projects": "False"}