{"hackathon-description-text": "\nis a platform for developers featuring a suite of SDKs for iOS & Android designed to easily integrate \u201ccontextual awareness\" derived from sensors, local data on the phone, and cloud services, into smarter & more engaging applications.", "hackathon-number-of-prizes": "3", "hackathon-id": "trnqlcontext", "hackathon-judges": [{"judge-role": "trnql CEO", "judge-name": "Naz Idris"}, {"judge-role": "iOS Judge", "judge-name": "Jonathan Sahoo"}, {"judge-role": "Android Judge", "judge-name": "Dustin Howell"}], "hackathon-number-of-judges": "3", "hackathon-eligibility": "\nThis challenge is open to:", "hackathon-number-of-participants": "189", "hackathon-is-colocated": "False", "hackathon-has-ended": "True", "hackathon-number-of-judging-criteria": "4", "hackathon-requirements": "\n\u00a0", "hackathon-rules": "\nThis challenge is open to:\nApps will be judged on both the originality of the idea and implementation of the \n SDK. The app must be able to be loaded and launched to be deemed finished, working and eligible for entry.\n", "hackathon-prizes": [{"prize-content": "The winning app gets the following:", "prize-title": "Grand Prize"}, {"prize-content": "The winning app gets the following:", "prize-title": "2nd Prize"}, {"prize-content": "The winning app gets the following:", "prize-title": "3rd Prize"}], "hackathon-location-google-maps": "", "hackathon-url": "https://trnqlcontext.devpost.com/", "hackathon-judging-criteria": [{"judging-criterion": "We are really excited to see what you will build with trnql. As usually, we are anticipating really awesome ideas. Therefore, our judges will be carefully looking at the originality of your idea."}, {"judging-criterion": "We believe the trnql SDK will inspire you to solve some real problems, fix things and make the world better. Therefore, our judges will be scoring your app based on the scale of the problem that you are solving."}, {"judging-criterion": "The reason we built trnql is to help you implement complex apps in literally minutes. So our judges will be paying attention to implementation and score it on a scale of 5."}, {"judging-criterion": "We will have the trnql developer community look at your awesome ideas too and vote. The 3 most voted submissions will earn 10 points each."}], "hackathon-location-address": "", "hackathon-description-header": "Integrate the power of sensor data to build smarter apps", "hackathon-prizes-total": "$5,000", "hackathon-location-description": "", "hackathon-end-date": "2015-11-13", "has-projects": "True"}