{"hackathon-description-text": "\nTest\u00a0", "hackathon-number-of-prizes": "5", "hackathon-id": "orangebanana", "hackathon-judges": [{"judge-role": "", "judge-name": "Judge 1"}], "hackathon-number-of-judges": "1", "hackathon-eligibility": "", "hackathon-number-of-participants": "8", "hackathon-is-colocated": "False", "hackathon-has-ended": "False", "hackathon-number-of-judging-criteria": "1", "hackathon-requirements": "", "hackathon-rules": "\nPlease enter your submissions on time.", "hackathon-prizes": [{"prize-content": "", "prize-title": "Category 1"}, {"prize-content": "", "prize-title": "Category 2"}, {"prize-content": "", "prize-title": "Category3"}, {"prize-content": "", "prize-title": "Category 4"}, {"prize-content": "", "prize-title": "Category 5"}], "hackathon-location-google-maps": "", "hackathon-url": "https://orangebanana.devpost.com/", "hackathon-judging-criteria": [{"judging-criterion": ""}], "hackathon-location-address": "", "hackathon-description-header": "Testing for submissions", "hackathon-prizes-total": "0", "hackathon-location-description": "", "hackathon-end-date": "", "has-projects": "False"}