{"hackathon-description-text": "\n", "hackathon-number-of-prizes": "5", "hackathon-id": "arhacks", "hackathon-judges": [{"judge-role": "UC Berkeley", "judge-name": "Ikhlaq Sidhu"}, {"judge-role": "CEO Crowd AI", "judge-name": "Nicolas Borensztein"}, {"judge-role": "Director BHEP, UC Berkeley", "judge-name": "Rhonda Shrader"}, {"judge-role": "Emerging Technologies, Walmart", "judge-name": "Myron Burke"}, {"judge-role": "Investor, Playground", "judge-name": "Jade Lai"}], "hackathon-number-of-judges": "5", "hackathon-eligibility": "\nOnly Open to UC Berkeley Students or those that apply by the deadline!\nTarget Audience:\n100 Students, 30% MBAs, 70% Engineers and other departments\nGraduate students and undergraduate students, attendance by registration/application\n", "hackathon-number-of-participants": "44", "hackathon-is-colocated": "True", "hackathon-has-ended": "True", "hackathon-number-of-judging-criteria": "4", "hackathon-requirements": "\nSubmit Presentation and code by the end of the hackathon.\n\u00a0\nText rendering library\n\u00a0\n\u00a0\n\u00a0", "hackathon-rules": "\nAll code and presentation work must be done at the hackathon. Only API and SDK setup may be done before the hackathon begins. Must accept Participant Agreement to get prize.", "hackathon-prizes": [{"prize-content": "Cash Value - First Prize", "prize-title": "Winning Prize"}, {"prize-content": "Best Hack will get these!", "prize-title": "Intel Recon Jets"}, {"prize-content": "The most innovative idea determined by Walmart will get this award for next semester.", "prize-title": "Walmart Innovation Fellowship"}, {"prize-content": "Cash Prize - Second Place", "prize-title": "Second Place Prize"}, {"prize-content": "Cash Prize - Third Place", "prize-title": "Third Place Prize"}], "hackathon-location-google-maps": "https://maps.google.com/?q=2227 Piedmont Ave, Berkeley, CA 94720, USA", "hackathon-url": "https://arhacks.devpost.com/", "hackathon-judging-criteria": [{"judging-criterion": "(Idea, technical execution, user experience, design)"}, {"judging-criterion": "(Value proposition & revenue model, go-to-market strategy, market potential,  team & needs, partners, validation through customer interviews)"}, {"judging-criterion": "(alignment between business model and prototype, iterations)"}, {"judging-criterion": "How well you can sell your idea!"}], "hackathon-location-address": "2227 Piedmont Ave, Berkeley, CA 94720, USA", "hackathon-description-header": "Work on cutting-edge AR hardware and APIs to hack novel solutions with a business model in mind.", "hackathon-prizes-total": "$11,200", "hackathon-location-description": "University of California, Berkeley - Haas Innovation Lab", "hackathon-end-date": "2016-12-03", "has-projects": "True"}