{"hackathon-description-text": "\n\u00a0", "hackathon-number-of-prizes": "13", "hackathon-id": "starthack2017", "hackathon-judges": [{"judge-role": "UnternehmerTUM", "judge-name": "Philip schneider"}, {"judge-role": "ETH Entrepreneurs Club", "judge-name": "Gregory Inauen"}, {"judge-role": "Institute for Information Management", "judge-name": "Jan Marco Leimeister"}, {"judge-role": "START Global", "judge-name": "David Gorgan"}, {"judge-role": "Swiss Start-Up Factory", "judge-name": "Oliver Walzer"}, {"judge-role": "Senior Principal Security Expert at Accenture", "judge-name": "Stefan Frei"}, {"judge-role": "Lugano Chapter Deputy for the Swiss Finance + Technology Association", "judge-name": "Claudio Bareato"}, {"judge-role": "Head of Digital Forensics Lab at SUPSI", "judge-name": "Alessandro Trivilini"}, {"judge-role": "Managing Partner FX Diversity AG", "judge-name": "Daniel Dettwiler"}, {"judge-role": "Product Management Nectar Financial AG", "judge-name": "Roger Darin"}, {"judge-role": "Director FDI Promotion Department of Economic Affairs St.Gallen", "judge-name": "Marc Uffer"}, {"judge-role": "Managing Director Technopark Winterthur", "judge-name": "Thomas Schumann"}, {"judge-role": "Manager at E&Y", "judge-name": "Andrea Ferrario"}, {"judge-role": "Partner at SCIP AG", "judge-name": "Stefan Friedli"}, {"judge-role": "Product Manager at Swisscom", "judge-name": "Thomas Gfeller"}, {"judge-role": "UnternehmerTUM", "judge-name": "Lucas Spreiter"}, {"judge-role": "UnternehmerTUM", "judge-name": "Moritz Kamiski"}, {"judge-role": "UnternehmerTUM", "judge-name": "Alexander Hoffmann"}], "hackathon-number-of-judges": "18", "hackathon-eligibility": "", "hackathon-number-of-participants": "149", "hackathon-is-colocated": "True", "hackathon-has-ended": "False", "hackathon-number-of-judging-criteria": "4", "hackathon-requirements": "", "hackathon-rules": "", "hackathon-prizes": [{"prize-content": "Philips Hue Starter set E27 for every team member", "prize-title": "1. Place"}, {"prize-content": "Google Chrome Cast", "prize-title": "2. Place"}, {"prize-content": "TBD", "prize-title": "3. Place"}, {"prize-content": "HTC vive", "prize-title": "Cognizant Case"}, {"prize-content": "1 Quadrocopter Parrot Bebop Drone for everyone in the winning team", "prize-title": "Z\u00fchlke Case"}, {"prize-content": "Travel Voucher", "prize-title": "SBB Case"}, {"prize-content": "Lego Mindstorms", "prize-title": "Swisscom Case"}, {"prize-content": "Trip to Volvo in Sweden and to Bosch's Innovation Lab", "prize-title": "Volvo Bosch Case"}, {"prize-content": "Travel Voucher", "prize-title": "Deutsche Bank Case"}, {"prize-content": "Logitech Keyboard, Mouse, Headset and Webcam for each team member", "prize-title": "Logitech Case"}, {"prize-content": "$50 of Domain Credit", "prize-title": "Best Domain Name from Domain.com"}, {"prize-content": "Use your tech skills for good and hack online harassment! Build a software solution that can help reduce the frequency and/or severity of online harassment. Members of the winning team receive Hack Harassment Battery Packs!", "prize-title": "#HackHarassment"}, {"prize-content": "$30 Amazon gift Card for each member of the Team.", "prize-title": "Amazon Services - Best Use of an Amazon Service"}], "hackathon-location-google-maps": "https://maps.google.com/?q=Dufourstrasse 50, 9000 St. Gallen, Switzerland", "hackathon-url": "https://starthack2017.devpost.com/", "hackathon-judging-criteria": [{"judging-criterion": "The Project must be complete, by which we mean function! If the code does not work you will be assigned 1 Point.\n\nIf the Code works perfectly fine, you will be awarded with 10 Points."}, {"judging-criterion": "Feel free to twist and combine the cases, or make something completely different.\n\nQuestions you should ask yourself: Did anybody before identify this problem? Was this problem already solved like this?"}, {"judging-criterion": "Can your Software be used intuitively? Are there practical applications."}, {"judging-criterion": "Show the Judge why your project is exceptional!"}], "hackathon-location-address": "Dufourstrasse 50, 9000 St. Gallen, Switzerland", "hackathon-description-header": "Be Where Innovation Happens", "hackathon-prizes-total": "$7,800", "hackathon-location-description": "University of St. Gallen", "hackathon-end-date": "", "has-projects": "False"}