{"hackathon-description-text": "\nGlobal App Initiative is hosting it's second ever Global Appathon! Come work on any app-realated project for the chance to win a prize, eat great food, and have an amazing time with friends! Our exclusive help bar will make sure that at every point of the challenge, you have a go to person to see and get help with all your technical or UI/UX questions.", "hackathon-number-of-prizes": "3", "hackathon-id": "2gaiappathon", "hackathon-judges": [{"judge-role": "National Director", "judge-name": "Patrick Crawford"}, {"judge-role": "Software Engineer GE", "judge-name": "Habib Khan"}, {"judge-role": "Software Manager GE", "judge-name": "Chris Baldwin"}, {"judge-role": "Software Manager GE", "judge-name": "Chandran Elumalai"}], "hackathon-number-of-judges": "4", "hackathon-eligibility": "", "hackathon-number-of-participants": "14", "hackathon-is-colocated": "True", "hackathon-has-ended": "True", "hackathon-number-of-judging-criteria": "4", "hackathon-requirements": "", "hackathon-rules": "\nFirst rule about appathon: don't talk about appathon (but please do). All previous work must be stated and documented via submissions to challenge post. All progress must be done during the course of the hackathon.", "hackathon-prizes": [{"prize-content": "A cool trophy.", "prize-title": "Best Overall App"}, {"prize-content": "Just as equally cool of a trophy.", "prize-title": "Best Improved App"}, {"prize-content": "A trophy that is equal in beauty to the other trophies ;)", "prize-title": "Best UX Design"}], "hackathon-location-google-maps": "https://maps.google.com/?q=Boston University, Boston University, 720 Commonwealth Avenue, Boston, MA 02215, USA", "hackathon-url": "https://2gaiappathon.devpost.com/", "hackathon-judging-criteria": [{"judging-criterion": "Best overall app developed at the hackathon."}, {"judging-criterion": "Old project that has been most improved over the course of the hackathon."}, {"judging-criterion": "Best app that was started from scratch at the hackathon."}, {"judging-criterion": "App with the best user interface and interactions."}], "hackathon-location-address": "Boston University, Boston University, 720 Commonwealth Avenue, Boston, MA 02215, USA", "hackathon-description-header": "Join the Global Appathon this Jan. 31st for a 12-hour app based hackathon!", "hackathon-prizes-total": "0", "hackathon-location-description": "", "hackathon-end-date": "2015-02-01", "has-projects": "True"}