{"hackathon-description-text": "\nAt its core, CrimsonHacks is about bringing hackers from all over the south for a weekend of innovation. For 24 hours, 200 students from around the southeast will come together in Tuscaloosa at The University of Alabama for a weekend of innovation, free food, and of course, free swag.\u00a0", "hackathon-number-of-prizes": "10", "hackathon-id": "crimsonhacks2018", "hackathon-judges": [{"judge-role": "Director of STEM Path to the MBA at The University of Alabama", "judge-name": "Rob Morgan"}, {"judge-role": "Brewery Buddy", "judge-name": "Josh Sahib"}, {"judge-role": "Associate Professor of Computer Science at The University of Alabama", "judge-name": "John Lusth"}, {"judge-role": "Pariveda Solutions", "judge-name": "Matt Loft & Cruise Hall"}], "hackathon-number-of-judges": "4", "hackathon-eligibility": "\nIn order to be eligible for the event and for prizes:", "hackathon-number-of-participants": "76", "hackathon-is-colocated": "True", "hackathon-has-ended": "True", "hackathon-number-of-judging-criteria": "4", "hackathon-requirements": "", "hackathon-rules": "\nTo be eligible for prizes, submissions must be new projects created on or after April 14, 2018. That is, participants may not submit projects that have prior written code.\nTo be eligible for the Best Rookie Hack category, all team members of that project must be first-time hackathon attendees.\nAll participants, sponsors, organizers, and attendees\u00a0must abide by the\u00a0\n.", "hackathon-prizes": [{"prize-content": "Mini 3D Printers", "prize-title": "First Place"}, {"prize-content": "Portable Monitor Tablets", "prize-title": "Second Place"}, {"prize-content": "Amazon Dots", "prize-title": "Third Place"}, {"prize-content": "Hammocks", "prize-title": "Hacker Choice"}, {"prize-content": "Tiny Drones", "prize-title": "Rookie Hack"}, {"prize-content": "$100 AWS Credit", "prize-title": "Best Use of AWS"}, {"prize-content": "Amazon Dots", "prize-title": "Lockheed Martin - Best Data Visualization Tool*"}, {"prize-content": "Amazon Spots", "prize-title": "Pariveda - Best Project for Social Good"}, {"prize-content": "2 Music LED Strip Lights/person", "prize-title": "Best Presentation"}, {"prize-content": "Mystery pack", "prize-title": "Most Convenient Hack"}], "hackathon-location-google-maps": "https://maps.google.com/?q=751 Campus Dr W, Tuscaloosa, AL 35401, USA", "hackathon-url": "https://crimsonhacks2018.devpost.com/", "hackathon-judging-criteria": [{"judging-criterion": ""}, {"judging-criterion": ""}, {"judging-criterion": ""}, {"judging-criterion": ""}], "hackathon-location-address": "751 Campus Dr W, Tuscaloosa, AL 35401, USA", "hackathon-description-header": "Join us in Tuscaloosa, AL for our second annual hackathon!", "hackathon-prizes-total": "$3,270", "hackathon-location-description": "The University of Alabama - Ferguson Center", "hackathon-end-date": "2018-04-15", "has-projects": "True"}