{"hackathon-description-text": "\nWe truly believe that community is such an important part of what we do and we really wanted to try to put together an event that would allow developers from across the Islands to come together in venues within their own communities, but also participate together as a whole.", "hackathon-number-of-prizes": "1", "hackathon-id": "uber-devleague-hackathon", "hackathon-judges": [{"judge-role": "", "judge-name": "Russel Cheng"}, {"judge-role": "", "judge-name": "Alec Go"}, {"judge-role": "", "judge-name": "James Mishra"}, {"judge-role": "", "judge-name": "Ben Trevino"}, {"judge-role": "", "judge-name": "Kelli Borgonia"}, {"judge-role": "", "judge-name": "Todd Nacapuy"}], "hackathon-number-of-judges": "6", "hackathon-eligibility": "", "hackathon-number-of-participants": "30", "hackathon-is-colocated": "True", "hackathon-has-ended": "False", "hackathon-number-of-judging-criteria": "6", "hackathon-requirements": "", "hackathon-rules": "", "hackathon-prizes": [{"prize-content": "This prize will be drawn from a pool of all team members on teams that submit a working application by the deadline. This scholarship can be gifted to a single individual for them to use towards a future DevLeague cohort. Recipient must pass entry coding exam.", "prize-title": "$5K DevLeague Scholarship"}], "hackathon-location-google-maps": "https://maps.google.com/?q=307 Kamani St, Honolulu, HI 96813, USA", "hackathon-url": "https://uber-devleague-hackathon.devpost.com/", "hackathon-judging-criteria": [{"judging-criterion": "Developers will be graded on the following criteria: Design, Effective Use of the Uber API, Utility/ Impact, and Originality."}, {"judging-criterion": "Not every idea has to have an amazing architecture and UI, sometimes it's just a great idea from out of left field. Impress us."}, {"judging-criterion": "The Oh So Pretty Award is to be awarded to the application submission with the best design. One of those moments when you just say ahhhhh."}, {"judging-criterion": "This award goes to a promising young developer with a strong desire to learn. Know someone on your team you think is a great candidate. E-mail us at \n and tell us who they are and why they deserve the award."}, {"judging-criterion": "You know who this is. The one who just can't pull themselves away and puts everything they have into getting the project done on time for the team!"}, {"judging-criterion": "Do we really need an explanation for this one? Keep in mind, best dressed is a very relative thing."}], "hackathon-location-address": "307 Kamani St, Honolulu, HI 96813, USA", "hackathon-description-header": "One Weekend - Hawaii - Hacking - Together", "hackathon-prizes-total": "$5,000", "hackathon-location-description": "The Box Jelly, Oahu | Startup Suite 8, Big Island, MRTC, Maui | Anchor Cove Shopping Center, Kauai", "hackathon-end-date": "", "has-projects": "False"}