{"hackathon-description-text": "\nWelcome to Emory's\u00a04th Hackathon!", "hackathon-number-of-prizes": "4", "hackathon-id": "hackemory", "hackathon-judges": [{"judge-role": "My101", "judge-name": "Ladi Fatade"}, {"judge-role": "Goizueta Business School", "judge-name": "Benn Konsynski"}, {"judge-role": "Macy's", "judge-name": "TBA"}, {"judge-role": "HackEmory President", "judge-name": "Jake Mor"}, {"judge-role": "My101", "judge-name": "Jacob Little"}], "hackathon-number-of-judges": "5", "hackathon-eligibility": "\nTeams must consist of graduate and undergraduate college students only.\u00a0Participants\u00a0must have their\u00a0student ID.", "hackathon-number-of-participants": "39", "hackathon-is-colocated": "True", "hackathon-has-ended": "True", "hackathon-number-of-judging-criteria": "5", "hackathon-requirements": "", "hackathon-rules": "\nTeams capped\u00a0at 4 people.\n\nAny inappropriate behavior undermining other contestants or the competition will result in disqualification from the event. We will not tolerate any discriminatory behavior.", "hackathon-prizes": [{"prize-content": "$500 in cash + Emotiv Insight", "prize-title": "1st Place"}, {"prize-content": "$250 in cash", "prize-title": "2nd Place"}, {"prize-content": "", "prize-title": "Macy's Internship"}, {"prize-content": "", "prize-title": "Honorable Mention"}], "hackathon-location-google-maps": "https://maps.google.com/?q=1300 Clifton Rd, Atlanta, GA 30322, USA", "hackathon-url": "https://hackemory.devpost.com/", "hackathon-judging-criteria": [{"judging-criterion": ""}, {"judging-criterion": ""}, {"judging-criterion": ""}, {"judging-criterion": ""}, {"judging-criterion": ""}], "hackathon-location-address": "1300 Clifton Rd, Atlanta, GA 30322, USA", "hackathon-description-header": "Emory's 4th Annual Hackathon", "hackathon-prizes-total": "$1,500", "hackathon-location-description": "Goizueta Business School", "hackathon-end-date": "2016-04-10", "has-projects": "True"}