{"hackathon-description-text": "\nKik Hackathon allows you to create a project to be proud of.\u00a0", "hackathon-number-of-prizes": "1", "hackathon-id": "kikhackathon", "hackathon-judges": [{"judge-role": "Communitech", "judge-name": "Samuel Legge"}, {"judge-role": "Kik", "judge-name": "Ted Livingtston"}, {"judge-role": "Velocity", "judge-name": "Wes Worsfold"}], "hackathon-number-of-judges": "3", "hackathon-eligibility": "", "hackathon-number-of-participants": "36", "hackathon-is-colocated": "True", "hackathon-has-ended": "False", "hackathon-number-of-judging-criteria": "1", "hackathon-requirements": "", "hackathon-rules": "\nMust submit by 9:30am", "hackathon-prizes": [{"prize-content": "", "prize-title": "Prizes will announced at the event"}], "hackathon-location-google-maps": "https://maps.google.com/?q=University of Waterloo, 200 University Avenue West, Waterloo, ON N2L 3G1, Canada", "hackathon-url": "https://kikhackathon.devpost.com/", "hackathon-judging-criteria": [{"judging-criterion": "Judges will look at pitches and decide who will move on."}], "hackathon-location-address": "University of Waterloo, 200 University Avenue West, Waterloo, ON N2L 3G1, Canada", "hackathon-description-header": "Kik Hackathon is a chance for University of Waterloo students to show off your talent", "hackathon-prizes-total": "0", "hackathon-location-description": "", "hackathon-end-date": "", "has-projects": "False"}