{"hackathon-description-text": "\nSo, you finally mastered JavaScript callbacks & prototypes & semicolons \u2014 what are you going to learn next?", "hackathon-number-of-prizes": "1", "hackathon-id": "levelup1", "hackathon-judges": [{"judge-role": "(the whole team!)", "judge-name": "Devpost"}], "hackathon-number-of-judges": "1", "hackathon-eligibility": "", "hackathon-number-of-participants": "58", "hackathon-is-colocated": "False", "hackathon-has-ended": "True", "hackathon-number-of-judging-criteria": "1", "hackathon-requirements": "", "hackathon-rules": "\nLevelUp is about learning, so there\u2019s only\u00a0a handful of rules:", "hackathon-prizes": [{"prize-content": "We'll feature our favorite hack in our weekly newsletter, video podcast, and to the entire hacker community.", "prize-title": "Favorite"}], "hackathon-location-google-maps": "", "hackathon-url": "https://levelup1.devpost.com/", "hackathon-judging-criteria": [{"judging-criterion": ""}], "hackathon-location-address": "", "hackathon-description-header": "Build a computer vision or augmented reality hack with tracking.js.", "hackathon-prizes-total": "0", "hackathon-location-description": "", "hackathon-end-date": "2015-09-11", "has-projects": "True"}