{"hackathon-description-text": "\nThe School\u2019s Out Hackathon (SoHacks) is a\u00a024 hour\u00a0coding event engineered to help students learn how to code. Students can make an app, website, or a piece of hardware with the help of experienced mentors, structured classes, and like-minded peers. This event is FREE, and\u00a0food\u00a0is provided.", "hackathon-number-of-prizes": "13", "hackathon-id": "sohacks4", "hackathon-judges": [{"judge-role": "Strategic Innovation Director at USAA", "judge-name": "Marina Gavito"}, {"judge-role": "Founder of the CyberDEF Dojo", "judge-name": "Omar Leonardo Quimbaya"}, {"judge-role": "CEO of CodeUp", "judge-name": "Kay Jones"}, {"judge-role": "WordPress Expert at iNNOV8 Place", "judge-name": "Stefanie Young"}, {"judge-role": "Operations and Community Manager at Tech Bloc", "judge-name": "Ashley Jones"}, {"judge-role": "Director Operations Excellence at USAA", "judge-name": "Brian Smith"}], "hackathon-number-of-judges": "6", "hackathon-eligibility": "", "hackathon-number-of-participants": "79", "hackathon-is-colocated": "True", "hackathon-has-ended": "True", "hackathon-number-of-judging-criteria": "4", "hackathon-requirements": "\nAs long as it's built at the hackathon and is technological, you're good to go (hopefully uses code)!", "hackathon-rules": "", "hackathon-prizes": [{"prize-content": "The top 3 hacks will be awarded SoHacks memorabilia", "prize-title": "TOP 3 BEST IOS HACK"}, {"prize-content": "The top 3 hacks will be awarded SoHacks memorabilia", "prize-title": "TOP 3 BEST ANDROID HACK"}, {"prize-content": "The top 3 hacks will be awarded SoHacks memorabilia", "prize-title": "TOP 3 BEST SOFTWARE HACK"}, {"prize-content": "The top 3 hacks will be awarded SoHacks memorabilia", "prize-title": "TOP 3 BEST HARDWARE HACK"}, {"prize-content": "The most innovative hack will be awarded a virtual reality head set.", "prize-title": "MOST INNOVATIVE HACK"}, {"prize-content": "The best CO ED team will be awarded Amazon Echo.", "prize-title": "BEST CO ED TEAM"}, {"prize-content": "$25 VISA gift card for each member of the team", "prize-title": "BEST CLOUD DATABASE HACK"}, {"prize-content": "SWAG bag and $25 gift card to Alamo Drafthouse for each member of the team", "prize-title": "CODEUP PRIZE (BEST WEB HACK)"}, {"prize-content": "The best beginner hack will be awarded Microbit.", "prize-title": "BEST BEGINNER HACK"}, {"prize-content": "The best intermediate hack will be awarded raspberry pi kit.", "prize-title": "BEST INTERMEDIATE HACK"}, {"prize-content": "Motion Leap Controller", "prize-title": "BEST ADVANCED HACK"}, {"prize-content": "The best educational hack will be awarded Bluetooth headphones.", "prize-title": "BEST EDUCATIONAL HACK"}, {"prize-content": "$50 gift card for each member of the team", "prize-title": "BEST WEBSITE CREATION FOR THE RUSSELL RUSH HAUNTED TOUR"}], "hackathon-location-google-maps": "https://maps.google.com/?q=1 Trinity Pl, San Antonio, TX 78212, USA", "hackathon-url": "https://sohacks4.devpost.com/", "hackathon-judging-criteria": [{"judging-criterion": "Taking a creative approach to an issue is perhaps one of the key ideas behind a hackathon. Projects should exhibit some degree of creativity in their final product."}, {"judging-criterion": "Projects should attempt to solve common problems in our society today. Solutions should be innovative and effective to earn full points in this category."}, {"judging-criterion": "A well-designed product tends to do well in today\u2019s marketplace, and so the hacks should show some element of good design in them. Whether it is flat or skeuomorphic, a design should be pleasing to the eye."}, {"judging-criterion": "Advanced technology is all around us. At hackathons, products should use as many tools as possible to make sure that the product is the best it can be."}], "hackathon-location-address": "1 Trinity Pl, San Antonio, TX 78212, USA", "hackathon-description-header": "A free hackathon for high school students", "hackathon-prizes-total": "0", "hackathon-location-description": "Trinity University", "hackathon-end-date": "2017-08-05", "has-projects": "True"}