{"hackathon-description-text": "\ngggeadfa", "hackathon-number-of-prizes": "1", "hackathon-id": "testanthonysymkowick-4515", "hackathon-judges": [{"judge-role": "", "judge-name": "bob the builder"}], "hackathon-number-of-judges": "1", "hackathon-eligibility": "", "hackathon-number-of-participants": "One", "hackathon-is-colocated": "False", "hackathon-has-ended": "True", "hackathon-number-of-judging-criteria": "4", "hackathon-requirements": "", "hackathon-rules": "\nasdfasdf", "hackathon-prizes": [{"prize-content": "", "prize-title": "cat"}], "hackathon-location-google-maps": "", "hackathon-url": "https://testanthonysymkowick-4515.devpost.com/", "hackathon-judging-criteria": [{"judging-criterion": "asdf"}, {"judging-criterion": "asdf"}, {"judging-criterion": ""}, {"judging-criterion": ""}], "hackathon-location-address": "", "hackathon-description-header": "this is a test", "hackathon-prizes-total": "$30", "hackathon-location-description": "", "hackathon-end-date": "2016-12-02", "has-projects": "True"}