{"hackathon-description-text": "\nA hackathon is an event that gathers programmers, computer information technologists, graphics designers, builders, and creative people with different abilities to \"hack\" and create a project in a limited amount of time.", "hackathon-number-of-prizes": "4", "hackathon-id": "hacktheozarks", "hackathon-judges": [{"judge-role": "Quality Assurance Developer / O'Reilly Auto Parts", "judge-name": "Jason Sartin"}, {"judge-role": "Software Engineer / Change Healthcare", "judge-name": "Mark Kaffenberger"}, {"judge-role": "Software Engineer / Change Healthcare", "judge-name": "Michael Ford"}], "hackathon-number-of-judges": "3", "hackathon-eligibility": "\nOnly students who are 16 years of age or older and currently enrolled at a high school, homeschool, college/university or have graduated within the past 12 months are eligible to attend.", "hackathon-number-of-participants": "13", "hackathon-is-colocated": "True", "hackathon-has-ended": "True", "hackathon-number-of-judging-criteria": "4", "hackathon-requirements": "\nSee the entry categories and criteria here:\u00a0", "hackathon-rules": "\nFull rules can be found on our website:\u00a0\nCode of conduct:\u00a0You can find the\u00a0\n.", "hackathon-prizes": [{"prize-content": "", "prize-title": "Best Hardware/IoT Entry"}, {"prize-content": "", "prize-title": "Best Native App (Mobile or Desktop) Entry"}, {"prize-content": "", "prize-title": "Best HTML5 Web Entry"}, {"prize-content": "", "prize-title": "Best use of an API Entry"}], "hackathon-location-google-maps": "https://maps.google.com/?q=1001 E Chestnut Expy, Springfield, MO 65802, USA", "hackathon-url": "https://hacktheozarks.devpost.com/", "hackathon-judging-criteria": [{"judging-criterion": "How technically impressive was the hack? Was the technical problem the team tackled difficult? Did it use a particularly clever technique or did it use many different components? Did the technology involved make you go \"Wow\"?"}, {"judging-criterion": "Did the team put thought into the user experience? How well designed is the interface? For a website, this might be about how beautiful the CSS or graphics are. For a hardware project, it might be more about how good the human-computer interaction is"}, {"judging-criterion": "Does the hack work? Did the team achieve everything they wanted?"}, {"judging-criterion": "Did the team stretch themselves? Did they try to learn something new? What kind of projects have they worked on before?"}], "hackathon-location-address": "1001 E Chestnut Expy, Springfield, MO 65802, USA", "hackathon-description-header": "A creative invention marathon! HackTheOzarks is designed to be a beginner-friendly hackathon for students.", "hackathon-prizes-total": "$400", "hackathon-location-description": "Ozarks Technical Community College", "hackathon-end-date": "2018-04-28", "has-projects": "True"}