{"hackathon-description-text": "\nStudentHack is an all-inclusive, free and fun programming event for students in Manchester. Turns out it is run by students too.", "hackathon-number-of-prizes": "8", "hackathon-id": "studenthackvi", "hackathon-judges": [{"judge-role": "WebApplications UK", "judge-name": "Craig Dean"}, {"judge-role": "Manchester Metropolitan University", "judge-name": "Darren Dancey"}, {"judge-role": "The University of Manchester", "judge-name": "Duncan Hull"}], "hackathon-number-of-judges": "3", "hackathon-eligibility": "\nReaching the moon is available for everybody that is 18+.\u00a0", "hackathon-number-of-participants": "93", "hackathon-is-colocated": "True", "hackathon-has-ended": "True", "hackathon-number-of-judging-criteria": "4", "hackathon-requirements": "", "hackathon-rules": "\nBy netering this hackathon you agree to adhere to our Code of Conduct: https://www.studenthack.com/codeofconduct", "hackathon-prizes": [{"prize-content": "Hacker beanie, certificate and a special StudentHack trophy for each team member", "prize-title": "1st Prize"}, {"prize-content": "Hacker beanie, certificate and a special StudentHack trophy for each team member", "prize-title": "2nd Prize"}, {"prize-content": "Hacker beanie, certificate and a special StudentHack trophy for each team member", "prize-title": "3rd Prize"}, {"prize-content": "Nintendo super entertainment console system for each team member", "prize-title": "WebApplications UK Best in Show"}, {"prize-content": "Drone for each team member", "prize-title": "THG: Be creative in the Fitness World OR Make an offline page"}, {"prize-content": "Go and ask Bloomberg", "prize-title": "Bloomberg\u2019s Best in the Show Choice"}, {"prize-content": "Star Wars waffle maker for each team member", "prize-title": "Best Use of Twillio API"}, {"prize-content": "Hacker beanie, certificate and a space book for each team member", "prize-title": "StudentHack Space Hack Challange"}], "hackathon-location-google-maps": "https://maps.google.com/?q=Manchester M15 6BH, UK", "hackathon-url": "https://studenthackvi.devpost.com/", "hackathon-judging-criteria": [{"judging-criterion": ""}, {"judging-criterion": ""}, {"judging-criterion": ""}, {"judging-criterion": ""}], "hackathon-location-address": "Manchester M15 6BH, UK", "hackathon-description-header": "The original student hackathon that will take you into the space", "hackathon-prizes-total": "0", "hackathon-location-description": "Manchester Metropolitan University Business School", "hackathon-end-date": "2018-04-29", "has-projects": "True"}