{"hackathon-description-text": "\nPrepare for a weekend filled with learning new technologies, pushing your limits, and making new friends. Students from all 4 UH universities are teaming up to create the University of Houston System's first major hackathon.", "hackathon-number-of-prizes": "5", "hackathon-id": "codered", "hackathon-judges": [{"judge-role": "Coursality", "judge-name": "Aaron Dancer"}, {"judge-role": "The Other Guys", "judge-name": "Fabian Buentello"}, {"judge-role": "Ascriptedlaugh", "judge-name": "Faysal Sharif"}], "hackathon-number-of-judges": "3", "hackathon-eligibility": "", "hackathon-number-of-participants": "83", "hackathon-is-colocated": "True", "hackathon-has-ended": "True", "hackathon-number-of-judging-criteria": "5", "hackathon-requirements": "", "hackathon-rules": "\nAll participants and attendees must abide by the\u00a0\n\u00a0\nEverything must be made during CodeRED, any resources used in hacks must be legally licensed\u00a0and freely available to the public.\u00a0", "hackathon-prizes": [{"prize-content": "$75 Amazon Gift Cards", "prize-title": "1st Place"}, {"prize-content": "Roku Streaming Sticks", "prize-title": "2nd Place"}, {"prize-content": "Chromecasts", "prize-title": "3rd Place"}, {"prize-content": "Dell Venue 8 Pro Tablets", "prize-title": "Best use of Azure"}, {"prize-content": "Portable Hard Drives", "prize-title": "Best use of AWS"}], "hackathon-location-google-maps": "https://maps.google.com/?q=University of Houston, 4800 Calhoun Road, Houston, TX 77004, USA", "hackathon-url": "https://codered.devpost.com/", "hackathon-judging-criteria": [{"judging-criterion": ""}, {"judging-criterion": ""}, {"judging-criterion": ""}, {"judging-criterion": ""}, {"judging-criterion": ""}], "hackathon-location-address": "University of Houston, 4800 Calhoun Road, Houston, TX 77004, USA", "hackathon-description-header": "Houston's premier hackathon", "hackathon-prizes-total": "0", "hackathon-location-description": "", "hackathon-end-date": "2015-04-04", "has-projects": "True"}