{"hackathon-description-text": "\nFrom one of the most iconic buildings in Toronto, the former", "hackathon-number-of-prizes": "4", "hackathon-id": "sportshack14", "hackathon-judges": [{"judge-role": "", "judge-name": "Bruce Croxon | Graham Churchill | Dr. Hossein Rahnama | James Gibbons"}], "hackathon-number-of-judges": "1", "hackathon-eligibility": "\nAnyone is invited to participate in this hackathon.\n\nIf you don't have a team, small teams can be formed on the first day of the hackathon. Teams with interdisciplinary skills are typically the most successful ones - a suggestion for a 'good' team mix is to have members with these skill sets:", "hackathon-number-of-participants": "83", "hackathon-is-colocated": "True", "hackathon-has-ended": "False", "hackathon-number-of-judging-criteria": "4", "hackathon-requirements": "\nTopic:\u00a0 Sports wearables\nThe following are technologies and wearables devices that will be available for use at the Hackathon.\nPlatforms: IBM Bluemix (\nDevices: (these devices will be available at the hackathon; you have the option to bring your own wearable device)", "hackathon-rules": "", "hackathon-prizes": [{"prize-content": "One winning team will receive: $7500 in cash + wearable devices + hosting (cloud) + ongoing support and mentoring + the opportunity to present your solution at the We Are Wearables November meet-up + the opportunity to demo your app at the IBM booth at the SociaLIGHT conference (Nov 22)", "prize-title": "Grand Prize"}, {"prize-content": "One winning team will receive: $2500 in cash + wearable devices + hosting (cloud) + ongoing support and mentoring", "prize-title": "Runner-up Prize"}, {"prize-content": "One winning team will receive: $1000 in cash", "prize-title": "Second Runner-up Prize"}, {"prize-content": "Three teams will be awarded devices: (1) Raspberry Pis, (2) Hummingboards from SolidRun, (3) Freescale Kinetis Freedom boards with Bluetooth enabled sensor board.", "prize-title": "Other Prizes"}], "hackathon-location-google-maps": "https://maps.google.com/?q=50 Carlton Street, Toronto, ON M5B 1J2, Canada", "hackathon-url": "https://sportshack14.devpost.com/", "hackathon-judging-criteria": [{"judging-criterion": "Have you created something completely new/different?"}, {"judging-criterion": "How cool is this app?"}, {"judging-criterion": "Is this a fun widget or does it have business potential?"}, {"judging-criterion": "How functional was the tech in the demo/pitch?"}], "hackathon-location-address": "50 Carlton Street, Toronto, ON M5B 1J2, Canada", "hackathon-description-header": "Join this 3-day event, get inspired, and work with fellow hackers to create the next big thing in sports innovation!  Register at www.sportshackweekend.org.", "hackathon-prizes-total": "$15,000", "hackathon-location-description": "", "hackathon-end-date": "", "has-projects": "False"}