{"hackathon-description-text": "\nThe 5CHackathon is the official hackathon of the Claremont Colleges. Instead of making hackathons a competitive experience, we make ours one that emphasizes learning and having fun. Teams begin working on their project on Friday night and have until Saturday morning at 8am to finish. All final submissions must be made here, on ChallengePost, before the end of hacking. Videos are optional.", "hackathon-number-of-prizes": "9", "hackathon-id": "5chackathon2015s", "hackathon-judges": [{"judge-role": "", "judge-name": "Ryan Luo"}], "hackathon-number-of-judges": "1", "hackathon-eligibility": "\nIf you attended and hacked at the 5CHackathon, then you are eligible to make a submission.\u00a0", "hackathon-number-of-participants": "61", "hackathon-is-colocated": "True", "hackathon-has-ended": "True", "hackathon-number-of-judging-criteria": "3", "hackathon-requirements": "\nMake your product, submit your hack to ChallengePost and attend the\u00a05CHackathon final ceremony to show everyone what you built!", "hackathon-rules": "\nYou\u00a0\nparticipate in the Beginner division if\nYou\u00a0\nparticipate in the Advanced division if\nBe kind to others. Do not insult or put down other attendees. Behave professionally. Remember that harassment and racist, sexist, or exclusionary jokes or project content are not appropriate for this event and will not be tolerated.\nHarassment includes but is not limited to offensive verbal comments related to gender, sexual orientation, disability, physical appearance, race, or religion; sexual images in public spaces; deliberate intimidation; unwelcome photography or recording; inappropriate physical contact; and unwelcome sexual attention.\nWe welcome attendees from all backgrounds and skill levels - from \u201cnever been to hackathon before\u201d to seasoned developers. This event is about increasing innovation, partnership, and engagement in the technical community on campus.\nDo your best. Learn something new. Don't take it too seriously.\nAttendees violating these rules will be asked to leave the hackathon immediately at the discretion of the organizers. Thank you for helping make this a welcoming, safe space for all.", "hackathon-prizes": [{"prize-content": "Nintendo 3DS and a game of your choice", "prize-title": "Best Game"}, {"prize-content": "Wacom Bamboo tablet", "prize-title": "Best Design, 1st Place"}, {"prize-content": "Fitbit Charge", "prize-title": "Beginner, 2nd Place"}, {"prize-content": "GoPro Hero 3", "prize-title": "Intermediate, 1st Place"}, {"prize-content": "Kindle Paperwhite", "prize-title": "Intermediate, 2nd Place"}, {"prize-content": "Oculus Rift", "prize-title": "Advanced, 1st Place"}, {"prize-content": "Bowers & Wilkins P3 Headphones", "prize-title": "Advanced, 2nd Place"}, {"prize-content": "Roomba Create 2", "prize-title": "People's Choice"}, {"prize-content": "", "prize-title": "Best Use of Esri API"}], "hackathon-location-google-maps": "https://maps.google.com/?q=The Claremont Colleges, 170 East 6th Street, Claremont, CA 91711, USA", "hackathon-url": "https://5chackathon2015s.devpost.com/", "hackathon-judging-criteria": [{"judging-criterion": "Does the hack do something entirely novel, or at least take a fresh approach to an old problem?"}, {"judging-criterion": "How complicated was the hack? Did it require you to learn new technologies?"}, {"judging-criterion": "How well styled is the app?"}], "hackathon-location-address": "The Claremont Colleges, 170 East 6th Street, Claremont, CA 91711, USA", "hackathon-description-header": "The Hackathon of the Claremont Colleges", "hackathon-prizes-total": "$6,080", "hackathon-location-description": "", "hackathon-end-date": "2015-04-11", "has-projects": "True"}