{"hackathon-description-text": "\n\u00a0is scheduled for", "hackathon-number-of-prizes": "29", "hackathon-id": "pennapps-xiii", "hackathon-judges": [{"judge-role": "", "judge-name": "A Killer Judging Panel"}], "hackathon-number-of-judges": "1", "hackathon-eligibility": "\nIf you applied to PennApps\u00a0XII,\u00a0\n\u00a0", "hackathon-number-of-participants": "623", "hackathon-is-colocated": "True", "hackathon-has-ended": "True", "hackathon-number-of-judging-criteria": "4", "hackathon-requirements": "\nMake your project, submit your hack to Devpost\u00a0and attend the PennApps expo\u00a0to show off what you built. You\u00a0\n\u00a0", "hackathon-rules": "\nOnly teams comprised wholly of eligible participants that submit their hacks to this DevPost, and then go on to demo their hack at the PennApps expo can win prizes.\n\u00a0", "hackathon-prizes": [{"prize-content": "Oculus Rift + Apple Watch Sport/Android Wear + XBOX One/PS4", "prize-title": "PennApps XIII Grand Prize"}, {"prize-content": "Oculus Rift + Apple Watch Sport/Android Wear/XBOX One/PS4", "prize-title": "PennApps XIII Second Place Prize"}, {"prize-content": "Oculus Rift/Apple Watch Sport/Android Wear/XBOX One/PS4", "prize-title": "PennApps XIII Third Place Prize"}, {"prize-content": "For teams with Hacker Gurus! | iPad Minis for each member of the winning team", "prize-title": "PennApps XIII Best Guru-Led Team"}, {"prize-content": "Hacks that are primarily based on physical, electronic and other non-software building blocks | iPad Minis for each member of the winning team", "prize-title": "PennApps XIII Hardware Route Prize"}, {"prize-content": "Hacks that have applications in wellness, medicine and healthcare | iPad Minis for each member of the winning team", "prize-title": "PennApps XIII Health Route Prize"}, {"prize-content": "Hacks where the main focus is on Virtual/Augmented Reality | iPad Minis for each member of the winning team", "prize-title": "PennApps XIII VR/AR Route Prize"}, {"prize-content": "Hacks with a primary goal geared towards social impact, or focus on a local community | iPad Minis for each member of the winning team", "prize-title": "PennApps XIII Social Impact/Civic Hacking Route Prize"}, {"prize-content": "Hacks that display the best product design - functional, beautiful and a pleasure to use | iPad Minis for each member of the winning team", "prize-title": "PennApps XIII Design Route Prize"}, {"prize-content": "Hacks that give us the funnies | iPad Minis for each member of the winning team", "prize-title": "PennApps XIII Humor Route Prize"}, {"prize-content": "Apple Watches for each team member", "prize-title": "Best Use of Comcast Everyblock API"}, {"prize-content": "Teams must creating an engaging entertainment app for diabetes patients | Apple TVs for each member of the winning teams", "prize-title": "Best Use of Johnson and Johnson OTR API - Most Entertaining"}, {"prize-content": "Teams must create a creative predictive algorithm | Apple TVs for each member of the winning teams", "prize-title": "Best Use of Johnson and Johnson OTR API Warehouse Attributes - Most Creative"}, {"prize-content": "Apple TVs for each member of the winning teams", "prize-title": "Best App that Improves Diabetes Patients' Daily Lives, sponsored by Johnson and Johnson"}, {"prize-content": "Quadcopter drones with wifi camera for each team member", "prize-title": "Most Innovative Embedded Application, sponsored by L3 Communications"}, {"prize-content": "Samsung Galaxy Tab S2 for each winning team member", "prize-title": "Best Use of Linode Services"}, {"prize-content": "$1K and Two Sigma swag bags", "prize-title": "Best Use of Two Sigma Beaker API"}, {"prize-content": "$500 Amazon gift cards for each team member", "prize-title": "Best Use of Capital One Nessie API"}, {"prize-content": "Hubsan H107D X4 Mini RTF Quadcopter Drones with FPV Camera for each team member", "prize-title": "Best Use of the BlackRock Aladdin API"}, {"prize-content": "Hubsan H107D X4 Mini RTF Quadcopter Drones with FPV Camera for each team member", "prize-title": "Best Financial Hack, sponsored by BlackRock"}, {"prize-content": "Each team member will get a special Blackstone branded weekender bag with an electronics hardware starter pack we'll coordinate with you", "prize-title": "Blackstone Choice Prize"}, {"prize-content": "$1000 to the winning team", "prize-title": "Best Houndify API Hack - 1st Place, sponsored by SoundHound"}, {"prize-content": "$500 to the winning team", "prize-title": "Best Houndify API Hack - 2nd Place, sponsored by SoundHound"}, {"prize-content": "$100 in Bitcoin for each team member", "prize-title": "Best Use of Plaid API"}, {"prize-content": "$250 in Postmates credit for each team member", "prize-title": "Best On-Demand Hack, sponsored by Postmates"}, {"prize-content": "100 tacos for the winning team", "prize-title": "\"We Know Where You Were Going With This One\" Prize, sponsored by Plaid"}, {"prize-content": "Trophies, many a gift card.", "prize-title": "Best Houndify API Hack - 3rd Place [5 teams will win], sponsored by SoundHound"}, {"prize-content": "$50 Amazon Gift cards for each winning team member and an opportunity to win attendance to the MongoDB World Hackathon", "prize-title": "Best Use of MongoDB"}, {"prize-content": "$50 in 3D printing credit", "prize-title": "Best Use of Rapid Prototyping, sposnored by AddLab"}], "hackathon-location-google-maps": "https://maps.google.com/?q=220 S 33rd St, Philadelphia, PA 19104, USA", "hackathon-url": "https://pennapps-xiii.devpost.com/", "hackathon-judging-criteria": [{"judging-criterion": "Is the hack technically interesting or difficult? Is it just some lipstick on an API, or were there real technical challenges to surmount? This is the most important criterion that your hack will be judged upon for the general prizes."}, {"judging-criterion": "Is the hack more than just another generic social/mobile/local app? Does it do something entirely novel, or at least take a fresh approach to an old problem?"}, {"judging-criterion": "Is the hack usable in its current state? Is the user experience smooth? Does everything appear to work? Is it well designed?"}, {"judging-criterion": "Is the hack practical? Is it something people would actually use? Does it fulfill a real need people have?"}], "hackathon-location-address": "220 S 33rd St, Philadelphia, PA 19104, USA", "hackathon-description-header": "Learn, Build, Hack", "hackathon-prizes-total": "$52,000", "hackathon-location-description": "University of Pennsylvania - Towne Building", "hackathon-end-date": "2016-01-24", "has-projects": "True"}