{"hackathon-description-text": "\nFebruary brings us the second StrathHACK event, and the first in our new venue; the newly renovated Architecture Building within the University of Strathclyde, right in the heart of Glasgow City Center.\u00a0", "hackathon-number-of-prizes": "8", "hackathon-id": "strathhack16", "hackathon-judges": [{"judge-role": "", "judge-name": "Morgan Stanley"}, {"judge-role": "", "judge-name": "SkyScanner"}, {"judge-role": "", "judge-name": "Vuzii"}, {"judge-role": "", "judge-name": "JP Morgan"}, {"judge-role": "", "judge-name": "StrathTech Crew"}], "hackathon-number-of-judges": "5", "hackathon-eligibility": "\nParticipants must be over tha age of 18; Maximum team size is 5 persons", "hackathon-number-of-participants": "25", "hackathon-is-colocated": "True", "hackathon-has-ended": "False", "hackathon-number-of-judging-criteria": "1", "hackathon-requirements": "", "hackathon-rules": "\nAll attendees must comply with the MLH", "hackathon-prizes": [{"prize-content": "Awarded for best community spirit", "prize-title": "StrathTech MVP"}, {"prize-content": "Team prize provided by Morgan Stanley", "prize-title": "\"Do Something Cool\" from Morgan Stanley"}, {"prize-content": "Team prize provided by JP Morgan Chase", "prize-title": "JP Morgan Challange"}, {"prize-content": "Vuzii.com Team Challange", "prize-title": "Vuzii Challange"}, {"prize-content": "Team challenge from the folks at SkyScanner", "prize-title": "SkyScanner Challange"}, {"prize-content": "The best use of Amazon Web Services", "prize-title": "AWS Challenge"}, {"prize-content": "Best domain name used from domain.com as part of a project", "prize-title": "Domain.com Challenge"}, {"prize-content": "Best tool for developers.", "prize-title": "Github Challenge"}], "hackathon-location-google-maps": "https://maps.google.com/?q=Architecture Building, 131 Rottenrow, Glasgow, Glasgow City G4 0NG, UK", "hackathon-url": "https://strathhack16.devpost.com/", "hackathon-judging-criteria": [{"judging-criterion": "The challenge sponsors will give out the criteria on the day of the event"}], "hackathon-location-address": "Architecture Building, 131 Rottenrow, Glasgow, Glasgow City G4 0NG, UK", "hackathon-description-header": "Build something Awesome, Shape the future", "hackathon-prizes-total": "$1,923", "hackathon-location-description": "Architecture Building", "hackathon-end-date": "", "has-projects": "False"}