{"hackathon-description-text": "\nEvery day your smartphone collects TONS of data about you. Miles walked. Calories burned. Time spent reading Hacker News. We've got the technology, now harness that data and use it to make yourself better\u2026 faster\u2026 stronger!", "hackathon-number-of-prizes": "4", "hackathon-id": "sjbionic", "hackathon-judges": [{"judge-role": "Executive Director at Hacker Fund & Co-Founder at CTRL Collective", "judge-name": "Justin Brezhnev"}, {"judge-role": "CEO of BaseHealth", "judge-name": "Prakash Menon"}], "hackathon-number-of-judges": "2", "hackathon-eligibility": "", "hackathon-number-of-participants": "36", "hackathon-is-colocated": "False", "hackathon-has-ended": "True", "hackathon-number-of-judging-criteria": "3", "hackathon-requirements": "", "hackathon-rules": "\nNO PURCHASE OR PAYMENT NECESSARY. A PURCHASE OR PAYMENT OF ANY KIND WILL NOT INCREASE YOUR CHANCES OF WINNING.\u00a0\u00a0\nThe Bionic Hacker\u00a0(the \u201cHackathon\u201d)\nhttp://sjbionic.challengepost.com\u00a0(the \u201cHackathon Website\u201d)\n(the \u201cPoster\u201d): ChallengePost, Inc., 433 W. 14th Street, Suite #3F, New York, NY 10014.\nThe Poster is the sponsor and entity responsible for the Hackathon. Other \u201csponsors\u201d identified on the Hackathon Website are providing material or promotional support or prizes, and are not responsible for the administration of the Hackathon.\n\u00a0\nJuly 6th, 2015 (10:00am Eastern Time) \u2013 July 27th, 2015 (5:00pm Eastern Time) (the \u201cHackathon Submission Period\u201d)\nJuly 28th, 2015 (9:00am Eastern Time) \u2013 August 2nd, 2015 (5:00pm Eastern Time) (the \u201cJudging Period\u201d)\nOn or around August 11th, 2015 (10:00am Eastern Time)\u00a0\nThe Poster will be the official timekeeper for the Hackathon.\n\u00a0\n\n(the above are collectively, \u201cMakers\u201d)\nAn individual may join more than one team, and an individual who is part of a team may also enter the Hackathon on an individual basis.\u00a0\u00a0\nIf a team is entering the Hackathon, they must appoint and authorize one individual (the \u201cRepresentative\u201d) to represent, act, and enter a Submission, on their behalf. The Representative must meet the eligibility requirements above. By entering a Submission on the Site on behalf of a team, you represent and warrant that you are the Representative authorized to act on behalf of your team.\n\n*Agents include\u00a0individuals or teams that in creating a Submission to the Hackathon, are acting on behalf of, and at the direction of, a\u00a0Promotion Entity through a contractual or similar relationship.\n**The members of an individual\u2019s immediate family include the individual\u2019s spouse, children and stepchildren, parents and stepparents, and siblings and stepsiblings. The members of an individual\u2019s household include any other person that shares the same residence as the individual for at least three (3) months out of the year.\n\u00a0\nMakers must do the following to participate in the Hackathon:\n\nAll Submission materials must be in English or, if not in English, the Maker must provide an English translation of the demonstration video, text description, and testing instructions as well as all other materials submitted.\u00a0\n\n(i) \nMakers must create an application using personal quantification data.\n(ii) \nThe Application must be capable of being successfully installed and running consistently on the platform for which it is intended, and must function as depicted in the video and/or expressed in the text description.\n(iii) \nA submitted Application must run on at least one of the following:\n(iv) \nApplications must be either newly created by the Maker or, if the Application existed prior to the Hackathon Submission Period, must have modified after the start of the Hackathon Submission Period. Modifications made during the submission period should be explained in the application description.\n(v) \nThe Maker must make the Application available free of charge and without any restriction, for testing, evaluation and use by the Poster and judges during the Hackathon and until the Judging Period ends.\nIf the Application includes software that runs on proprietary or third party hardware that is not widely available to the public, including software running on devices or wearable technology other than smartphones, tablets, or desktop computers, the Poster reserves the right, at their sole discretion, to require the Maker to provide physical access to the Application hardware upon request. \u00a0\nFor Applications running on widely available smartphones, tablets, or desktop computers, Makers may make their Application available using one of the following methods:\u00a0\nUpload an .apk file on the Enter a Submission form or provide a link for downloading the Application in the \u201cTesting Instructions\u201d field on the Enter a Submission form.\n\nYou may send the Administrator a beta test via Crashalytics. Use the Administrator\u2019s testing email (\n) and UDID\u2019s to provision a build and send the Administrator a link via the \u201cShare Links\u201d button. Add the testing link to the Enter a Submission form under \u201ciOS Build Link\u201d.\u00a0 Beta by Crashalytics is a free service. Please review the \n.\n\nEnter the Administrator\u2019s email address to share a build for testing. The Administrator\u2019s TestFlight account email is: \n. Please note that if you add the Administrator as an \u201cExternal Tester\u201d your Application will need to go through \n before you can send your build. This could lead to delay and in order for your Submission to be eligible, you must send your test build before the end of the Hackathon Submission Period. To learn more about TestFlight via iTunes Connect, please review the \n and the \n.\nSend a testing link to the Administrator at: \n, and add the testing link on the Enter a Submission form under \u201ciOS Build Link\u201d. Please note that there is a \n.\nUpload an .xap file in the Enter a Submission form or provide a link for downloading your Application in the \u201cTesting Instructions\u201d field on the Enter a Submission form.\nUpload the appropriate installation files (.exe) on the Enter a Submission form or provide a link for downloading your .exe file in the \u201cTesting Instructions\u201d field on the Enter a Submission form.\nUpload the appropriate installation files on the Enter a Submission form or provide a link for downloading your installation file in the \u201cTesting Instructions\u201d field on the Enter a Submission form.\nUpload the appropriate installation files on the Enter a Submission form or provide a link for downloading your installation file in the \u201cTesting Instructions\u201d field on the Enter a Submission form.\nProvide a link for accessing your Application on the \u201cTesting Instructions\u201d field on the Enter a Submission form.\nUpload the appropriate installation files on the Enter a Submission form or provide a link for downloading your installation file in the \u201cTesting Instructions\u201d field on the Enter a Submission form.\n(vi) \nThe Maker may make the Application available to the public via a website or online store, but is not required to do so.\n(vii) \n A Maker may submit more than one Submission, however, each Submission must be unique, as determined by the Poster and/or the Administrator.\n(viii)\u00a0\nApplications may integrate SDKs, APIs and data, provided the Maker is authorized to use them.\u00a0\n(ix)\u00a0\nYour Submission must: (a) be your (or your team\u2019s) original work product; (b) be solely owned by you or your team with no other person or entity having any right or interest in it; and (c) not violate the intellectual property rights or other rights including but not limited to copyright, trademark, patent, contract, and/or privacy rights, of any other person or entity. A Maker may contract with a third party for technical assistance to create the Submission provided the Submission components are solely the Maker\u2019s work product and the result of the Maker\u2019s ideas and creativity, and the Maker owns all rights to them. A Maker may submit a Submission that includes the use of open source software or hardware, provided the Maker complies with applicable open source licenses and, as part of the Submission, creates software that enhances and builds upon the features and functionality included in the underlying open source product. By entering the Hackathon you represent, warrant, and agree that your Submission meets these requirements.\n(x)\u00a0\n\u00a0An Application\u00a0must not have been developed, or derived from an Application developed, with\u00a0financial or preferential support from\u00a0a Promotion Entity. Such\u00a0Applications include, but are not limited to, those that received funding or\u00a0investment for their development, were developed\u00a0under contract, or received a\u00a0commercial license, from a Promotion Entity any time prior\u00a0to the end of Hackathon Submission Period. The\u00a0Poster, at their sole\u00a0discretion, may disqualify an Application, if awarding a prize to the\u00a0Application would create a real or apparent conflict of interest.\u00a0\n\nThe text description should explain the features and functionality of your Application.\nThe image(s) should be photographs or screenshots of your working Application.\u00a0\nMakers may submit a video, but are not required to do so. If a Maker chooses to submit a video, the video:\na. should be less than five (5) minutes;\nb. should\u00a0include footage that clearly explains the Application\u2019s features and functionality through a comprehensive demonstration;\nc. must be uploaded to YouTube, Vimeo, or Youku, and a link to the video must be provided on the submission form on the Hackathon Website; and\u00a0\nd. must not include third party trademarks, or copyrighted music or other material unless the Maker has permission to use such material.\nSubject to the licenses described below, any applicable intellectual property rights to a Submission will remain with the Maker.\nBy entering the Hackathon, you grant to the Poster, and any other third parties acting on the Poster\u2019s behalf, a royalty-free, non-exclusive, worldwide perpetual license to display publicly and use for promotional purposes the Submission, in perpetuity. This license includes, but is not limited to, posting or linking to the Submission on Poster\u2019s and partners\u2019 websites and applications, including the Hackathon Website, and display and promotion of the Submission in any other media, worldwide.\nThe following Submission components may be displayed to the public: name, description, images, video URL, website, URL, team members, the Submission category and platform, and submitter type. Other Submission materials may be viewed by the Poster, Promotion Entities, and Judges for screening and evaluation.\nMakers represent and warrant that the Poster and Promotion Entities are free to use Makers\u2019 Submission in the manner described above, as provided or as modified by Poster, without obtaining permission or license from any third party and without any compensation to Makers.\n\u00a0\nEligible Submissions will be evaluated by a panel of judges selected by the Poster (the \u201cJudges\u201d). Judges may be employees of the Poster or external, may or may not be listed individually on the Hackathon Website, and may change before or during the Judging Period. Judging may take place in one or more rounds with one or more panels of Judges, at the discretion of the Poster.\nThe Judges will score eligible Submissions using the following criteria (the \u201cJudging Criteria\u201d):\n(i) \n (Includes creativity and originality);\n(ii) \n (Includes how well the idea was executed by the developer); and\n(iii) \n (Includes the potential impact on users).\nThe Judging Criteria above may not apply to every Prize. See section 7 below for the Judging Criteria that apply for each Prize. The Maker(s) that are eligible for a Prize, and whose Submissions earn the highest overall scores based on the applicable Judging Criteria, will become potential winners of that Prize.\nJUDGES are not required to test the Application and may choose to judge based solely on the text description, IMAGES and video provided in the Submission.\u00a0\nFor each Prize listed in Section 7 below, if two or more Submissions are tied, the tied Submission with the highest score in the first applicable criterion listed above will be considered the higher scoring Submission. In the event any ties remain, this process will be repeated, as needed, by comparing the tied Submissions\u2019 scores on the next applicable criterion. If two or more Submissions are tied on all applicable criteria, the panel of Judges will vote on the tied Submissions.\n\u00a0\n\nOnly Makers entering eligible Submission to this Hackathon are eligible for the following Prizes:\n(the \u201cHackathon Prizes\u201d)\nPlease review the ChallengePost Terms of Service at \n for voting rules.\u00a0\n\u00a0\nTHE AWARD OF A PRIZE TO A POTENTIAL WINNER IS SUBJECT TO VERIFICATION OF THE IDENTITY, QUALIFICATIONS AND ROLE OF THE POTENTIAL WINNER IN THE CREATION OF THE SUBMISSION. The final decision to designate a winner shall be made by the Poster.\nPotential winners will be notified using the email address associated with the ChallengePost account used to enter the Submission (the submitter is the \u201cRepresentative\u201d in the case of a team). In order to receive a Prize, the potential winner (including all participating team members in the case of a team) will be required to sign and return to the Poster affidavit(s) of eligibility (or a similar verification document) and liability/publicity release(s), and any applicable tax forms (\u201cRequired Forms\u201d).\nten (10) business days after the Required Forms are sent.\nThe Poster may deem a potential winner (or participating team members) ineligible to win if:\u00a0\n(i) the potential winner\u2019s Representative or any participating member does not respond to multiple emails or fails to sign and return the Required Forms by the deadline listed above, or responds and rejects the Prize;\u00a0\u00a0\n(ii) the Prize or Prize notification is returned as undeliverable; or\u00a0\u00a0\n(iii) the Submission or the potential winner, or any member of a potential winner\u2019s team, is disqualified for any other reason.\u00a0\nIn the event of a disqualification, the Poster may award the applicable Prize to an alternate potential winner.\n\u00a0\nThe Poster has the right to make a Prize substitution of equivalent or greater value. The Poster will not award a Prize if there are no eligible Submissions entered in the Hackathon, or if there are no eligible Makers or Submissions for a specific Prize.\nA monetary Prize will be mailed to the winning Maker\u2019s address (if an individual) or the Representative\u2019s address (if a team) after receipt of the Required Forms. Prizes will be payable to the Maker, if an individual, or to the Maker\u2019s Representative, if a team. It will be the responsibility of the winning Maker\u2019s Representative to allocate the Prize among their team\u2019s participating members, as the Representative deems appropriate.\u00a0\nWithin 45 days of the Poster\u2019s receipt of the Required Forms\nWinners (and in the case of team, all participating members) are responsible for any fees associated with receiving or using a prize, including but not limited to, wiring fees. Winners (and in the case of team, all participating members) are responsible for reporting and paying all applicable taxes in their jurisdiction of residence (federal, state/provincial/territorial and local). Winners may be required to provide certain information to facilitate receipt of the award, including completing and submitting any tax or other forms necessary for compliance with applicable withholding and reporting requirements. United States residents are required to provide a completed form W-9 and residents of other countries are required to provide a completed W-8BEN form. Winners are also responsible for complying with foreign exchange and banking regulations in their respective jurisdictions and reporting the receipt of the Prize to relevant government departments/agencies, if necessary. The Poster and/or Prize provider reserve the right to withhold a portion of the prize amount to comply with the tax laws of the United States or other Poster jurisdiction, or those of a winner\u2019s jurisdiction.\n\u00a0\nPlease review the ChallengePost Terms of Service at \n for additional rules that apply to your participation in the Hackathon and more generally your use of the Hackathon Website. Such Terms of Service are incorporated by reference into these Official Rules. If there is a conflict between the Terms of Service and these Official Rules, the latter terms shall control with respect to this Hackathon only.\nParticipation in the Hackathon constitutes Maker\u2019s full and unconditional agreement to these Official Rules. By entering, a Maker agrees that all decisions related to the Hackathon that are made pursuant to these Official Rules are final and binding, and that all such decisions are at the sole discretion of the Poster.\nThe Poster collects personal information from you when you enter the Hackathon. The information collected is subject to the privacy policy located here:\u00a0\n.\n\u00a0\nIf you have any questions or comment, or wish to send us any notice regarding this Hackathon, please email us at\u00a0\n.\u00a0", "hackathon-prizes": [{"prize-content": "Provided by", "prize-title": "BaseHealth Grand Prize"}, {"prize-content": "Provided by", "prize-title": "MLH Prize"}, {"prize-content": "Provided by ChallengePost: Servers are expensive 'mkay? Save some cash with 'all you can EaaS': 1 year of your favorite subscription entertainment service. Choose from Spotify, Rdio, Netflix, Hulu or HBO Now.", "prize-title": "All you can EaaS"}, {"prize-content": "Provided by", "prize-title": "Digital Ocean Credits - $100"}], "hackathon-location-google-maps": "", "hackathon-url": "https://sjbionic.devpost.com/", "hackathon-judging-criteria": [{"judging-criterion": "Includes creativity and originality"}, {"judging-criterion": "Includes how well the idea was executed by the developer"}, {"judging-criterion": "Includes the potential impact on users"}], "hackathon-location-address": "", "hackathon-description-header": "Take advantage of all the data your devices collect about you.", "hackathon-prizes-total": "0", "hackathon-location-description": "", "hackathon-end-date": "2015-07-25", "has-projects": "True"}