{"hackathon-description-text": "\nMakeMIT promotes innovation that is geared towards those who are excited and passionate about designing and building. Over 250 students will participate in an 15+ hour hardware hackathon on February 13, 2016. The top ten teams will be invited to come back for a second weekend in order to refine their design.", "hackathon-number-of-prizes": "4", "hackathon-id": "makemit2016", "hackathon-judges": [{"judge-role": "various sponsors!", "judge-name": "Sponsored judges"}], "hackathon-number-of-judges": "1", "hackathon-eligibility": "\nAll undergraduate students* are welcome. Though we aren't accepting graduate students as hackers, we would love to have graduate students as event volunteers! Contact us at\n", "hackathon-number-of-participants": "88", "hackathon-is-colocated": "True", "hackathon-has-ended": "True", "hackathon-number-of-judging-criteria": "3", "hackathon-requirements": "\nThe best hardware hack you can think of, with all the materials in the time frame you're given! See the 2015 winners\nAny additional rules will be announced at the hackathon!", "hackathon-rules": "\nAll teams and individuals should\u00a0register by 11:59PM EST on January 29, and the first round of the hackathon will take place on February 13. Those qualifying for the second round will\u00a0be invited back for the event on February 20.\nMore detailed rules, schedule and FAQ can be found on\u00a0\n.\nWe will abide by the usual \n, as well as all MIT rules and regulations. MakeMIT staff has the final say; that said, please help us make this event enjoyable for everyone!", "hackathon-prizes": [{"prize-content": "Finalists from the round 1 hackathon on February 13 who participated in round 2 on February 20!", "prize-title": "Top 10"}, {"prize-content": "", "prize-title": "3rd Place"}, {"prize-content": "", "prize-title": "2nd Place"}, {"prize-content": "", "prize-title": "1st Place"}], "hackathon-location-google-maps": "https://maps.google.com/?q=Stratton Student Center, 84 Massachusetts Ave, Cambridge, MA 02139, USA", "hackathon-url": "https://makemit2016.devpost.com/", "hackathon-judging-criteria": [{"judging-criterion": "- Wow, Awesomeness\n- Abnormal techniques\n- Creative use of limited re-\nsources\n- Novel or unique"}, {"judging-criterion": "- Problem-oriented\n- Relevant\n- Wide audience base\n- Useful or entertaining"}, {"judging-criterion": "- Impressive technical achievement\n- Robustness, Reliability, Works\n- Complexity"}], "hackathon-location-address": "Stratton Student Center, 84 Massachusetts Ave, Cambridge, MA 02139, USA", "hackathon-description-header": "We're the world's premier hardware hackathon.", "hackathon-prizes-total": "$5,250", "hackathon-location-description": "MIT Student Center", "hackathon-end-date": "2016-02-14", "has-projects": "True"}