{"hackathon-description-text": "\nThe activity from Friday morning until Saturday night nonstop, i.e. continuous programming for approximately 32 hours.", "hackathon-number-of-prizes": "7", "hackathon-id": "hackcoparmex", "hackathon-judges": [{"judge-role": "COPARMEX Morelos", "judge-name": "Samuel Rivera Muci\u00f1o"}, {"judge-role": "SEDESOL Morelos", "judge-name": "Lic. Jorge Meade"}, {"judge-role": "Banco de Alimentos Cuernavaca", "judge-name": "Elena Gonz\u00e1lez"}, {"judge-role": "CANIRAC Morelos", "judge-name": "Braulio Filoteo"}], "hackathon-number-of-judges": "4", "hackathon-eligibility": "", "hackathon-number-of-participants": "43", "hackathon-is-colocated": "True", "hackathon-has-ended": "True", "hackathon-number-of-judging-criteria": "4", "hackathon-requirements": "", "hackathon-rules": "", "hackathon-prizes": [{"prize-content": "- 1st Place Medals", "prize-title": "1st Place"}, {"prize-content": "- 2nd place medals", "prize-title": "2nd place"}, {"prize-content": "- 3rd place medals", "prize-title": "3rd place"}, {"prize-content": "Everything is part of the internet of things now - from your phone to your fitness band to your thermostat. Build a hack that utilizes private data being collected from your devices, and show how you can turn potential vulnerabilities into something constructive. Prize: Collector's Edition of Watch Dogs 2", "prize-title": "Watch Dogs\u00ae 2 Best Device Privacy Hack"}, {"prize-content": "1 TB Portable Hard Drive", "prize-title": "Best Use of Amazon Web Services"}, {"prize-content": "100% Scholarship for incubation in the Tecnol\u00f3gico de Monterrey Campus Cuernavaca incubator", "prize-title": "Special Prize"}, {"prize-content": "- Visit to Google Mexico Offices", "prize-title": "People Choice"}], "hackathon-location-google-maps": "https://maps.google.com/?q=Paseos del Sol 104, San Miguel de La Uni\u00f3n, Chiconcuac, Mor., Mexico", "hackathon-url": "https://hackcoparmex.devpost.com/", "hackathon-judging-criteria": [{"judging-criterion": "30%"}, {"judging-criterion": "15%"}, {"judging-criterion": "30%"}, {"judging-criterion": "25%"}], "hackathon-location-address": "Paseos del Sol 104, San Miguel de La Uni\u00f3n, Chiconcuac, Mor., Mexico", "hackathon-description-header": "Create apps and awesome developments that enhance and create technology, but especially learn new things", "hackathon-prizes-total": "$6,000", "hackathon-location-description": "Tecnol\u00f3gico de Monterrey Campus Cuernavaca - Parque de Innovaci\u00f3n y Emprendimiento", "hackathon-end-date": "2016-11-05", "has-projects": "True"}