{"hackathon-description-text": "\nHealthHackSTL 2018 is a health-focused hackathon for students and industry professionals of all backgrounds with a passion for tech, design, and innovation.", "hackathon-number-of-prizes": "6", "hackathon-id": "healthhackstl2018", "hackathon-judges": [{"judge-role": "", "judge-name": "TBA"}], "hackathon-number-of-judges": "1", "hackathon-eligibility": "\n*Individuals between 13 and 17 years of age must sign a parental consent waiver to participate.\u00a0", "hackathon-number-of-participants": "89", "hackathon-is-colocated": "True", "hackathon-has-ended": "True", "hackathon-number-of-judging-criteria": "5", "hackathon-requirements": "\nFinal project must be submitted via DevPost by 10am CST on Sunday, April 8, 2018.\u00a0", "hackathon-rules": "\n\n", "hackathon-prizes": [{"prize-content": "$5,000 in cash for the entire team.", "prize-title": "1st Place"}, {"prize-content": "$3,500 in cash for the entire team.", "prize-title": "2nd Place"}, {"prize-content": "$1,500 in cash for the entire team.", "prize-title": "3rd Place"}, {"prize-content": "SteelSeries Arctis Bluetooth All-Platform Gaming Headsets (1 per team member)", "prize-title": "Best Team, Sub-Challenge #1"}, {"prize-content": "Polaroid Cube+ 1440p Mini Lifestyle Action Cameras", "prize-title": "Best Team, Sub-Challenge #2"}, {"prize-content": "Sphero Battle-Worn Bb-8 Droid with Force Band", "prize-title": "Best Team, Sub-Challenge #3"}], "hackathon-location-google-maps": "https://maps.google.com/?q=4240 Duncan Ave, St. Louis, MO 63110, USA", "hackathon-url": "https://healthhackstl2018.devpost.com/", "hackathon-judging-criteria": [{"judging-criterion": ""}, {"judging-criterion": ""}, {"judging-criterion": ""}, {"judging-criterion": ""}, {"judging-criterion": ""}], "hackathon-location-address": "4240 Duncan Ave, St. Louis, MO 63110, USA", "hackathon-description-header": "HealthHackSTL is a health-focused hackathon for students and industry professionals of all backgrounds with a passion for tech, design, and innovation.", "hackathon-prizes-total": "$10,000", "hackathon-location-description": "@4240, Cortex Innovation District", "hackathon-end-date": "2018-04-07", "has-projects": "True"}