{"hackathon-description-text": "\nNo walls. No set hours. No limits. Citrix enables users to flexibly and securely work from anywhere. Empowering this freedom creates the unique challenge and great responsibility to continue to evolve the definition of a workplace.", "hackathon-number-of-prizes": "6", "hackathon-id": "citrixapps", "hackathon-judges": [{"judge-role": "Industry Blogger", "judge-name": "Brian Madden"}, {"judge-role": "VP of Operations & CIO, Citrix", "judge-name": "Paul Martine"}, {"judge-role": "VP Platform and Chief Architect, Citrix SaaS Division", "judge-name": "Malte Muenke"}, {"judge-role": "Associate, New Enterprise Associates (NEA)", "judge-name": "Andrew Schoen"}], "hackathon-number-of-judges": "4", "hackathon-eligibility": "\nThis challenge is open to:\n\nPlease see", "hackathon-number-of-participants": "247", "hackathon-is-colocated": "False", "hackathon-has-ended": "True", "hackathon-number-of-judging-criteria": "4", "hackathon-requirements": "\nParticipants must submit an app that integrates with at least one of the below Citrix products. For this challenge, Citrix products/APIs/SDKs are split into two groups. Citrix\u2019s broad portfolio of business solutions should give you a great pool of services to integrate with.\u00a0\n\n\n\nRefer to the \u201cJudging Criteria\u201d below to optimize your chances of winning by integrating with a product from each group.\n\n\u00a0\n\nYou must submit a demo video (hosted on YouTube, Vimeo, or Youku) that walks through the main functionality of the solution via screencast or video. You must also submit at least one image/screenshot of your working solution.\n\u00a0Apps may be newly created or pre-existing. If the submitted app existed prior to the competition\u2019s submission start date, it must have been updated to include a new Citrix integration during the submission period.\nYou must make your app available for testing by providing a link to access your installation file, a uploaded installation file, a TestFlight build, etc.\u00a0", "hackathon-rules": "\nNO PURCHASE OR PAYMENT NECESSARY. A PURCHASE OR PAYMENT OF ANY KIND WILL NOT INCREASE YOUR CHANCES OF WINNING.\u00a0\u00a0\nCitrix App Challenge (the \u201cChallenge\u201d)\nhttp://citrixapps.challengepost.com (the \u201cChallenge Website\u201d)\n\u00a0\n(the \u201cPoster\u201d): Citrix Systems, Inc. 899 West Cypress Creek Road, Shipping/Receiving, 1st Floor, Fort Lauderdale FL 33309 USA.\nThe Poster is the sponsor and entity responsible for the Challenge.\n(the \u201cAdministrator\u201d): ChallengePost, Inc., 425 W. 13th Street, Suite #504, New York, NY 10014.\n\u00a0\nJanuary 13, 2015 (10:00am Eastern Time) \u2013 April 2, 2015 (5:00pm Eastern Time) (the \u201cChallenge Submission Period\u201d)\nApril 9, 2015 (10:00am Eastern Time) \u2013 April 15, 2015 (5:00pm Eastern Time) (the \u201cJudging Period\u201d)\nApril 9, 2015 (10:00am Eastern Time) \u2013 April 15, 2015 (5:00pm Eastern Time) (the \u201cPublic Voting Period\u201d)\nOn or around May 12, 2015 (2:00pm Eastern Time)\u00a0\nThe Administrator will be the official timekeeper for the Challenge.\n\u00a0\n\n(the above are collectively, \u201cMakers\u201d)\nAn individual may join more than one team, Organization, or Large Organization and an individual who is part of a team, Organization, or Large Organization may also enter the Challenge on an individual basis.\u00a0\u00a0\nIf a team or organization is entering the Challenge, they must appoint and authorize one individual (the \u201cRepresentative\u201d) to represent, act, and enter a Submission, on their behalf. The Representative must meet the eligibility requirements above. By entering a Submission on the Site on behalf of a team or organization, you represent and warrant that you are the Representative authorized to act on behalf of your team or organization.\n\n*The members of an individual\u2019s immediate family include the individual\u2019s spouse, children and stepchildren, parents and stepparents, and siblings and stepsiblings. The members of an individual\u2019s household include any other person that shares the same residence as the individual for at least three (3) months out of the year.\n**Agents include individuals or organizations acting on behalf of, and at the direction of, a Promotion Entity through a contractual or other\u00a0similar relationships,\n***An affiliate is:\u00a0(a) an organization that is under common control, sharing a common majority or\u00a0controlling owner, or common management; or (b) an\u00a0organization that owns\u00a0equity in, or is partially owned by the other organization.\n\u00a0\nMakers must do the following to participate in the Challenge:\n\nAll Submission materials must be in English or, if not in English, the Maker must provide an English translation of the demonstration video, text description, and testing instructions as well as all other materials submitted.\u00a0\n\n(i) \nMakers must create a working software application that that integrates one or more of the following Citrix products: GoToMeeting, GoToAssist, ShareFile, Podio, XenDesktop, XenMobile (each an \u201cApplication\u201d).\n(ii) \nThe Application must be capable of being successfully installed and running consistently on the platform for which it is intended, and must function as depicted in the video and/or expressed in the text description.\n(iii) \nA submitted Application must run on at least one of the following:\n(iv) \nApplications must be either newly created by the Maker or, if the Application existed prior to the Challenge Submission Period, must have been updated by the Maker after the start of the Challenge Submission Period to include integration of one or more of the Citrix products approved for the Challenge.\n(v) \nThe Maker must make the Application available free of charge and without any restriction, for testing, evaluation and use by the Poster, Administrator and judges during the Challenge and until the Judging Period ends. If the Application includes software that runs on proprietary or third party hardware that is not widely available to the public, including software running on devices or wearable technology other than smartphones, tablets, or desktop computers, the Sponsor and/or Administrator reserve the right, at their sole discretion, to require the Maker to provide physical access to the Application hardware upon request.\u00a0\nFor Applications running on smartphones, tablets, or desktop computers, etc., you can make your Application available using one of the following methods:\nUpload an .apk file on the Enter a Submission form or provide a link for downloading the Application in the \u201cTesting Instructions\u201d field on the Enter a Submission form.\n\n\nYou may send the Administrator a beta test via Crashalytics. Use the Administrator\u2019s testing email (\n) and UDID\u2019s to provision a build and send the Administrator a link via the \u201cShare Links\u201d button. Add the testing link to the Enter a Submission form under \u201ciOS Build Link\u201d.\u00a0 Beta by Crashalytics is a free service. Please review the \n.\n\n\u00a0\n\nEnter the Administrator\u2019s email address to share a build for testing. The Administrator\u2019s TestFlight account email is: \n. Please note that if you add the Administrator as an \u201cExternal Tester\u201d your Application will need to go through \n before you can send your build. This could lead to delay and in order for your Submission to be eligible, you must send your test build before the end of the Challenge Submission Period. To learn more about TestFlight via iTunes Connect, please review the \n and the \n.\n\nSend a testing link to the Administrator at: \n, and add the testing link on the Enter a Submission form under \u201ciOS Build Link\u201d. Please note that there is a \n.\nUpload an .xap file in the Enter a Submission form or provide a link for downloading your Application in the \u201cTesting Instructions\u201d field on the Enter a Submission form.\nUpload the appropriate installation files (.exe) on the Enter a Submission form or provide a link for downloading your .exe file in the \u201cTesting Instructions\u201d field on the Enter a Submission form.\nUpload the appropriate installation files on the Enter a Submission form or provide a link for downloading your installation file in the \u201cTesting Instructions\u201d field on the Enter a Submission form.\nUpload the appropriate installation files on the Enter a Submission form or provide a link for downloading your installation file in the \u201cTesting Instructions\u201d field on the Enter a Submission form.\nProvide a link for accessing your Application on the \u201cTesting Instructions\u201d field on the Enter a Submission form.\n(vi) \nThe Maker may make the Application available to the public via a website or online store, but is not required to do so.\n(vii) \n A Maker may submit more than one Submission, however, each Submission must be unique and substantially different from the other Submissions entered by the Maker, as determined by the Poster and/or the Administrator.\n(viii)\u00a0\nApplications may integrate SDKs, APIs and data, provided the Maker is authorized to use them.\n(ix)\u00a0\nYour Submission must: (a) be your (or your team or Organization\u2019s) original work product; (b) be solely owned by you, your team, or your Organization with no other person or entity having any right or interest in it; and (c) not violate the intellectual property rights or other rights including but not limited to copyright, trademark, patent, contract, and/or privacy rights, of any other person or entity. A Maker may contract with a third party for technical assistance to create the Submission provided the Submission components are solely the Maker\u2019s work product and the result of the Maker\u2019s ideas and creativity, and the Maker owns all rights to them. A Maker may submit a Submission that includes the use of open source software or hardware, provided the Maker complies with applicable open source licenses and, as part of the Submission, creates software that enhances and builds upon the features and functionality included in the underlying open source product. By entering the Challenge you represent, warrant, and agree that your Submission meets these requirements.\n(x)\u00a0\n\u00a0An Application\u00a0must not have been developed, or derived from an Application developed, with\u00a0financial or preferential support from\u00a0the Poster or Administrator. Such\u00a0Applications include, but are not limited to, those that received funding or\u00a0investment for their development, were developed\u00a0under contract, or received a\u00a0commercial license, from the Poster or Administrator any time prior\u00a0to the end of Challenge Submission Period. The\u00a0Poster, at their sole\u00a0discretion, may disqualify an Application, if awarding a prize to the\u00a0Application would create a real or apparent conflict of interest.\n\u00a0\u00a0\n\nThe text description should explain the features and functionality of your Application. Your text description should also explain how Citrix products were integrated into your application.\nThe image(s) should be photographs or screenshots of your working Application.\u00a0\nThe video portion of the Submission:\u00a0\na. should be less than five (5) minutes;\nb. must include footage that clearly explains the Application\u2019s features and functionality through a comprehensive demonstration;\nc. must be uploaded to YouTube, Vimeo, or Youku and a link to the video must be provided on the submission form on the Challenge Website; and\nd. must not include third party trademarks, or copyrighted music or other material unless the Maker has permission to use such material.\n\u00a0\nSubject to the licenses described below, any applicable intellectual property rights to a Submission will remain with the Maker.\nBy entering the Challenge, you grant to the Poster, Administrator, and any other third parties acting on the Poster\u2019s behalf, a royalty-free, non-exclusive, worldwide perpetual license to display publicly and use for promotional purposes the Submission, in perpetuity. This license includes, but is not limited to, posting or linking to the Submission on Poster\u2019s, Administrator\u2019s, and partners\u2019 websites and applications, including the Challenge Website, and display and promotion of the Submission in any other media, worldwide.\nThe following Submission components may be displayed to the public: name, description, images, video URL, website, URL, team members, the Submission category and platform, and submitter type. Other Submission materials may be viewed by the Poster, Administrator, and Judges for screening and evaluation.\nMakers represent and warrant that the Poster, Administrator, and Challenge partners are free to use Makers\u2019 Submission in the manner described above, as provided or as modified by Administrator, without obtaining permission or license from any third party and without any compensation to Makers.\nEligible Submissions will be evaluated by a panel of judges selected by the Poster (the \u201cJudges\u201d), and scored using the following weighted criteria (the \u201cJudging Criteria\u201d):\n(i) \n: Includes creativity, originality, and market value of the Application idea (30% weight);\n(ii) \n: Includes how well the idea was executed by the Maker and the extent to which the implementation utilizes a Citrix product integration (30% weight);\n(iii) \n Includes the extent to which the Application is ready to use and allows users to work better by increasing collaboration, productivity, time savings, and revenue (30% weight); and\n(iv) \n Although it is not required, Applications which include Citrix products from two or more products will receive additional points towards their total Submission score (10% weight).\nThe Judging Criteria above may not apply to every Prize. See section 7 below for the Judging Criteria that apply for each Prize. The Maker(s) that are eligible for a Prize, and whose Submissions earn the highest overall scores based on the applicable Judging Criteria, will become potential winners of that Prize.\nJUDGES are not required to test the Application and may choose to judge based solely on the text description, IMAGES and video provided in the Submission.\u00a0\nFor each Prize listed in Section 7 below, if two or more Submissions are tied, the tied Submission with the highest score in the first applicable criterion listed above will be considered the higher scoring Submission. In the event any ties remain, this process will be repeated, as needed, by comparing the tied Submissions\u2019 scores on the next applicable criterion. If two or more Submissions are tied on all applicable criteria, the panel of Judges will vote on the tied Submissions.\n\u00a0\n\u00a0\n\u00a0\nPlease review the ChallengePost Terms of Service at \n for voting rules.\nTHE AWARD OF A PRIZE TO A POTENTIAL WINNER IS SUBJECT TO VERIFICATION OF THE IDENTITY, QUALIFICATIONS AND ROLE OF THE POTENTIAL WINNER IN THE CREATION OF THE SUBMISSION. The final decision to designate a winner shall be made by the Poster and/or Administrator.\nPotential winners will be notified using the email address associated with the ChallengePost account used to enter the Submission (the submitter is the \u201cRepresentative\u201d in the case of a team, Organization, or Large Organization). In order to receive a Prize, the potential winner (including all participating team members in the case of a team or Organization) will be required to sign and return to the Poster or Administrator, affidavit(s) of eligibility (or a similar verification document) and liability/publicity release(s), and any applicable tax forms (\u201cRequired Forms\u201d).\nten (10) business days after the Required Forms are sent.\nThe Poster and/or Administrator may deem a potential winner (or participating team members) ineligible to win if:\u00a0\n(i) the potential winner\u2019s Representative or any participating member does not respond to multiple emails or fails to sign and return the Required Forms by the deadline listed above, or responds and rejects the Prize;\u00a0\u00a0\n(ii) the Prize or Prize notification is returned as undeliverable; or\u00a0\u00a0\n(iii) the Submission or the potential winner, or any member of a potential winner\u2019s team, Organization, or Large Organization, is disqualified for any other reason.\u00a0\nIn the event of a disqualification, the Poster and/or Administrator may award the applicable Prize to an alternate potential winner.\n\u00a0\nThe Poster has the right to make a Prize substitution of equivalent or greater value. The Poster will not award a Prize if there are no eligible Submissions entered in the Challenge, or if there are no eligible Makers or Submissions for a specific Prize.\nA monetary Prize will be mailed to the winning Maker\u2019s address (if an individual) or the Representative\u2019s address (if a team or Organization) after receipt of the Required Forms. Prizes will be payable to the Maker, if an individual, to the Maker\u2019s Representative, if a team, or to the Organization, if the Maker is an Organization. It will be the responsibility of the winning Maker\u2019s Representative to allocate the Prize among their team or Organization\u2019s participating members, as the Representative deems appropriate.\u00a0\nWithin 45 days of the Poster or Administrator\u2019s receipt of the Required Forms\nWinners (and in the case of team or Organization, all participating members) are responsible for reporting and paying all applicable taxes in their jurisdiction of residence (federal, state/provincial/territorial and local). Winners may be required to provide certain information to facilitate receipt of the award, including completing and submitting any tax or other forms necessary for compliance with applicable withholding and reporting requirements. United States residents are required to provide a completed form W-9 and residents of other countries are required to provide a completed W-8BEN form. Winners are also responsible for complying with foreign exchange and banking regulations in their respective jurisdictions and reporting the receipt of the Prize to relevant government departments/agencies, if necessary. The Poster, Administrator, and/or Prize provider reserve the right to withhold a portion of the prize amount to comply with the tax laws of the United States or other Poster jurisdiction, or those of a winner\u2019s jurisdiction.\n\u00a0\nA. By entering the Challenge, you (and, if you are entering on behalf of a team or Organization, each participating members) agree(s) to the following:\n(i) The relationship between you, the Maker, and the Poster and Administrator, is not a confidential, fiduciary, or other special relationship.\n(ii) You will be bound by and comply with these Official Rules and the decisions of the Poster, Administrator, and/or the Challenge Judges which are binding and final in all matters relating to the Challenge.\u00a0\n(iii) You release, indemnify, defend and hold harmless the Poster, Administrator, Promotion Entities, and their respective parent, subsidiary, and affiliated companies, the Prize suppliers and any other organizations responsible for sponsoring, fulfilling, administering, advertising or promoting the Challenge, and all of their respective past and present officers, directors, employees, agents and representatives (hereafter the \u201cReleased Parties\u201d) from and against any and all claims, expenses, and liabilities (including reasonable attorneys\u2019 fees), including but not limited to negligence and damages of any kind to persons and property, defamation, slander, libel, violation of right of publicity, infringement of trademark, copyright or other intellectual property rights, property damage, or death or personal injury arising out of or relating to a Maker\u2019s entry, creation of Submission or entry of a Submission, participation in the Challenge, acceptance or use or misuse of the Prize (including any travel or activity related thereto) and/or the broadcast, transmission, performance, exploitation or use of the Submission as authorized or licensed by these Official Rules.\u00a0\nB. Without limiting the foregoing, the Released Parties shall have no liability in connection with:\u00a0\n(i) any incorrect or inaccurate information, whether caused by the Poster or Administrator\u2019s electronic or printing error, or by any of the equipment or programming associated with or utilized in the Challenge;\u00a0\n(ii) technical failures of any kind, including, but not limited to malfunctions, interruptions, or disconnections in phone lines, internet connectivity or electronic transmission errors, or network hardware or software or failure of the Challenge Website;\n(iii) unauthorized human intervention in any part of the entry process or the Challenge;\u00a0\n(iv) technical or human error which may occur in the administration of the Challenge or the processing of Submissions; or\u00a0\n(v) any injury or damage to persons or property which may be caused, directly or indirectly, in whole or in part, from the Maker\u2019s participation in the Challenge or receipt or use or misuse of any Prize.\nThe Released Parties are not responsible for incomplete, late, misdirected, damaged, lost, illegible, or incomprehensible Submissions or for address or email address changes of the Makers. Proof of sending or submitting will not be deemed to be proof of receipt by the Poster or Administrator.\nIf for any reason any Maker\u2019s Submission is determined to have not been received or been erroneously deleted, lost, or otherwise destroyed or corrupted, the Maker\u2019s sole remedy is to request the opportunity to resubmit its Submission. Such request must be made promptly after the Maker knows or should have known there was a problem, and will be determined at the sole discretion of the Poster.\n\nBy participating in the Challenge you consent to the use of personal information about you, if you are a winner, by the Poster, Administrator, and third parties acting on their behalf. Such personal information includes, but is not limited to, your name, likeness, photograph, voice, opinions, comments and hometown and country of residence. It may be used in any existing or newly created media, worldwide without further payment or consideration or right of review, unless prohibited by law. Authorized use includes advertising and promotional purposes.\nThe duration of your consent is for a period of three years following the conclusion of the Challenge. This consent applies, as applicable, to all members a Maker\u2019s team or Organization that participated in the winning Submission.\n\nA. Poster and Administrator reserve the right, in their sole discretion, to cancel, suspend and/or modify the Challenge, or any part of it, in the event of a technical failure, fraud, or any other factor or event that was not anticipated or is not within their control.\nB.\u00a0 Poster and Administrator reserve the right in their sole discretion to disqualify any individual or Maker it finds to be actually or presenting the appearance of tampering with the entry process or the operation of the Challenge or to be acting in violation of these Official Rules or in a manner that is inappropriate, unsportsmanlike, not in the best interests of this Challenge, or a violation of any applicable law or regulation. \u00a0\nC. Any attempt by any person to undermine the proper conduct of the Challenge may be a violation of criminal and civil law.\u00a0 Should Poster or Administrator suspect that such an attempt has been made or is threatened, they reserve the right to take appropriate action including but not limited to requiring a Maker to cooperate with an investigation and referral to criminal and civil law enforcement authorities.\u00a0\nD. If there is any discrepancy or inconsistency between the terms and conditions of the Official Rules and disclosures or other statements contained in any Challenge materials, including but not limited to the Challenge Submission form, Challenge Website, advertising (including but not limited to television, print, radio or online ads), the terms and conditions of the Official Rules shall prevail. \u00a0\nE. The terms and conditions of the Official Rules are subject to change at any time, including the rights or obligations of the Maker, the Poster and the Administrator. The Poster and Administrator will post the terms and conditions of the amended Official Rules on the Challenge Website.\u00a0 To the fullest extent permitted by law, any amendment will become effective at the time specified in the posting of the amended Official Rules or, if no time is specified, the time of posting.\u00a0\nF. If at any time prior to the deadline, a Maker or prospective Maker believes that any Official Rule is or may be unclear or ambiguous, they must submit a written request for clarification. \u00a0\u00a0\nG. The Poster or Administrator\u2019s failure to enforce any term of these Official Rules shall not constitute a waiver of that provision. Should any provision of these Official Rules be or become illegal or unenforceable in any jurisdiction whose laws or regulations may apply to a Maker, such illegality or unenforceability shall leave the remainder of these Official Rules, including the Rule affected, to the fullest extent permitted by law, unaffected and valid. The illegal or unenforceable provision shall be replaced by a valid and enforceable provision that comes closest and best reflects the Poster\u2019s intention in a legal and enforceable manner with respect to the invalid or unenforceable provision.\u00a0\nH. Excluding Submissions, all intellectual property related to this Challenge, including but not limited to copyrighted material, trademarks, trade-names, logos, designs, promotional materials, web pages, source codes, drawings, illustrations, slogans and representations are owned or used under license by the Poster and/or Administrator. All rights are reserved. Unauthorized copying or use of any copyrighted material or intellectual property without the express written consent of its owners is strictly prohibited.\u00a0Any use in a Submission of Poster or ChallengePost Administrator intellectual property shall be solely to the extent provided for in these Official Rules.\n\nA. NEITHER POSTER, NOR ADMINSTRATOR AND THEIR RELATED COMPANIES, NOR ANY OF THEIR RESPECTIVE AGENTS, DIRECTORS, OFFICERS, EMPLOYEES, ATTORNEYS, INSURERS, PREDECESSORS, SUCCESSORS OR REPRESENTATIVES (COLLECTIVELY, \u201cSPONSOR ENTITIES\u201d) MAKE OR GIVE ANY REPRESENTATIONS, CONDITIONS OR WARRANTIES OF ANY KIND, EXPRESS OR IMPLIED, REGARDING THE CHALLENGE, OR ANY PRIZE OR MAKER\u2019S PARTICIPATION IN THE CHALLENGE. THE SPONSOR ENTITIES SHALL NOT BE RESPONSIBLE OR LIABLE FOR ANY LOSS, DAMAGE, COST, OR INJURY THAT ARISES FROM THE CHALLENGE OR ANY CAUSE, OCCURRENCE OR CONDITION RELATED TO THE CHALLENGE, THE PRIZES OR THE MAKER\u2019S PARTICIPATION IN THE CHALLENGE.\nB. Sponsor Entities shall not be liable for any claims, demands, damages and causes of action or any costs or expenses relating to the foregoing, arising out of or relating in any way to the Challenge or any Prize. By participating in this Challenge, Makers hereby release and discharge the Sponsor Entities from any and all claims, demands, damages and causes of action of every kind and nature, in law, equity or otherwise, known and unknown, suspected and unsuspected, disclosed and undisclosed, and in particular any from all claims, demands, damages and causes of action of every kind and nature for damages actual and consequential, past, present, and future, arising out of, or in any way relating the Challenge, the administration of the Challenge, any Prize awarded, the use or misuse of any Prize, and any publicity, advertising or promotion relating to the Challenge and/or the Prize, and/or acceptance, possession, use, or misuse of the Prize. It is understood and agreed that this is a full, complete, and final general release of any and all claims described as aforesaid, and Maker agrees that it shall apply to all unknown, unanticipated, unsuspected, and undisclosed claims, demands, liabilities, actions or causes of action, in law, equity or otherwise. Provided, however, that any liability limitation regarding gross negligence or intentional acts, or events of death or body injury shall not be applicable in jurisdictions where such limitation is not legal.\u00a0\n\nA. Makers agree that, to the fullest extent permitted by law:\u00a0\n(i) any and all disputes, claims and causes of action arising out of or connected with this Challenge, or any Prizes awarded, other than those concerning the administration of the Challenge or the determination of winners, shall be resolved individually, without resort to any form of class action;\u00a0\n(ii) any and all disputes, claims and causes of action arising out of or connected with this Challenge or any Prizes awarded, shall be resolved exclusively by the United States District Court of New York or the appropriate New York\u00a0State Court and Makers consent to the exclusive jurisdiction and venue of such courts; and \u00a0\u00a0\n(iii) under no circumstances will Makers be entitled to, and Makers hereby waives all rights to claim, any punitive, incidental and consequential damages and any and all rights to have damages multiplied or otherwise increased.\nSOME JURISDICTIONS DO NOT ALLOW THE LIMITATIONS OR EXCLUSION OF LIABILITY FOR INCIDENTAL OR CONSEQUENTIAL DAMAGES, SO THE ABOVE MAY NOT APPLY TO YOU. \u00a0\nB. All issues and questions concerning the construction, validity, interpretation and enforceability of these Official Rules, or the rights and obligations of the Makers and the Poster in connection with the Challenge, shall be governed by, and construed in accordance with, the laws of the State of New York, without giving effect to any choice of law or conflict of law rules (whether of the State of New York or any other jurisdiction), which would cause the application of the laws of any jurisdiction other than the State of New York.\u00a0\n\nPlease review the ChallengePost Terms of Service at \n for additional rules that apply to your participation in the Challenge and more generally your use of the Challenge Website. Such Terms of Service are incorporated by reference into these Official Rules. If there is a conflict between the Terms of Service and these Official Rules, the latter terms shall control with respect to this Challenge only.\nParticipation in the Challenge constitutes Maker\u2019s full and unconditional agreement to these Official Rules. By entering, a Maker agrees that all decisions related to the Challenge that are made pursuant to these Official Rules are final and binding, and that all such decisions are at the sole discretion of the Poster and/or Administrator.\nThe Administrator collects personal information from you when you enter the Challenge. The information collected is subject to the privacy policy located here:\u00a0\n.\n\u00a0\nIf you have any questions or comment, or wish to send us any notice regarding this Challenge, please email us at\u00a0\n.\u00a0\n\u00a0", "hackathon-prizes": [{"prize-content": "$16,000 cash", "prize-title": "Best in Show Prize"}, {"prize-content": "$7,500 cash", "prize-title": "Citrix IT Challenge Award"}, {"prize-content": "$5,000 cash", "prize-title": "Best in Show Runner-up"}, {"prize-content": "$3,000.", "prize-title": "Wild Card Prize"}, {"prize-content": "$1,500 cash", "prize-title": "Popular Choice"}, {"prize-content": "Non-cash, recognition only", "prize-title": "Large Organization Recognition Award:"}], "hackathon-location-google-maps": "", "hackathon-url": "https://citrixapps.devpost.com/", "hackathon-judging-criteria": [{"judging-criterion": "Includes creativity, originality, and market value of the application idea \u2013 30% weight."}, {"judging-criterion": "Includes how well the idea was executed by the developer and the extent to which the implementation utilizes a Citrix product integration \u2013 30% weight."}, {"judging-criterion": "iIncludes the extent to which the application is ready to use and allows users to work better by increasing collaboration, productivity, time savings, revenue, etc. \u2013 30% weight."}, {"judging-criterion": "Although it is not required, submissions which include Citrix products from both product groups will receive an additional point towards their total submission score \u2013 10% weight."}], "hackathon-location-address": "", "hackathon-description-header": "Create Citrix integrated apps for the mobile workforce.", "hackathon-prizes-total": "$55,000", "hackathon-location-description": "", "hackathon-end-date": "2015-04-02", "has-projects": "True"}