{"hackathon-description-text": "\nAl\u0103tur\u0103-te altor programatori, designeri, oficiali \u0219i voluntari pentru o s\u0103pt\u0103m\u00e2n\u0103 \u00een care ne propunem s\u0103 construim proiecte de \u00eembun\u0103t\u0103\u021bire a serviciilor publice \u0219i sociale.", "hackathon-number-of-prizes": "1", "hackathon-id": "civicdev", "hackathon-judges": [{"judge-role": "Smart City, Antreprenor", "judge-name": "Dan Bugariu"}, {"judge-role": "Jurist", "judge-name": "Florin Dumitrescu"}, {"judge-role": "Android Developer, Contractor", "judge-name": "Madalin Gageanu"}, {"judge-role": "TechSoup, Specialist Marketing & eCommerce, Coordonator Educational", "judge-name": "Ana Stamatescu"}], "hackathon-number-of-judges": "4", "hackathon-eligibility": "", "hackathon-number-of-participants": "33", "hackathon-is-colocated": "True", "hackathon-has-ended": "False", "hackathon-number-of-judging-criteria": "1", "hackathon-requirements": "", "hackathon-rules": "\nOur hackathon is dedicated to providing a harassment-free experience for everyone, regardless of gender, gender identity and expression, age, sexual orientation, disability, physical appearance, body size, race, ethnicity, nationality, religion, previous hackathon attendance or computing experience (or lack of any of the aforementioned). We do not tolerate harassment of hackathon participants in any form. Sexual language and imagery is not appropriate at any hackathon venue, including hacks, talks, workshops, parties, social media and other online media. Hackathon participants violating these rules may be sanctioned or expelled from the hackathon without a refund (if applicable) at the discretion of the hackathon organisers.", "hackathon-prizes": [{"prize-content": "We are not doing this for the prizes, but for help the society we live in!", "prize-title": "Honor!"}], "hackathon-location-google-maps": "https://maps.google.com/?q=Strada Oituz 4, Timi\u0219oara, Romania", "hackathon-url": "https://civicdev.devpost.com/", "hackathon-judging-criteria": [{"judging-criterion": "All submitted projects must be open source and pushed to"}], "hackathon-location-address": "Strada Oituz 4, Timi\u0219oara, Romania", "hackathon-description-header": "<3 :) \\o/", "hackathon-prizes-total": "0", "hackathon-location-description": "Mansarda Facultatatii de Arte", "hackathon-end-date": "", "has-projects": "False"}