{"hackathon-description-text": "\nLots of people curate our news for us (Facebook, CNN, etc) so that we get only the news that we want. What if your job was to curate the top stories to different national security decision-makers that each had their own interests? Due to their incredibly demanding schedules, our nation's leaders receive only a quick briefing with a printed book containing the news and information they need to know. How would you curate a more relevant briefing book for these decision makers?", "hackathon-number-of-prizes": "5", "hackathon-id": "expeditionhacksseattle2017", "hackathon-judges": [{"judge-role": "CO-FOUNDER, PRODUCT & ENGINEERING LEAD AT SHE\u2019S CODING", "judge-name": "Nathalie Steinmetz"}, {"judge-role": "BUSINESS INTELLIGENCE ENGINEER, AMAZON", "judge-name": "Terry Kong"}, {"judge-role": "EXECUTIVE DIRECTOR AT ADA DEVELOPER ACADEMY", "judge-name": "Cynthia Tee"}, {"judge-role": "DATA SCIENTIST AND TECH COMMUNITY ORGANIZER", "judge-name": "Eloisa Tran"}, {"judge-role": "NATIONAL GEOSPATIAL-INTELLIGENCE AGENCY SOFTWARE DEVELOPER", "judge-name": "Jeffrey Scott"}], "hackathon-number-of-judges": "5", "hackathon-eligibility": "\n", "hackathon-number-of-participants": "86", "hackathon-is-colocated": "True", "hackathon-has-ended": "True", "hackathon-number-of-judging-criteria": "4", "hackathon-requirements": "", "hackathon-rules": "", "hackathon-prizes": [{"prize-content": "$10,000", "prize-title": "Grand Prize"}, {"prize-content": "$1000", "prize-title": "1st Runner Up"}, {"prize-content": "$500", "prize-title": "Crowd Favorite"}, {"prize-content": "$500", "prize-title": "Most Creative"}, {"prize-content": "JetBrains License", "prize-title": "Best Presentation"}], "hackathon-location-google-maps": "https://maps.google.com/?q=220 2nd Ave S, Seattle, WA 98168, USA", "hackathon-url": "https://expeditionhacksseattle2017.devpost.com/", "hackathon-judging-criteria": [{"judging-criterion": "How impactful will this solution be for it\u2019s target audience? Is it scalable?"}, {"judging-criterion": "How original is this solution?"}, {"judging-criterion": "How well designed is this solution, from front end through to UI/UX?"}, {"judging-criterion": "How well executed is this solution from start to finish?"}], "hackathon-location-address": "220 2nd Ave S, Seattle, WA 98168, USA", "hackathon-description-header": "#ExpeditionHacks Seattle", "hackathon-prizes-total": "$12,500", "hackathon-location-description": "Impact Hub Seattle", "hackathon-end-date": "2017-05-21", "has-projects": "True"}