{"hackathon-description-text": "\n\u00a0", "hackathon-number-of-prizes": "3", "hackathon-id": "sasehack2015", "hackathon-judges": [{"judge-role": "Principal at January Advisors", "judge-name": "Jeff Reichman"}, {"judge-role": "Lead Technology Evangelist at SoftLayer, an IBM Company", "judge-name": "Philip Jackson"}, {"judge-role": "Senior Associate in Cyber Technologies @BAH", "judge-name": "Suki Han"}, {"judge-role": "Director @ Houston Technology Center", "judge-name": "Deborah Mansfield"}, {"judge-role": "Principal @ BAH", "judge-name": "Sandeep Dorawala"}, {"judge-role": "Senior lead software architect @ BAH", "judge-name": "Chris Kacerguis"}], "hackathon-number-of-judges": "6", "hackathon-eligibility": "", "hackathon-number-of-participants": "30", "hackathon-is-colocated": "True", "hackathon-has-ended": "True", "hackathon-number-of-judging-criteria": "4", "hackathon-requirements": "\nYou must submit your project using DevPost by 3:30pm on Sunday. We recommend registering for DevPost early and assembling your team:\nYou will not be able to hook anything up to the presenting computer. \u00a0Your presentation, demo, etc. will have to live on the internet, and you have to provide a link through your DevPost submission.\n\u00a0\nYour work must be accessible via the internet, and the link must be posted on DevPost. \u00a0Here are some ways that people present hackathon projects:", "hackathon-rules": "", "hackathon-prizes": [{"prize-content": "", "prize-title": "1st Place"}, {"prize-content": "", "prize-title": "2nd Place"}, {"prize-content": "", "prize-title": "3rd Place"}], "hackathon-location-google-maps": "https://maps.google.com/?q=Technology Center, Houston, TX 77032, USA", "hackathon-url": "https://sasehack2015.devpost.com/", "hackathon-judging-criteria": [{"judging-criterion": "How far did the team get?  How close is the team for a finished solution? (prototype build) How many optional challenges are attempted/completed?"}, {"judging-criterion": "Is this solution truly workable in a real scenario?"}, {"judging-criterion": "How genuine is the solution? Is the thinking out of the box?"}, {"judging-criterion": "Did the team present their work in a compelling way?  Was it easy to understand the project, the scope, and how far they got?"}], "hackathon-location-address": "Technology Center, Houston, TX 77032, USA", "hackathon-description-header": "SASEhack is a hackathon that invites students with design, engineering, and entrepreneur interests to collaborate on creating innovative solutions for real-world challenges.", "hackathon-prizes-total": "$1,750", "hackathon-location-description": "Houston Technology Center", "hackathon-end-date": "2015-10-11", "has-projects": "True"}