{"hackathon-description-text": "\nTrying to turn that one idea you have into a finished product? Looking to gain experience working with a team on a large scale coding project? Well, look no further! Come be a part of UCSD's PROM (Project of the Month), hosted by the Computer Science and Engineering Society! This isn't you're average high school prom, this is the real deal.", "hackathon-number-of-prizes": "1", "hackathon-id": "prom-nov15", "hackathon-judges": [{"judge-role": "", "judge-name": "Ryan Hill"}, {"judge-role": "", "judge-name": "Alex Orr"}, {"judge-role": "", "judge-name": "Rahul Sabnis"}, {"judge-role": "", "judge-name": "Raghav Mehta"}], "hackathon-number-of-judges": "4", "hackathon-eligibility": "\nTeams can be a maximum of 4 students, and must be composed of all UCSD students.", "hackathon-number-of-participants": "17", "hackathon-is-colocated": "True", "hackathon-has-ended": "True", "hackathon-number-of-judging-criteria": "3", "hackathon-requirements": "\nAnything goes! May the best project win :)", "hackathon-rules": "\n1. Teams can be up to a maximum of 4 UCSD Students\n2. All submissions must follow the provided [PROM]pt of the month, and cannot be work pre-prepared before the [PROMP]pt unveiling\n3. Products must not contain racist, sexist, or other derogatory/offensive material, and must follow all public laws\n4. The work submitted must be a product developed by the members of the team submitting them\n5. Teams may not steal or copy the work of another team or private entity\n6. Have fun and make something cool :)", "hackathon-prizes": [{"prize-content": "$200 Amazon Gift Card", "prize-title": "First Place"}], "hackathon-location-google-maps": "https://maps.google.com/?q=9500 Gilman Dr, La Jolla, CA 92093, USA", "hackathon-url": "https://prom-nov15.devpost.com/", "hackathon-judging-criteria": [{"judging-criterion": "Is your idea a creative and innovation solution to a problem?"}, {"judging-criterion": "How did you go about executing your idea? Does the actual product match the idea, and to what degree?"}, {"judging-criterion": "How have you presented your idea? Is it clear what you are working on and why it is a useful product?"}], "hackathon-location-address": "9500 Gilman Dr, La Jolla, CA 92093, USA", "hackathon-description-header": "Jump start your project with CSES's monthly innovation hackathon!", "hackathon-prizes-total": "$200", "hackathon-location-description": "University of California, San Diego", "hackathon-end-date": "2015-12-02", "has-projects": "True"}