{"hackathon-description-text": "\nWelcome to Los Altos Hacks, a 24-hour hackathon high school hackathon!", "hackathon-number-of-prizes": "11", "hackathon-id": "losaltoshacks2", "hackathon-judges": [{"judge-role": "", "judge-name": "A group of wonderful judges"}], "hackathon-number-of-judges": "1", "hackathon-eligibility": "\nTeams can be maximum 4 people, and everyone must be a high schooler & present at the hackathon to participate. You must also have your parent packet signed and your student ID.\u00a0", "hackathon-number-of-participants": "196", "hackathon-is-colocated": "True", "hackathon-has-ended": "True", "hackathon-number-of-judging-criteria": "4", "hackathon-requirements": "\nYou must select which sponsor prize you're going for, if any. Please specify if anyone on your team is a beginner as well.", "hackathon-rules": "\n\u2022 You must be at Los Altos Hacks IN PERSON to work on a project that will be submitted.\u00a0\n\u2022 You cannot work on a project before Los Altos Hacks begins.\n\u2022 No stealing source code.\n\u2022 Please make sure your hack abides by the \n.\u00a0", "hackathon-prizes": [{"prize-content": "1st Place at Los Altos Hacks! MLH 1st Place Medal.", "prize-title": "1st Place"}, {"prize-content": "2nd Place at Los Altos Hacks! MLH 2nd Place Medal.", "prize-title": "2nd Place"}, {"prize-content": "3rd Place at Los Altos Hacks! MLH 3rd Place Medal.", "prize-title": "3rd Place"}, {"prize-content": "1 year of Wolfram Development Platform, 1 year of Wolfram Mathematica Student Edition, 1 year of Wolfram | Alpha Pro and Ailihen Headphones for each member of the winning team.", "prize-title": "Best With Wolfram Tech Award"}, {"prize-content": "$100 Amazon Gift Card", "prize-title": "Most Innovative Chatbot (Gupshup)"}, {"prize-content": "Smart Plug, Wearable Fleece Blanket, and Make School Summer Academy Sponsorship for each member of the winning team.", "prize-title": "Best Android Application"}, {"prize-content": "Amazon Echo, Shower Speaker, and Make School Summer Academy Sponsorship for each member of the winning team.", "prize-title": "Best Beginner Hack"}, {"prize-content": "Use your tech skills for good and hack online harassment! Build a software solution that can help reduce the frequency and/or severity of online harassment. HackHarassment Power Bank will be given to each of the winning team members.", "prize-title": "#HackHarassment"}, {"prize-content": "Domain.com Swag Bag for each member of the winning team.", "prize-title": "Best Domain Name from Domain.com"}, {"prize-content": "20 Hour 1x1 Technical Consultation and Private IBM Tour for each member of the winning team. Travel costs not included.", "prize-title": "Best Use of IBM Bluemix APIs"}, {"prize-content": "Google Cardboards for each member of the winning team.", "prize-title": "Best App for Visually Impaired (New Visions of Tomorrow)"}], "hackathon-location-google-maps": "https://maps.google.com/?q=305 Walnut St, Redwood City, CA 94063, USA", "hackathon-url": "https://losaltoshacks2.devpost.com/", "hackathon-judging-criteria": [{"judging-criterion": "Is the hack more than just another generic social/mobile/local app? Does it do something entirely novel, or at least take a fresh approach to an old problem?"}, {"judging-criterion": "Is the hack technically interesting or difficult? Is it just some lipstick on an API, or were there real technical challenges to surmount?"}, {"judging-criterion": "Is the hack usable in its current state? Is the user experience smooth? Does everything appear to work? Is it well designed?"}, {"judging-criterion": "Is the hack practical? Is it something people would actually use? Does it fulfill a real need people have?"}], "hackathon-location-address": "305 Walnut St, Redwood City, CA 94063, USA", "hackathon-description-header": "Los Altos Hacks II is here!", "hackathon-prizes-total": "$1,750", "hackathon-location-description": "Evernote Headquarters", "hackathon-end-date": "2017-02-05", "has-projects": "True"}