{"hackathon-description-text": "\nFor the third consecutive year,", "hackathon-number-of-prizes": "4", "hackathon-id": "wecancode-hack-mexico-2016", "hackathon-judges": [{"judge-role": "CEO and Founder, Advancio", "judge-name": "Karim Jernite"}, {"judge-role": "Dev.F", "judge-name": "Eme Morato"}, {"judge-role": "Litekey", "judge-name": "Victor Valle"}], "hackathon-number-of-judges": "3", "hackathon-eligibility": "\n\"WeCanCode Hack\" focuses primarily on students and graduates , but computer field professionals are welcomed to join. Ninjas that are self taught with experience are also encouraged to join.", "hackathon-number-of-participants": "51", "hackathon-is-colocated": "True", "hackathon-has-ended": "False", "hackathon-number-of-judging-criteria": "4", "hackathon-requirements": "\nA good presentation will have a project description and an explanation of their ultimate goaland impact to the community. Demonstration should include a demo video showing the protype or project. All demonstrations will be given in presentation format.\n\u00a0\n", "hackathon-rules": "\nEveryone must start from the beginning with no previous code of any kind. This will ensure and maintain fair competition. If you want to win, please do not work on previous code or you will be disqualified. You are allowed to work on previous designs, digital models, open source frameworks, and anything else that is available to others, but stay within rules.\nThe winning team is subject to code review at any time or immediately after winning.\nTeams are to consist of 5 humans with an addition of 1 cyborg, Furby, drone or Sphero or other hardware device based on official approval.\nEvery individual must register for the event, the projects must be submitted and presented together. The deadline for submitting your projects will be at 7:00 pm on Saturday, September 24.\n\nTo submit your project, you'll need to demonstrate first. Slide-decks and or Power-points alone will NOT be allowed. If your demo doesn't work, take us through the code (What you did and where you got stuck). Its about showing what you've learned and not about pitching an idea.\nIt's a Hackathon! Use any language you have in your arsenal! Show us new concepts. Show us whatever you like. and remember, code for you, code for good, and code to change the world!", "hackathon-prizes": [{"prize-content": "1st Prize winners will receive a prize valued at $5000 and a WCC HACK Title", "prize-title": "1st Prize Winners"}, {"prize-content": "2nd Prize winners will receive a prize valued at $4000 and a WCC HACK Title", "prize-title": "2nd Prize Winners"}, {"prize-content": "3rd Prize winners will receive a prize valued at $2500 and a WCC Hack Title", "prize-title": "3rd Prize Winners"}, {"prize-content": "Prized as the popular vote for WCC Hack Mx 2016", "prize-title": "Popular Prize Winners"}], "hackathon-location-google-maps": "https://maps.google.com/?q=Moderna Oeste, 22860 Ensenada, B.C., Mexico", "hackathon-url": "https://wecancode-hack-mexico-2016.devpost.com/", "hackathon-judging-criteria": [{"judging-criterion": "On a scale from 1-5 grade each submission on elements of creativity and originality. -Was the idea original? -is there similar products on the market? -have you heard of a similar solution?"}, {"judging-criterion": "On a scale from 1-5 grade each submission on elements of execution. -How well was the idea was executed? -Workable protype? -Frameworks used? -Technical Difficulty?"}, {"judging-criterion": "On a scale from 1-5 grade each submission on elements of graphical design, typography, and visual aesthetics. -UI/UX experience -Color templates -graphical elements"}, {"judging-criterion": "On a scale from 1-5 measure how helpful the project will be for the community. society -does the submission solve a relevant issue? -is submission viable? executable? useful? -will the submission cause an impact?"}], "hackathon-location-address": "Moderna Oeste, 22860 Ensenada, B.C., Mexico", "hackathon-description-header": "WeCanCode HACKACTHON Mexico 2016", "hackathon-prizes-total": "$11,500", "hackathon-location-description": "Cetys Universidad Campus Ensenada", "hackathon-end-date": "", "has-projects": "False"}