{"hackathon-description-text": "\n\u00a0begins this Saturday, April 8, 2018\u00a0at Texas Southern University. Join the creative, innovative group of students for 24 amazing hours of hacking in Houston, Texas. We are inviting all students to come build cool gadgets, develop slick software projects, solve challenges, network, collect free swag and win big prizes.\u00a0", "hackathon-number-of-prizes": "5", "hackathon-id": "hackhouston-2018", "hackathon-judges": [{"judge-role": "cPanel", "judge-name": "Benny Vasquez"}, {"judge-role": "Texas Southern University", "judge-name": "Dr. Ulysses Dotson"}, {"judge-role": "", "judge-name": "Kevin Burleigh"}], "hackathon-number-of-judges": "3", "hackathon-eligibility": "", "hackathon-number-of-participants": "16", "hackathon-is-colocated": "True", "hackathon-has-ended": "False", "hackathon-number-of-judging-criteria": "4", "hackathon-requirements": "\nBuild projects with originality in mind", "hackathon-rules": "\nAll projects must be built from scratch during the event. Read through and accept our\u00a0\n.\u00a0Obviously, alcohol, drugs, firearms, knives, weapons (including toys) are strictly prohibited.\u00a0", "hackathon-prizes": [{"prize-content": "", "prize-title": "Nintendo Switch"}, {"prize-content": "", "prize-title": "Google Home"}, {"prize-content": "", "prize-title": "Samsung Gear VR w/Controller"}, {"prize-content": "Enter the Hackathon raffle for this prize", "prize-title": "Microsoft Sponsored: Xbox One "}, {"prize-content": "", "prize-title": "Roku Sponsored: Roku Players / Swag Bag"}], "hackathon-location-google-maps": "https://maps.google.com/?q=3100 Cleburne St, Houston, TX 77004, USA", "hackathon-url": "https://hackhouston-2018.devpost.com/", "hackathon-judging-criteria": [{"judging-criterion": "How original is the idea"}, {"judging-criterion": "What technologies were used to build the project"}, {"judging-criterion": "How useful can this be used in the future to solve problems that exist"}, {"judging-criterion": "How well your team presents the project"}], "hackathon-location-address": "3100 Cleburne St, Houston, TX 77004, USA", "hackathon-description-header": "Building Connections", "hackathon-prizes-total": "$3,700", "hackathon-location-description": "Texas Southern University", "hackathon-end-date": "", "has-projects": "False"}