{"hackathon-description-text": "\nThis will be our first hackathon outside the San Francisco Bay Area, and we hope to see some new faces from the East Coast and Europe.\u00a0", "hackathon-number-of-prizes": "1", "hackathon-id": "nupic2015spring", "hackathon-judges": [{"judge-role": "Numenta, Inc.", "judge-name": "Matthew Taylor"}], "hackathon-number-of-judges": "1", "hackathon-eligibility": "\nIndividuals (any age).\nTeams are okay.", "hackathon-number-of-participants": "61", "hackathon-is-colocated": "True", "hackathon-has-ended": "False", "hackathon-number-of-judging-criteria": "1", "hackathon-requirements": "\nAnything (suggestions later).", "hackathon-rules": "\nPlease see our code of conduct:\u00a0http://numenta.org/code.html\nYou must register your hack here on this website by Sunday (May 30) at noon. You do not need to submit a video, but will present your work live in front of an audience at hackathon demos at 4PM on Sunday.", "hackathon-prizes": [{"prize-content": "Nothing!", "prize-title": "Nothing!"}], "hackathon-location-google-maps": "https://maps.google.com/?q=111 8th Avenue, New York, NY 10011, USA", "hackathon-url": "https://nupic2015spring.devpost.com/", "hackathon-judging-criteria": [{"judging-criterion": "How good?"}], "hackathon-location-address": "111 8th Avenue, New York, NY 10011, USA", "hackathon-description-header": "Come hack on NuPIC with us in New York City!", "hackathon-prizes-total": "0", "hackathon-location-description": "", "hackathon-end-date": "", "has-projects": "False"}