{"hackathon-description-text": "\nWiCHacks is an all women 24-hour hackathon hosted by Women in Computing at RIT. A", "hackathon-number-of-prizes": "14", "hackathon-id": "wichacks2017", "hackathon-judges": [{"judge-role": "", "judge-name": "Various Company Sponsors!"}], "hackathon-number-of-judges": "1", "hackathon-eligibility": "", "hackathon-number-of-participants": "131", "hackathon-is-colocated": "True", "hackathon-has-ended": "True", "hackathon-number-of-judging-criteria": "4", "hackathon-requirements": "", "hackathon-rules": "\n1) All hacks must be started AFTER hacking begins.\n2) Any software or hardware from a third party MUST also be publicly available to use by anybody else.\n3) Do NOT steal anyone else's source code.\n4) Judges make the final decision on any winner of a prize.\n5) Have fun, learn something, and make something awesome!", "hackathon-prizes": [{"prize-content": "Use your tech skills for good and hack online harassment! Build a software solution that can help reduce the frequency and/or severity of online harassment. Members of the winning team receive Hack Harassment Battery Packs!", "prize-title": "#HackHarassment"}, {"prize-content": "$250 AWS Credit", "prize-title": "Amazon Web Services - Best Use of AWS"}, {"prize-content": "Domain.com Swag Bags.", "prize-title": "Best Domain Name from Domain.com"}, {"prize-content": "Prize: Amazon Gift Cards and HubSpot water bottles!", "prize-title": "Best Teaching Programming Hack by Hubspot"}, {"prize-content": "Prize: 2nd gen Philips Hue Lightstrip Plus's", "prize-title": "Best Women &amp; Gender Issues Hack by Viacom"}, {"prize-content": "An Amazon Echo for each teammate!", "prize-title": "Most Innovative Hack by Intuit"}, {"prize-content": "Prize: Sony Portable Bluetooth Speakers", "prize-title": "Technically Difficult by Constant Contact"}, {"prize-content": "", "prize-title": "Rookie Award by Bank of America"}, {"prize-content": "Prize: A portable Bluetooth speaker (Clip2) and a quick charge external battery (Mophie Powerstation) for each teammate.", "prize-title": "Best UI by New Relic"}, {"prize-content": "$3k in Amazon Gift Card credit shared amongst the team", "prize-title": "Best Web App by Vitech"}, {"prize-content": "Prize: Amazon Echo Dots", "prize-title": "Best Hardware Hack by Liberty Mutual"}, {"prize-content": "", "prize-title": "Most Novel by Women in Computing at RIT"}, {"prize-content": "A Google Home for the team!", "prize-title": "Best Hack for Social Good by JP Morgan"}, {"prize-content": "Prize: A lilypad development kit (open source hardware)", "prize-title": "Best Open Source Hack by Red Hat"}], "hackathon-location-google-maps": "https://maps.google.com/?q=Golisano College of Computing and Information Sciences, 20 Lomb Memorial Dr, Rochester, NY 14623, USA", "hackathon-url": "https://wichacks2017.devpost.com/", "hackathon-judging-criteria": [{"judging-criterion": ""}, {"judging-criterion": ""}, {"judging-criterion": ""}, {"judging-criterion": ""}], "hackathon-location-address": "Golisano College of Computing and Information Sciences, 20 Lomb Memorial Dr, Rochester, NY 14623, USA", "hackathon-description-header": "WiCHacks is a collaborative programming event in which participants can create an app, website, game, or any other project over the course of the event.", "hackathon-prizes-total": "0", "hackathon-location-description": "Rochester Institute of Technology", "hackathon-end-date": "2017-02-26", "has-projects": "True"}