{"hackathon-description-text": "\nCollaborate with seven teams of\u00a0high school students\u00a0to help them build a prototype and launch their\u00a0next tech startups within a week! Mentors and spectators welcome!", "hackathon-number-of-prizes": "3", "hackathon-id": "cooper-summer-stem-2016-4061", "hackathon-judges": [{"judge-role": "CS Undergrad, NYU Tandon School of Engineering", "judge-name": "Vd Thatte"}, {"judge-role": "TA", "judge-name": "Jai Himatsingka"}, {"judge-role": "TA", "judge-name": "Chris Peng"}, {"judge-role": "TA", "judge-name": "Susung Choi"}, {"judge-role": "Instructor", "judge-name": "Earl Co"}, {"judge-role": "Instructor", "judge-name": "Jon Chin"}, {"judge-role": "Mechanical Engineering, Stony Brook University", "judge-name": "Mohammed Ali (Flak)"}, {"judge-role": "NYU Tandon School of Engineering", "judge-name": "Jin Ruan"}], "hackathon-number-of-judges": "8", "hackathon-eligibility": "\nStudents enrolled in the Computer Science and Engineering Entrepreneurship course in the Cooper Union Summer STEM Program 2016 are eligible. Sorry this hackathon is closed to all other participants, but mentors and spectators are welcome to stop by anytime!", "hackathon-number-of-participants": "15", "hackathon-is-colocated": "True", "hackathon-has-ended": "True", "hackathon-number-of-judging-criteria": "5", "hackathon-requirements": "\nSubmit no more than 7 slides demonstrating your MVP and Business Model Canvas. Submit links to and/or video of a working demo of your project MVP.\nDetail:\n-\u00a0Product Description & Value Proposition: What did you build and what does it do? Why would anyone use your product?\n-\u00a0Technical Achievements: What are you most proud of? What did you learn?\n-\u00a0Novelty | Patentability: How novel is your product? Are there any aspects of it that may be patentable?\n-\u00a0Impact: Who stands to benefit and how?", "hackathon-rules": "\nhttp://hackcodeofconduct.org/", "hackathon-prizes": [{"prize-content": "", "prize-title": "Winner"}, {"prize-content": "", "prize-title": "Winner"}, {"prize-content": "", "prize-title": "Winner"}], "hackathon-location-google-maps": "https://maps.google.com/?q=41 Cooper Sq, New York, NY 10003, USA", "hackathon-url": "https://cooper-summer-stem-2016-4061.devpost.com/", "hackathon-judging-criteria": [{"judging-criterion": "Is it something new? Have you never seen an idea like this before? Does it strike you as being original? Does the project go beyond traditional rules, patterns, and/or definitions? Is the new idea meaningful?"}, {"judging-criterion": "Does the project require skill to assemble (and is mostly assembled)? Does the project demonstrate a lot of thought? Were multiple devices/APIs meaningfully used as part of the project?"}, {"judging-criterion": "How close is the project to being usable/final project? Is the project usable for many (different) people? How complete is the project?"}, {"judging-criterion": "How aesthetically pleasing is the project? Did thought go into project design? Does the project combine quality design with quantitative complexity?"}, {"judging-criterion": "Would this help improve quality of life? Is this something the participants are interested in pursuing further? Does the project consider a broader world view?"}], "hackathon-location-address": "41 Cooper Sq, New York, NY 10003, USA", "hackathon-description-header": "Build your prototype and launch your tech startup in one week!", "hackathon-prizes-total": "0", "hackathon-location-description": "Cooper Union Albert Nerken School of Engineering, Rooms 505, 806, and 802/803", "hackathon-end-date": "2016-08-04", "has-projects": "True"}