{"hackathon-description-text": "\nHackSC is the premier hackathon hosted at the University of Southern California. We empower hackers to learn and explore new technologies through hands-on development and experience.\u00a0", "hackathon-number-of-prizes": "13", "hackathon-id": "hacksc2015", "hackathon-judges": [{"judge-role": "", "judge-name": "Stephen Chen"}, {"judge-role": "", "judge-name": "Jesse Chand"}, {"judge-role": "", "judge-name": "Nikhil Bedi"}, {"judge-role": "", "judge-name": "Kaitlyn Lee"}, {"judge-role": "", "judge-name": "Ben Smith"}, {"judge-role": "", "judge-name": "Daniel Negari"}, {"judge-role": "", "judge-name": "Mike Lee"}], "hackathon-number-of-judges": "7", "hackathon-eligibility": "\n1.\u00a0Teams may be as large as you like. However, if your team would like to be eligible for prizes/competition, the maximum team size is 4 people\n2. Code must\u00a0have been written at HackSC 2015", "hackathon-number-of-participants": "137", "hackathon-is-colocated": "True", "hackathon-has-ended": "True", "hackathon-number-of-judging-criteria": "4", "hackathon-requirements": "", "hackathon-rules": "\n1. Be respectful of\u00a0the people and equipment around you\n2. Pick up after yourselves\n3. HAVE FUN AND LEARN SOMETHING NEW!", "hackathon-prizes": [{"prize-content": "Winning team will receive Microsoft Bands v2", "prize-title": "Microsoft Hack - Best Use of Azure"}, {"prize-content": "Qualifying technologies: OneNote, Office 365, Azure, Kinect for Windows, Windows 10 App, OneNote, Bing, Visual Studio", "prize-title": "Microsoft Hack - Best Overall Use of Microsoft Technology"}, {"prize-content": "Winning team will receive $1,000 prize", "prize-title": "Two Sigma - Best use of Beaker"}, {"prize-content": "Winning team will receive Disney Infinity 3.0 Edition: Star Wars\u2122 Saga Bundle", "prize-title": "Disney - Best Use of Visual Media"}, {"prize-content": "Winning team will receive: Apple Watch (stainless steel) 42mm with white sport band", "prize-title": "Apple - Best iOS or OS X app"}, {"prize-content": "Most cross-disciplinary Hack", "prize-title": "Best Renaissance Hack"}, {"prize-content": "Best first time hackathon hack", "prize-title": "Best Newbie"}, {"prize-content": "", "prize-title": "Best Mobile Hack"}, {"prize-content": "", "prize-title": "Best VR/Games Hack"}, {"prize-content": "", "prize-title": "Best Hardware Hack"}, {"prize-content": "", "prize-title": "Best Web Hack"}, {"prize-content": "", "prize-title": "Best Data Science Hack"}, {"prize-content": "Best hack that improves the world", "prize-title": "Hack for Good"}], "hackathon-location-google-maps": "https://maps.google.com/?q=Watt Way, Los Angeles, CA 90007, USA", "hackathon-url": "https://hacksc2015.devpost.com/", "hackathon-judging-criteria": [{"judging-criterion": ""}, {"judging-criterion": ""}, {"judging-criterion": ""}, {"judging-criterion": ""}], "hackathon-location-address": "Watt Way, Los Angeles, CA 90007, USA", "hackathon-description-header": "Welcome to the HackSC Factory!", "hackathon-prizes-total": "0", "hackathon-location-description": "University of Southern California", "hackathon-end-date": "2015-11-15", "has-projects": "True"}