{"hackathon-description-text": "\nThe SmallBizDev Hackathon in New York is a chance for you to create new financial solutions for 23 million American small businesses. With mobile technology positioned to make a real impact in this space, we want to see mobile apps that address the most critical challenges facing small businesses. So register today. The most promising submissions will win their share of our\u00a0", "hackathon-number-of-prizes": "2", "hackathon-id": "smallbizdevhackny", "hackathon-judges": [{"judge-role": "", "judge-name": "TBC"}], "hackathon-number-of-judges": "1", "hackathon-eligibility": "\nYou must be 18 or older to participate, and either you or your team leader must be a permanent resident or citizen of the U.S.", "hackathon-number-of-participants": "32", "hackathon-is-colocated": "True", "hackathon-has-ended": "True", "hackathon-number-of-judging-criteria": "4", "hackathon-requirements": "\nSubmitted apps must be germane to the theme of solutions to the needs of small business owners.", "hackathon-rules": "\n\u00a0for Official Rules.", "hackathon-prizes": [{"prize-content": "", "prize-title": "Grand Prize"}, {"prize-content": "", "prize-title": "Runner Up"}], "hackathon-location-google-maps": "https://maps.google.com/?q=968 3rd Avenue, New York, NY 10022, USA", "hackathon-url": "https://smallbizdevhackny.devpost.com/", "hackathon-judging-criteria": [{"judging-criterion": "How new is this idea? Could this be a radical innovation or a meaningful new take on an existing product or service?"}, {"judging-criterion": "Does the App have the ability to meet the needs of small businesses, for example by helping them, make better financial decisions, manage cash flow or prepare to access funding/investors?"}, {"judging-criterion": "Does the App show promise of performing in the marketplace?"}, {"judging-criterion": "How well does App perform the function defined by Participant?"}], "hackathon-location-address": "968 3rd Avenue, New York, NY 10022, USA", "hackathon-description-header": "Build for small business.", "hackathon-prizes-total": "$20,000", "hackathon-location-description": "", "hackathon-end-date": "2014-09-14", "has-projects": "True"}