{"hackathon-description-text": "\nCornHacks aims to bring some of the most talented developers from around the Midwest to join in a weekend full of hacking.", "hackathon-number-of-prizes": "3", "hackathon-id": "cornhacks2018", "hackathon-judges": [{"judge-role": "", "judge-name": "TBA"}], "hackathon-number-of-judges": "1", "hackathon-eligibility": "\nUndergraduate students at UNL in teams of up to 4.", "hackathon-number-of-participants": "20", "hackathon-is-colocated": "True", "hackathon-has-ended": "True", "hackathon-number-of-judging-criteria": "3", "hackathon-requirements": "", "hackathon-rules": "\nFollow the \n and \n Code of Conduct. All code must have been created by only team members from Saturday, April 14, 10:15am to Sunday, April 15, 11:30am.", "hackathon-prizes": [{"prize-content": "$175 gift card per person on the team", "prize-title": "First Place"}, {"prize-content": "$75 gift card per person on the team", "prize-title": "Second Place"}, {"prize-content": "$50 gift card per person on the team", "prize-title": "Third Place"}], "hackathon-location-google-maps": "https://maps.google.com/?q=1144 T St, Lincoln, NE 68508, USA", "hackathon-url": "https://cornhacks2018.devpost.com/", "hackathon-judging-criteria": [{"judging-criterion": "How far they got in their project. Does it work? Did they execute it well?"}, {"judging-criterion": "Not how creative the idea itself is, but how they solved the problem. Their creativity in using tools to solve the problem at hand."}, {"judging-criterion": "Does this have real-world implication? It could make a positive impact in anyway. Could be fun, time-saving, or any other helpful idea."}], "hackathon-location-address": "1144 T St, Lincoln, NE 68508, USA", "hackathon-description-header": "CornHacks: University of Nebraska-Lincoln Hackathon", "hackathon-prizes-total": "$1,200", "hackathon-location-description": "Avery Hall", "hackathon-end-date": "2018-04-15", "has-projects": "True"}