{"hackathon-description-text": "\nWelcome to the", "hackathon-number-of-prizes": "19", "hackathon-id": "hackru-fall2016", "hackathon-judges": [{"judge-role": "", "judge-name": "TBA"}], "hackathon-number-of-judges": "1", "hackathon-eligibility": "\nStudents who have registered for HackRU and checked-in to the event are eligible to participate. As per MLH regulations, all hackers must currently be a student or have graduated within the last school year.\nAll participants are only allowed to be a part of\u00a0\nParticipants MUST print and sign this waiver\u00a0to be allowed entry.\u00a0", "hackathon-number-of-participants": "121", "hackathon-is-colocated": "True", "hackathon-has-ended": "True", "hackathon-number-of-judging-criteria": "1", "hackathon-requirements": "", "hackathon-rules": "\nAll projects MUST be submitted to DevPost by 11:30AM on Sunday, October 23.\u00a0\nAll attendees must agree to and sign the provided waiver upon entry.\nAll attendees are required to adhere to the\u00a0\n.\n\nHackRU is a community hackathon intended for collaboration and learning in the student community. We value the participation of each member of the student community\u00a0and want all attendees to have an enjoyable experience. All participants are expected to show respect to other fellow participants throughout the hackathon. All attendees and speakers at HackRU are required to conform to the following Code of Conduct.\u00a0The organizing team and Rutgers University reserve the right to enforce, revise, and append these rules.\nWe believe that every individual has the right to hack in a safe and amicable environment. All HackRU participants comply to:\n\nIf you feel uncomfortable or think there may be a possible violation of the code of conduct, please report it immediately. All individuals who report remain anonymous. The HackRU Organizers will work to resolve all incidents alongside MLH representatives.\u00a0", "hackathon-prizes": [{"prize-content": "Domain.com Swag Bags", "prize-title": "Best Domain Name from Domain.com"}, {"prize-content": "Prize: 1 TB Hard Drives", "prize-title": "Best Use of AWS (Amazon Web Services)"}, {"prize-content": "Watch Dogs 2 Collector\u2019s Edition for each member of the team.", "prize-title": "Watch Dogs\u00ae 2 Best Device Privacy Hack"}, {"prize-content": "Prize: Rutgers Apparel", "prize-title": "Best Rutgers Hack"}, {"prize-content": "Prize: Cards against Humanity", "prize-title": "Funniest Hack"}, {"prize-content": "Prize: Speakers, Battery Packs", "prize-title": "Best First Hackathon Project"}, {"prize-content": "Prize: Wireless Headphones", "prize-title": "Best Solo Hack"}, {"prize-content": "Prize: Full Arduino kit", "prize-title": "Best Hardware Hack"}, {"prize-content": "Prize: Keyboard", "prize-title": "Best Command Line Hack"}, {"prize-content": "Prize: Survival Kit", "prize-title": "Best Travel Hack"}, {"prize-content": "Prize: 7 pounds of starburst", "prize-title": "Best Halloween Hack"}, {"prize-content": "Prize: The top hack in this category will win VIP tickets to the Daily Show w/ Trevor Noah - 2 for each team member!", "prize-title": "Best Video Hack from Viacom"}, {"prize-content": "Prize: Samsung Galaxy Tab S2", "prize-title": "Best Use of Linode Servics"}, {"prize-content": "Prize: Amazon Gift Cards", "prize-title": "Best Use of MongoDB"}, {"prize-content": "Prize: $256 + SWAG + name recognition for a project seen by thousands of residents per day in 10+ locations", "prize-title": "Best Kiosk Tile from New Brunswick Office of Innovation"}, {"prize-content": "Prize: $250 Amazon gift card", "prize-title": "Best Use of Nessie API from Capital One"}, {"prize-content": "Prize: Samsung gear VR headsets", "prize-title": "Best use of Twilio API"}, {"prize-content": "Prize: Amazon Echo", "prize-title": "Best Health Hack from Merck"}, {"prize-content": "Prize: 2 Lego Mindstorms", "prize-title": "Most Innovative Use of Artificial Intelligence to Control Hardware from Siemens"}], "hackathon-location-google-maps": "https://maps.google.com/?q=Rutgers Student Center, 126 College Ave, New Brunswick, NJ 08901, USA", "hackathon-url": "https://hackru-fall2016.devpost.com/", "hackathon-judging-criteria": [{"judging-criterion": ""}], "hackathon-location-address": "Rutgers Student Center, 126 College Ave, New Brunswick, NJ 08901, USA", "hackathon-description-header": "Learn something new", "hackathon-prizes-total": "$1,560", "hackathon-location-description": "College Avenue Student Center", "hackathon-end-date": "2016-10-23", "has-projects": "True"}