{"hackathon-description-text": "\n\u00a0", "hackathon-number-of-prizes": "5", "hackathon-id": "mmsf17", "hackathon-judges": [{"judge-role": "Managing Director, Software Investments GE Ventures", "judge-name": "Abhishek Shukla"}, {"judge-role": "Director, IoT Developer Programs at Intel", "judge-name": "Bill Pearson"}, {"judge-role": "Director of Innovation, Ecomagination at GE", "judge-name": "Elizabeth Wayman"}, {"judge-role": "VP, Software Engineering, Predix Edge Platform at GE Digital", "judge-name": "Jean Lau"}, {"judge-role": "Partner, Invenergy", "judge-name": "John Tough"}, {"judge-role": "Chief Data Officer, City of San Diego", "judge-name": "Maksim Pecherskiy"}, {"judge-role": "Technical Solutions Specialist, Intel", "judge-name": "Michael Thomas"}, {"judge-role": "Director of Developer Relations, GE Digital", "judge-name": "Lothar Schubert"}, {"judge-role": "CTO at the Hive", "judge-name": "Mohan Reddy"}, {"judge-role": "Deputy CIO, City of Atlanta", "judge-name": "Vijay Gogineni"}, {"judge-role": "Director, Predix Solution and Partner Marketing, GE Digital", "judge-name": "Samta Bansal"}, {"judge-role": "Sr Director of Software Engineering, GE Digital", "judge-name": "Venkat Sivasubramanian"}], "hackathon-number-of-judges": "12", "hackathon-eligibility": "\nIndustrial-minded people with strong interest and experience with industrial data\u00a0or software development are invited. Participants will include employees of industrial companies, system integrators or technology providers, start-ups, and students.", "hackathon-number-of-participants": "134", "hackathon-is-colocated": "True", "hackathon-has-ended": "True", "hackathon-number-of-judging-criteria": "5", "hackathon-requirements": "", "hackathon-rules": "\n\u00a0\n\n\n\n\u00a0All teams (including each participant) must be registered for the Minds + Machines conference via GE Digital\u2019s website\u00a0\nand pay any applicable registration and conference fees. In addition, each team/participant must submit an online application for entry into the Appathon. One application may be submitted per team/participant. Limit of 5 people per team. Attendee type = \u201cAppathon\u201d.\n\nDuring the Appathon, each team/participant will build and submit applications on GE Digital\u2019s Predix Platform (each a \u201cSubmission\u201d).\nSubmissions:\u00a0\n\n\n\n\nTeams can have up to five members. Upon registration, please select \u201cI have a team\u201d if you will form your own amongst others attending the hackathon. Choose \u201cindividual\u201d if you want to be paired with others.\u00a0\nThere will be two tracks offered for the Appathon:\n\u00a0Limited to organizations with less than $15M revenue, less than 50 employees, AND less than 5 years of funding. Individuals without company support (e.g. full-time students) will also compete in this track.\n\u00a0Available to most larger industrial organizations, system integrators, and technology providers. However, employees of GE or GE majority-controlled entities are excluded.\nAdditionally, there will be a smaller track exclusively for selected GE employees.\u00a0\n\n\u00a0\n\n\nOFFICIAL RULES\nBy attending, and making a Submission (as defined herein) to the 2017 Minds + Machines Appathon (the \u201cAppathon\u201d), you are agreeing to be bound by the following terms (\u201cOfficial Rules\u201d). The Official Rules also incorporate by reference the additional terms specified at\u00a0\n\u00a0(the \u201cAppathon Website\u201d). THESE OFFICIAL RULES SUPERSEDE ANY OTHER RULES AND TERMS & CONDITIONS ON THE WEBSITE OF ADMINISTRATOR DEVPOST OR ANY OTHER ADVERTISEMENT TO THE EXTENT THERE IS ANY CONFLICT OF TERMS.\nThe Appathon is sponsored by General Electric Company (\u201cGE\u201d), 3135 Easton Parkway, Fairfield, CT 06828 and Intel Corp., 220 Mission College Blvd, Santa Clara, CA 95054 (\u201cIntel\u201d). The Appathon Website is administered by Devpost, Inc. (\u201cAdministrator\u201d), 433 W. 14th Street, #3F, New York, NY 10014. Administrator Devpost, Intel and GE collectively are referred to as \u201cSponsors\u201d \u201cwe\u201d or \u201cus\u201d.\n\n\u00a0\n\u00a0Decarbonization, Decentralization, and Digitization are driving transformation across the global energy sector. \u00a0Today, more renewable energy is installed on a yearly basis than all other forms of energy generation combined.\u00a0 At the same time, distributed energy resources like rooftop solar are driving a backwards flow of electricity in distribution systems.\u00a0\nDigital tools applied to existing power plants are already driving efficiencies that reduce fuel consumption and greenhouse gas emissions, while increasing output.\u00a0 Develop new solutions on GE\u2019s Predix platform to drive the future of energy.\u00a0\nExample solutions include renewable energy generation siting, electric vehicle charger siting, renewable energy integration,\u00a0asset performance management and field services management, electricity distribution optimization, maximizing efficiency and output of energy generation systems to do more with less fuel.\u00a0\n\u00a0\n\u00a0\n\u00a0\nParticipation in the Appathon is subject to all national, state and local laws and regulations. Void where prohibited or restricted by law. You are responsible for checking applicable laws and regulations in your jurisdiction before participating in the Appathon to make sure that your participation is legal. You are responsible for abiding by your employer's policies regarding participation in the Appathon and ensuring that your Submission does not violate any policies set by your company/employer. You are further responsible for ensuring that your participation in the Appathon and your Submission does not violate any contractual obligations or other legal obligation you may have regarding confidentiality or intellectual property ownership to your company/employer. Sponsors disclaim any and all liability or responsibility for disputes arising between you and your employer related to this Appathon. You are responsible for all taxes and reporting related to any award that you may receive as part of the Appathon. You may be subject to background screening as needed to assure the Sponsors\u2019 legal compliance.\n\n\nIMPORTANT NOTE ON GE EMPLOYEE PARTICIPATION: Full-time Employees of GE and any of their respective affiliates or subsidiaries are not eligible to attend and enter the Appathon except as set forth in this paragraph or by invitation by Sponsor. GE DTLP program employees may enter the Appathon, provided that DTLP participants must only use their general skills and expertise and are prohibited from using GE confidential information in their Submission, including information that is the subject of any pending GE patent application or any other technical or business information concerning any GE technology, product or service that GE does not publicly disclose; and GE will own all right, title and interest in any Submission made by such employees as part of the Appathon. GE employees that have any questions regarding complying with their GE confidentiality obligations should contact Sid Venkatesan (\n) or Todd Jewett (todd.jewett@ge.com).\nGE DTLP entrants may only join a Team with other DTLP entrants. DTLP Teams will compete for prizes in the GE Track and non-GE DTLP Teams will compete for prizes in the Non-GE Track (collectively, the \u201cPrize Tracks\u201d).\nThe Appathon is open to eligible individuals over the age of 18 who are registered as per the terms set out above and are able to attend the Appathon in-person.\nEligible individuals may enter only one Submission to the Appathon.\u00a0An eligible individual may join only one Team and an Eligible Individual who is part of a Team may not enter the Appathon on an individual basis.\nIf a Team is entering the Appathon, they must appoint and authorize one individual (the \u201cRepresentative\u201d) to represent, act, and enter a Submission, on their behalf. The Representative must meet the eligibility requirements above. By entering a Submission on the Site on behalf of a Team you represent and warrant that you are the Representative authorized to act on behalf of your Team, or Organization, if the Team is submitting on behalf of an Organization. Unless the team has submitted as an organization, prizes will be distributed to the individual members of a winner's Team.\n\u00a0\n\nA. Individuals directly involved with the design, production, promotion, execution, or distribution of the Appathon, and each member of their immediate family or household*;\nB. Any Judge (defined below), or company or individual that employs a Judge;\nC. Any individual or organization whose participation in the Appathon would create, in the sole discretion of the Sponsor, a real or apparent conflict of interest.\nD. Any individual or organization that resides in Cuba, Iran, Myanmar, North Korea, Sudan, or Syria.\n*The members of an individual\u2019s immediate family include the individual\u2019s spouse, children and stepchildren, parents and stepparents, and siblings and stepsiblings. The members of an individual\u2019s household include any other person that shares the same residence as the individual for at least three (3) months out of the year.\nYou are solely responsible for all equipment, as well as all costs incurred by you or on your behalf associated with attending and participating in the Appathon, including but not necessarily limited to, a computer and modem necessary to establish a connection to the World Wide Web.\n\u00a0\n\u00a0Register for the Appathon on the Appathon Website by clicking the \u201cRegister for this Appathon\u201d button. This will enable you to receive important updates during the Appathon and access the \u201cEnter a Submission\u201d page. To complete registration, sign up to create a Devpost account, or log in with an existing Devpost account. There is no charge for creating a Devpost account. This accounted can be created at\u00a0\n. All of the registration information that you provide is collectively referred to as your \"Devpost Account.\" At the Appathon Website you will find further instructions for submitting your entry. You must submit your completed entry (your \u201cEntry\u201d or \u201cSubmission\u201d) following the instructions provided. By submitting your Entry, you formally accept the Official Rules for this Appathon.\nBy making a Submission, you agree that (a) your Accounts are complete, correct and accurate and (b) your registration may be rejected or terminated and any Submission submitted by you may be disqualified if any of the information in your Accounts are (or Sponsors have reasonable grounds to believe it is) incomplete, incorrect or inaccurate. You are solely responsible for your Accounts. Registration information is collected by Devpost in the United States, on behalf of the Sponsor, and may be transferred elsewhere globally as needed for the purposes of the Appathon and the Sponsors\u2019 business purposes.\nAll Entries must be in English. Entry attachments may be submitted in .pdf, .xls, .xlsx, .doc, docx, .ppt, or .pptx formats. Multiple files must be submitted as a single .zip file. Links to publicly available online videos (e.g., YouTube) can be included in your Entry. There is a maximum limit of 35MB for your complete Entry, including supplemental attachments.\n\u00a0Sponsor is not responsible for (a) late, lost, stolen, damaged, garbled, incomplete, incorrect or misdirected Entries or other communications, (b) errors, omissions, interruptions, deletions, defects, or delays in operations or transmission of information, in each case whether arising by way of technical or other failures or malfunctions of computer hardware, software, communications devices, or transmission lines, or (c) data corruption, theft, destruction, unauthorized access to or alteration of Entry materials, loss or other issues related to data such as quality, access or security. Sponsors are not responsible for electronic communications or emails which are undeliverable as a result of any form of active or passive filtering of any kind, or insufficient space in any email account to receive email messages. Sponsors disclaim any liability for damage to any computer system resulting from participation in, or accessing or downloading of information in connection with, the Appathon.\n\u00a0Sponsors shall have the right to remove any blog comment or posting related to the Appathon from the Appathon Website in their sole discretion at any time and for any reason.\n\u00a0BY REGISTERING FOR THE APPATHON, YOU ACCEPT THE CONDITIONS STATED IN THESE OFFICIAL RULES, AGREE TO BE BOUND BY THE DECISIONS OF THE APPATHON JUDGES AND WARRANT THAT YOU ARE ELIGIBLE TO PARTICIPATE IN THE APPATHON. IF YOU DO NOT ACCEPT ALL OF THESE OFFICIAL RULES, THEN DO NOT SUBMIT AN ENTRY TO THE APPATHON. WE RECOMMEND THAT YOU PRINT A COPY OF THESE OFFICIAL RULES FOR YOUR FUTURE REFERENCE.\n\u00a0\n\n\u00a0\nAppathon Teams and/or Participants (hereinafter \u201cYou\u201d) will submit Submissions via instructions on the Appathon Website and as communicated by Sponsors during the Appathon. You must adhere to the following activities to participate in the Appathon:\u00a0\nSubmissions:\u00a0\n\u00a0\n(i)\u00a0\nThe Application must be accessible via an active URL and run on a mobile or desktop web browser.\n(ii)\u00a0\nYou must make the Application available free of charge and without any restriction, for testing, evaluation and use by the Sponsor, Administrator and judges during the Appathon and until Judging ends. You must provide an active URL for accessing the Application on the Enter a Submission form and the You must continue to host the Application at the submitted URL until Appathon winners are announced. The Sponsor reserves the right to request proof that the required components of a submitted Application were utilized and may request to see Application source code, Predix Account Information, or other information for verification purposes.\n(iii)\u00a0\nThe Application must function as depicted in other Submission materials. All Applications must be usable by the intended end user with existing technologies within the near term. Applications must not rely on a technology that is not yet publicly announced or introduced in the market or subject to any third party obligation of confidentiality.\n(v)\u00a0\n: Both new and existing apps may be submitted, although judging will focus on app content delivered during hackathon.\u00a0\n(vi)\u00a0\nApplications may utilize data from\u00a0 publicly available sources in addition to GE Predix services, and may integrate SDKs, or APIs, provided the You is authorized to use them.\n(vii)\u00a0\n\u00a0\n\u00a0Such\u00a0Applications include, but are not limited to, those that received funding or\u00a0investment for their development, were developed\u00a0under contract, or received a\u00a0commercial license, from the Sponsor prior\u00a0to the Appathon\n\u00a0\nB. General Submission Requirements\n(i)\u00a0\nAn individual or Team may not submit more than one Submission to the Appathon. If an individual or Team submits more than one Submission, the Sponsor will require the individual or Team to choose one of the Submissions to enter.\n(ii)\nAll Submission materials must be in English or, if not in English, the You must provide an English translation of the Submission materials.\n(iii)\u00a0\nThe text description should explain the features and functionality of your Application.\n(iv)\nYou must submit at least one image of their Application. The image(s) should be photographs or screenshots of your working Application.\u00a0\n(v)\nYou are\u00a0\n\u00a0to submit a demonstration video. If you choose to submit a video, the video portion of the Submission:\u00a0\na. should be less than five (5) minutes;\nb. should include footage that clearly explains the Application\u2019s features and functionality through a comprehensive demonstration;\nc. should be uploaded to YouTube or Vimeo, and\nd. must not include third party trademarks, or copyrighted music or other content unless the You has permission to use such material for commercial purposes without incurring any legal obligation on the Sponsors.\n\n\u00a0\nBY ENTERING THE APPATHON YOU REPRESENT, WARRANT, AND AGREE THAT YOUR SUBMISSION MEETS THESE REQUIREMENTS.\n\u00a0\nFor any final Submission to be eligible to win prizes in the Appathon, all Open Source Software or third party code or other materials used in connection with that Submission must be limited to code that Sponsor will be legally entitled to commercially use and exploit in any fashion at no additional cost to the Sponsor and that will not in any way or in any Sponsor use case: (i) create, or purport to create, obligations of Sponsor with respect to the Sponsor\u2019s programs; or (ii) grant, or purport to grant, to any third party any rights to or immunities under Sponsor\u2019s intellectual property or proprietary rights in Sponsor\u2019s programs.\u00a0 Open Source Software that is under the BSD, MIT, Creative Commons \u2013 Attribution (CC BY), Microsoft Public License (MS-PL), Python Software Foundation License, or Apache Software License v 2.0 license will be accepted in a Submission (the \u201cAllowable Open Source Licenses\u201d).\u00a0 Other open source software that is covered by licenses that are not in the list of Allowable Open Source Licenses shall not be included in any Submission unless, prior to submission, that particular open source software component\u2019s license and intended use case have been approved in writing by the Sponsor.\u00a0 In addition to the aforementioned requirements related to Open Source Software, all Submissions of Open Source Software must be in material compliance with all terms and conditions of the applicable licenses governing its use (e.g. providing downstream recipients with required copyright attribution, copies of Open Source Licenses, etc.).\n\nWe may provide You, at our sole discretion, computer software, documentation, technical information, technical assistance, testing feedback, training materials, sample code, APIs, software development kits, and other materials, information, software, hardware or services (collectively, \u201cSponsor Materials\u201d) as part of the Appathon. Sponsor retains all right, title and interest in any Sponsor Materials, and may suspend or terminate Your access to the Sponsor Materials at any time, without notice.\nTo the extent that we provide You with access to the Sponsor Materials or computer networks, facilities, or software repositories, You agree to use such access only for the Appathon and for no other purpose. You agree not to exceed the scope of access authorized by us to computer networks or facilities. You agree to take reasonable precautions to protect any passwords, badges, or other access credentials granted by us, and agree to report any lost or stolen access credentials or security breach to us immediately.\nYou are not entitled to receive any technical support in connection with the Appathon. In particular, You agree not to attempt to contact Predix Technical Support for telephone support. We may provide You, at our sole discretion, training materials and technical assistance related to the development of the Applications, as specified by us.\nWe grant You a limited, personal, non-exclusive license, during the term, to use the Sponsor Materials solely to develop and test applications in connection with the Appathon only. You agree not to use the Sponsor Materials for any other purpose, including, but not limited to, any commercial product or service offered, leased, rented, sublicensed or sold to third parties or for Your own production use. You shall not use, copy, modify, distribute, transfer, assign, display or otherwise disclose any Sponsor Materials, except as expressly authorized by us. We may provide certain third party software to You under a separate license (including, but not limited to, certain open source licenses), and any use by You of such third party software is subject to the terms and conditions of such licenses.\nYou may, in Your sole discretion, provide us with suggestions or feedback for additions, changes, or improvements to our products or services, including, without limitation, the Predix platform and the Sponsor Materials (collectively, \u201cProduct Suggestions\u201d). If You provide any Product Suggestion to us, then You agree that as between You and us, we shall exclusively own any use, application, or implementation of such Product Suggestion in our products and services, without restriction or obligation to compensate You.\nExcept for the licenses expressly granted herein, each Party retains all right, title, and interest in all copyrights, patents, patent applications, trademarks, trade secrets, and other intellectual property or proprietary rights owned or controlled by such Party before or during the Appathon. No rights or licenses shall be implied or deemed granted by waiver, estoppel, or otherwise.\n\n\nBy participating in the Appathon you consent to the use of personal information about you. If you are a winner, you consent to the use of your personal information by the Sponsor, Sponsor\u2019s Partners, Administrator, and third parties acting on their behalf. Such personal information includes, but is not limited to, your name, likeness, photograph, voice, opinions, comments and hometown and country of residence. It may be used in any existing or newly created media, worldwide without further payment or consideration or right of review, unless prohibited by law. Authorized use includes advertising and promotional purposes.\nThe duration of your consent is for a period of three years following the conclusion of the Appathon. This consent applies, as applicable, to all members of a Your Team or Organization that participated in the winning Submission.\n\u00a0\n\u00a0\n(a) is your own original work and representative of your capability, or is submitted by permission with full and proper credit given within your Submission;\n(b) does not contain confidential information or trade secrets (yours or anyone else\u2019s);\n(c) does not, to the best of your knowledge, violate or infringe upon the patent rights, industrial design rights, copyrights, trademarks, rights of privacy, publicity or other intellectual property or other rights of any person or entity;\n(d) does not contain malicious code, such as viruses, malware, timebombs, cancelbots, worms, Trojan horses or other potentially harmful programs or other material or information;\n(e) does not and will not violate any applicable law, statute, ordinance, rule, regulation, confidentiality agreement or other agreement; and\n(f) does not trigger any reporting or royalty or other obligation to any third party.\nA breach of any warranty set out in this provision of the Official Rules will result in the corresponding Submission being invalid. In addition, you agree to indemnify Sponsors against all loss, damages and costs, including attorneys\u2019 fees, incurred by the Sponsors arising from your breach of the warranty and to fully cooperate with Sponsors in resolving any allegation, including any legal proceeding, arising from any breach of this warranty.\n\u00a0\n\u00a0\n\nThe Judges will score eligible Submissions using the following equally weighted criteria (the \u201cJudging Criteria\u201d):\n\u00a0\nThe You(s) that are eligible for a prize, and whose Submissions earn the highest overall scores based on the applicable Judging Criteria, will become potential winners of that prize.\n\u00a0\n\u00a0\n\n$20,000 cash to be split among team members (5max), fast track to interview with accelerator, show off project 2nd day of conference on event floor.\n$10,000 cash to be split among team members (5 max).\nNon Cash Prize - Valued at $105k. 30 students get free training for Predix Developer Boot Camp or Predix Studio and App Engine boot camp (any available modality), 30 students to get free certification vouchers for Predix Dev. Cert or Predix Studio Cert exam. * Valid till Dec 31 2017\n\u00b7\u00a0\u00a0\u00a0\u00a0\u00a0\u00a0\nNon Cash Prize - Valued at $50k+. 15 students get free training for Predix Developer Boot Camp or Predix Studio and App Engine boot camp (any available modality), 15 students to get free certification vouchers for Predix Dev. Cert or Predix Studio Cert exam, Valid till Dec 31 2017.\n\u00a0\u00a0\nBy entering, You (including, in the case of a Team or Organization, all participating members) agree to be bound by the Official Rules and hereby release the Sponsor, Sponsor\u2019s Partners, Administrator, other Appathon Sponsors, and their respective parent, subsidiary, and affiliated companies, the prize suppliers and any other organizations responsible for sponsoring, fulfilling, administering, advertising or promoting the Appathon, and all of their respective past and present officers, directors, employees, agents and representatives (hereafter the \u201cReleased Parties\u201d) Released Parties from and against any and all liability in connection with the prizes or Your participation in the Appathon, including any injuries, losses, damages, claims, actions and any liability of any kind (including attorneys\u2019 fees) resulting from or arising out of your participation in, association with or submission to the Appathon (including any claims alleging that your Submission infringes, misappropriates or violates any third party\u2019s intellectual property rights). The Released Parties are not responsible for any miscommunications such as technical failures related to computer, telephone, cable, and unavailable network or server connections, related technical failures, or other failures related to hardware, software or virus, or incomplete, late or misdirected Submissions. Provided, however, that any liability limitation regarding gross negligence or intentional acts, or events of death or body injury shall not be applicable in jurisdictions where such limitation is not legal.\u00a0\n\n(i) The relationship between You, and the Sponsor and Administrator, is not a confidential, fiduciary, or other special relationship.\n(ii) You will be bound by and comply with these Official Rules and the decisions of the Sponsor, Administrator, and/or the Appathon Judges which are binding and final in all matters relating to the Appathon.\n(iii) You release, indemnify, defend and hold harmless the Released Parties from and against any and all claims, expenses, and liabilities (including reasonable attorneys\u2019 fees), including but not limited to negligence and damages of any kind to persons and property, defamation, slander, libel, violation of right of publicity, infringement of trademark, copyright or other intellectual property rights, property damage, or death or personal injury arising out of or relating to Your entry, creation of Submission or entry of a Submission, participation in the Appathon, acceptance or use or misuse of the prize (including any travel or activity related thereto) and/or the broadcast, transmission, performance, exploitation or use of the Submission as authorized or licensed by these Official Rules.\u00a0\n(i) any incorrect or inaccurate information, whether caused by the Sponsor or Administrator\u2019s electronic or printing error, or by any of the equipment or programming associated with or utilized in the Appathon;\u00a0\n(ii) technical failures of any kind, including, but not limited to malfunctions, interruptions, or disconnections in phone lines, internet connectivity or electronic transmission errors, or network hardware or software or failure of the Appathon Website;\n(iii) unauthorized human intervention in any part of the entry process or the Appathon;\u00a0\n(iv) technical or human error which may occur in the administration of the Appathon or the processing of Submissions; or\u00a0\n(v) any injury or damage to persons or property which may be caused, directly or indirectly, in whole or in part, from Your participation in the Appathon or receipt or use or misuse of any prize.\nThe Released Parties are not responsible for incomplete, late, misdirected, damaged, lost, illegible, or incomprehensible Submissions or for address or email address changes. Proof of sending or submitting will not be deemed to be proof of receipt by the Sponsor or Administrator.\nIf for any reason Your Submission is determined to have not been received or been erroneously deleted, lost, or otherwise destroyed or corrupted, Your sole remedy is to request the opportunity to resubmit its Submission. Such request must be made promptly after the You knows or should have known there was a problem, and will be determined at the sole discretion of the Sponsor.\n\nA. Sponsor and Administrator reserve the right, in their sole discretion, to cancel, suspend and/or modify the Appathon, or any part of it, in the event of a technical failure, fraud, or any other factor or event that was not anticipated or is not within their control.\nB. Sponsor and Administrator reserve the right in their sole discretion to disqualify any individual or You it finds to be actually or presenting the appearance of tampering with the entry process or the operation of the Appathon or to be acting in violation of these Official Rules or in a manner that is inappropriate, unsportsmanlike, not in the best interests of this Appathon, or a violation of any applicable law or regulation.\u00a0\nC. Any attempt by any person to undermine the proper conduct of the Appathon may be a violation of criminal and civil law.\u00a0 Should Sponsor or Administrator suspect that such an attempt has been made or is threatened, they reserve the right to take appropriate action including but not limited to requiring a You to cooperate with an investigation and referral to criminal and civil law enforcement authorities\nE. The terms and conditions of the Official Rules are subject to reasonable changes that are necessary or advisable at any time, including the rights or obligations of the You, the Sponsor and the Administrator. The Sponsor and Administrator will post the terms and conditions of the amended Official Rules on the Appathon Website.\u00a0 To the fullest extent permitted by law, any amendment will become effective at the time specified in the posting of the amended Official Rules or, if no time is specified, the time of posting.\u00a0\nF. If at any time prior to the deadline, a You or prospective You believes that any Official Rule is or may be unclear or ambiguous, they must submit a written request for clarification. \u00a0\u00a0\nG. The invalidity or unenforceability of any provision of these Official Rules shall not affect the validity or enforceability of any other provision.\nH. Excluding Submissions, all intellectual property related to this Appathon, including but not limited to Sponsor Materials, copyrighted material, trademarks, trade-names, logos, designs, promotional materials, web pages, source codes, drawings, illustrations, slogans and representations are owned or used under license by the Sponsor and/or Administrator. All rights are reserved. Unauthorized copying or use of any copyrighted material or intellectual property without the express written consent of its owners is strictly prohibited.\u00a0Any use in a Submission of Sponsor or Administrator intellectual property shall be solely to the extent provided for in these Official Rules.\nI. By entering the Appathon, you waive all rights to seek injunctive or equitable relief, or to claim punitive, incidental or consequential damages, or attorneys\u2019 fees.\n\u00a0\n\n\u00a0\n\u00a0\n\u00a0\u201cOpen Source Software\u201d means any software code that is distributed as \u201copen source software\u201d or \u201cfreeware\u201d or is otherwise distributed publicly or made generally \u200eavailable in \u200esource code form under terms that permit modification and redistribution of such \u200esoftware on the condition that if such software code is redistributed that it be (i) disclosed or distributed in source code form; (ii) licensed for the purpose of making derivative works; or (iii) distributed at no charge, including but not limited to, software licensed or distributed under any of the collection of Open Source Initiative (\u201cOSI\u201d) approved licenses.", "hackathon-prizes": [{"prize-content": "$20,000 cash to be split among team members (5max), fast track to interview with accelerator, show off project 2nd day of conference on event floor.", "prize-title": "1st Place: Startup Track"}, {"prize-content": "$10,000 cash to be split among team members (5 max).", "prize-title": "2nd Place: Startup Track"}, {"prize-content": "Non Cash Prize - Valued at $105k. 30 students get free training for Predix Developer Boot Camp or Predix Studio and App Engine boot camp (any available modality), 30 students to get free certification vouchers for Predix Dev. Cert or Predix Studio Cert exam.    * Valid till Dec 31 2017", "prize-title": "1st Place: Enterprise Track"}, {"prize-content": "Non Cash Prize  - Valued at $50k+. 15 students get free training for Predix Developer Boot Camp or Predix Studio and App Engine boot camp (any available modality), 15 students to get free certification vouchers for Predix Dev. Cert or Predix Studio Cert exam, Valid till Dec 31 2017.", "prize-title": "2nd Place: Enterprise Track"}, {"prize-content": "", "prize-title": "1st Place: GE Track"}], "hackathon-location-google-maps": "https://maps.google.com/?q=Moscone Center South, 747 Howard St, San Francisco, CA 94103, USA", "hackathon-url": "https://mmsf17.devpost.com/", "hackathon-judging-criteria": [{"judging-criterion": "Extent to which the application \u201chits the mark\u201d with regards to challenge design. Could it help driving the future of energy, reducing emissions, and / or improving air quality? Did it utilize relevant data sources (such as the data provided)?"}, {"judging-criterion": "Extent to which the value provided to the end user is realistically achievable. Key criteria: App end-user experience; simplicity of software architecture; readily availability of technologies in the near term. Plus effectiveness of the pitch."}, {"judging-criterion": "What could be the impact on the global energy sector, and to what extend could the solution create actual business value? Has the team thought through potential monetization or go-to-market ideas?"}, {"judging-criterion": "Creativity and originality of the Application, such as in terms of business or technology idea, or usability, design, and intuitiveness."}, {"judging-criterion": "Has it been built on Predix as primary IIoT platform (note, this is an absolute requirement)?Were Predix Catalog Services used? Was the Predix Developer Kit (provided by Intel) used?"}], "hackathon-location-address": "Moscone Center South, 747 Howard St, San Francisco, CA 94103, USA", "hackathon-description-header": "GE wants YOU to develop new solutions on the Predix platform to drive the future of energy.", "hackathon-prizes-total": "$185,250", "hackathon-location-description": "Moscone West", "hackathon-end-date": "2017-10-25", "has-projects": "True"}