{"hackathon-description-text": "\nProjects\u00a0on agriculture, goverance, fintech, security, health, education, social good, climate impact and commerce are\u00a0accepted", "hackathon-number-of-prizes": "3", "hackathon-id": "tech-in-agriculture-kaduna", "hackathon-judges": [{"judge-role": "Lead Developer / Coders4Africa", "judge-name": "Ousmane Samba"}, {"judge-role": "CEO / Coders4Africa", "judge-name": "Yusuf Bashir"}, {"judge-role": "Lead Developer / Coders4Africa", "judge-name": "Kossi Selom Banybah"}, {"judge-role": "CTO / Coders4Africa", "judge-name": "Ali Kone"}, {"judge-role": "Managing Consultant / Fishouse Consult Limited", "judge-name": "Dr Ladan A. ALiyu"}, {"judge-role": "VP of Engineering / Coders4Africa", "judge-name": "Abou Kone"}, {"judge-role": "Lead Software Developemnt / Ahmadu Bello University Zaria", "judge-name": "Auwal Adamu Gene"}, {"judge-role": "CEO / DBHub", "judge-name": "Daniel Steeves"}], "hackathon-number-of-judges": "8", "hackathon-eligibility": "", "hackathon-number-of-participants": "86", "hackathon-is-colocated": "True", "hackathon-has-ended": "True", "hackathon-number-of-judging-criteria": "7", "hackathon-requirements": "\nHere are the guidelines to submit your project.\n1)\n\u00a0\n2)", "hackathon-rules": "\nProjects need to be designed considering the following:", "hackathon-prizes": [{"prize-content": "Each winner will be awarded 120 000 Naira", "prize-title": "Cash Prize"}, {"prize-content": "Access to The Kaduna ICT HUB program", "prize-title": "Access to Kaduna ICT HUB"}, {"prize-content": "Aptech Computer Education Kaduna Center is awarding a 50% scholarship to members of the hackathon best project group. The 50% scholarship applies to the individual specific IT skills training interest.", "prize-title": "Aptech Computer Education Kaduna Center Arewa Startup Scholarship Award"}], "hackathon-location-google-maps": "https://maps.google.com/?q=Kaduna, Nigeria", "hackathon-url": "https://tech-in-agriculture-kaduna.devpost.com/", "hackathon-judging-criteria": [{"judging-criterion": "How innovative, new, or creative is the Application, Website or Service? Is it better than other solutions?"}, {"judging-criterion": "Will the Application, Website or Service meaningfully impact the lives of many people within the Target Population?"}, {"judging-criterion": "How scalable is the Application, Website or Service? What percentage of the Target Population can the Application, Website or Service be made to reach? Localized or local content, and multilingual support are key sub-criteria. \n\u00a0"}, {"judging-criterion": "If it is not already, how soon can the Application, Website or Service be made available publicly (beyond limited trials and prototypes)? If the Application, Website, or Service is already publicly available, how stable and consistent is its performance?"}, {"judging-criterion": "Do you think they have a clear view of what\u2019s going to happen next?"}, {"judging-criterion": "How the project can be sustained? Is the business model based on third parties?"}, {"judging-criterion": "Multidisciplinary factor is key. Is the team well organized with diversified and defined roles?"}], "hackathon-location-address": "Kaduna, Nigeria", "hackathon-description-header": "Use technology to create solutions (apps, websites, devices) that improve the Agricultural value chain, Governance, Security, Commerce, Health", "hackathon-prizes-total": "$1,050", "hackathon-location-description": "Sir Ahmadu Bello Memorial Foundation", "hackathon-end-date": "2016-11-18", "has-projects": "True"}