{"hackathon-description-text": "\nThe goal of ycitesee Hackathon and Design Jam Day is to explore and build the next generation of travel applications. It's a full day of hacking in which participants will conceptualize, create and present their hacks at the close of the day. (Well will ensure you are comfortable, enjoy good food and leave with a swag bag. We are supporting Kumasi Children's Home & Orphanage, Ghana. More about that on the day. Please feel free to make a donation on the day.) We will be using the Pearson Eye Witness Guides travel API with access to points of interest, travel and activity data for 9 popular city destinations. Be inspired by the data to create awesome travel products! Anything goes as long as it's travel related.", "hackathon-number-of-prizes": "3", "hackathon-id": "ycitesee", "hackathon-judges": [{"judge-role": "Serial Entrepreneur and Director Innovation Warehouse", "judge-name": "Ami Shpiro"}, {"judge-role": "Head of Mobile Lastminute.com", "judge-name": "David Slocombe"}, {"judge-role": "API Developer Pearson", "judge-name": "Lawrie Nichols"}, {"judge-role": "CTO and Co-Founder Dreamstake", "judge-name": "Ralph Stenzel"}, {"judge-role": "Head of Web, Letolab", "judge-name": "Martin Warne"}], "hackathon-number-of-judges": "5", "hackathon-eligibility": "", "hackathon-number-of-participants": "8", "hackathon-is-colocated": "True", "hackathon-has-ended": "True", "hackathon-number-of-judging-criteria": "1", "hackathon-requirements": "\nThis is a travel hackathon anything travel goes e.g.:", "hackathon-rules": "\nAll code must be new! Prior to the hackathon you can create your design, \nwireframes, logo, and user flows. Either enter as a team or as an \nindividual. You can can access the Pearson Eye Witness Guides API,\n\u00a0from 5th - 9th August to prepare. For access to the Pearson API key \nplease email us. But to make things completely fair you cannot write \nany code whatsoever until the hackathon starts. All code must be built \nat the ycitesee Hackathon & Design Jam.\nEmail: ycitesee@gmail.com\n\u00a0\n\u00a0\n\u00a0", "hackathon-prizes": [{"prize-content": "The prize is TBC", "prize-title": "Best overall product"}, {"prize-content": "The prize is TBC", "prize-title": "Best designed product"}, {"prize-content": "The prize is TBC", "prize-title": "Best themed product"}], "hackathon-location-google-maps": "https://maps.google.com/?q=1 East Poultry Avenue, London, Greater London EC1A 9PT, UK", "hackathon-url": "https://ycitesee.devpost.com/", "hackathon-judging-criteria": [{"judging-criterion": "We will be asking the judges the consider the following criteria when judging:\n\nCreative use of Pearson Eyewitness Guides API\nApplication Design/UX\nTechnical Wow!"}], "hackathon-location-address": "1 East Poultry Avenue, London, Greater London EC1A 9PT, UK", "hackathon-description-header": "A travel hackathon & design jam inspiring the next generation of travel products", "hackathon-prizes-total": "0", "hackathon-location-description": "", "hackathon-end-date": "2014-03-21", "has-projects": "True"}