{"hackathon-description-text": "\nMu\u00e9stranos una idea que ayude a tu comunidad ganar\u00e1s premios incre\u00edbles al participar en Hackamano!", "hackathon-number-of-prizes": "3", "hackathon-id": "hackamano2016", "hackathon-judges": [{"judge-role": "segundamano.mx", "judge-name": "Pal"}, {"judge-role": "segundamano.mx", "judge-name": "V\u00edctor Sanjuan"}, {"judge-role": "The Pool", "judge-name": "Airy"}, {"judge-role": "ITAM", "judge-name": "Andr\u00e9 Possani"}, {"judge-role": "Devf", "judge-name": "El\u00edas"}, {"judge-role": "Copyleft", "judge-name": "Leo"}, {"judge-role": "The Pool", "judge-name": "Luis"}, {"judge-role": "Ukko", "judge-name": "Ricardo"}, {"judge-role": "The Inventor's House", "judge-name": "Andr\u00e9s Sabas"}, {"judge-role": "Se", "judge-name": "Sergio Visinoni"}, {"judge-role": "Platzi", "judge-name": "Diego"}], "hackathon-number-of-judges": "11", "hackathon-eligibility": "", "hackathon-number-of-participants": "77", "hackathon-is-colocated": "True", "hackathon-has-ended": "True", "hackathon-number-of-judging-criteria": "6", "hackathon-requirements": "\nLa idea deber\u00e1 ser desarrollada mientras dura el Hackamano. El c\u00f3digo deber\u00e1 subirse a nuestro github y la propiedad intelectual ser\u00e1 de sus creadores, public\u00e1ndolo con una licencia OSS en github.", "hackathon-rules": "\nTendr\u00e1s dos d\u00edas para desarrollar tu propuesta. Los ganadores del reto recibir\u00e1n premios. Habr\u00e1 un\u00a0proyecto ganador recibir\u00e1 mentor\u00eda de modelo de negocios y desarrollo de producto por parte de Segundamano.mx y sus partners. As\u00ed estas grandes ideas se har\u00e1n realidad", "hackathon-prizes": [{"prize-content": "", "prize-title": "Seguimiento a proyecto con The Pool &amp; Segundamano.mx + tablets"}, {"prize-content": "", "prize-title": "Tablets para el equipo"}, {"prize-content": "", "prize-title": "Chromecast para el equipo"}], "hackathon-location-google-maps": "https://maps.google.com/?q=R\u00edo Hondo 1, Altavista, 01060 Ciudad de M\u00e9xico, D.F., Mexico", "hackathon-url": "https://hackamano2016.devpost.com/", "hackathon-judging-criteria": [{"judging-criterion": "Que la idea o la forma de implementarla sea novedosa o diferente a lo que ya conocemos"}, {"judging-criterion": "El proyecto o la idea pueda crecer por si misma y con recursos limitados"}, {"judging-criterion": "Que tanto puede ayudar al medio ambiente o apoyar a una comunidad"}, {"judging-criterion": "El proyecto o la idea debe poder aplicarse a distintas regiones del pa\u00eds"}, {"judging-criterion": "El equipo transmite con entusiasmo su idea y cree en ella"}, {"judging-criterion": "Est\u00e1n dispuestos a trabajar durante 6 meses o 1 a\u00f1o en su proyecto"}], "hackathon-location-address": "R\u00edo Hondo 1, Altavista, 01060 Ciudad de M\u00e9xico, D.F., Mexico", "hackathon-description-header": "Mejora tu mundo", "hackathon-prizes-total": "0", "hackathon-location-description": "ITAM Campus R\u00edo Hondo", "hackathon-end-date": "2016-03-06", "has-projects": "True"}