{"hackathon-description-text": "\nCUhackit is Clemson University's first fully student run large scale hackathon. Hosted over daylight savings weekend, come time travel with us in this special 23 hour event!!", "hackathon-number-of-prizes": "6", "hackathon-id": "cuhackit-2018", "hackathon-judges": [{"judge-role": "Clemson School of Computing", "judge-name": "Brain Dean"}, {"judge-role": "Future Computing Technologies Lab", "judge-name": "Ben Shealy"}, {"judge-role": "Clemson Graphic Comm", "judge-name": "Erica Walker"}], "hackathon-number-of-judges": "3", "hackathon-eligibility": "\nClemson Undergraduate Students", "hackathon-number-of-participants": "73", "hackathon-is-colocated": "True", "hackathon-has-ended": "True", "hackathon-number-of-judging-criteria": "1", "hackathon-requirements": "\nInclude Team Members\nPrize Categories for consideration\nDescribe Project", "hackathon-rules": "\n", "hackathon-prizes": [{"prize-content": "", "prize-title": "Best Overall Hack"}, {"prize-content": "", "prize-title": "Runner-up Hack"}, {"prize-content": "", "prize-title": "Data Visualization Hack"}, {"prize-content": "", "prize-title": "Hardware/VR Hack"}, {"prize-content": "", "prize-title": "STEAM Hack (Integration of Art &amp; Tech)"}, {"prize-content": "", "prize-title": "Cloud Computing Based Hack"}], "hackathon-location-google-maps": "https://maps.google.com/?q=405 S Palmetto Blvd, Clemson, SC 29631, USA", "hackathon-url": "https://cuhackit-2018.devpost.com/", "hackathon-judging-criteria": [{"judging-criterion": "Technology\nHow technically impressive was the hack?\nDesign\nDid the team put thought into the user experience?\nCompletion\nDoes the hack work?\nDid the team stretch themselves?\n*For more details, see code of conduct"}], "hackathon-location-address": "405 S Palmetto Blvd, Clemson, SC 29631, USA", "hackathon-description-header": "Clemson Hackathon 2018", "hackathon-prizes-total": "0", "hackathon-location-description": "Clemson University", "hackathon-end-date": "2018-03-11", "has-projects": "True"}