{"hackathon-description-text": "\nIn the insurance industry, information and data are critical to the work that underwriters perform. The ability to quickly analyze and make intelligent decisions from information and data can be the difference between underwriting at profit or taking a major loss for your company.", "hackathon-number-of-prizes": "4", "hackathon-id": "future-of-insurance-hackathon", "hackathon-judges": [{"judge-role": "Clinical Professor of Finance", "judge-name": "Mark Vonnahme"}, {"judge-role": "Director of HackIllinois", "judge-name": "Yasha Mostofi"}, {"judge-role": "Technical Analyst, AXIS Research Center", "judge-name": "Spencer Guerrero"}, {"judge-role": "Senior Catastrophe Modeling Analyst, AXIS Capital", "judge-name": "Laura Sime"}, {"judge-role": "Senior Reporter at The Insurance Insider", "judge-name": "Dan Ascher"}], "hackathon-number-of-judges": "5", "hackathon-eligibility": "\nMust be a current University of Illinois undergraduate or graduate student.\u00a0", "hackathon-number-of-participants": "86", "hackathon-is-colocated": "True", "hackathon-has-ended": "False", "hackathon-number-of-judging-criteria": "5", "hackathon-requirements": "\nDetails to come", "hackathon-rules": "\nThe AXIS Re / ORMIR\u00a0hackathon is dedicated to providing a harassment-free experience for everyone, regardless of the following.\nWe do not tolerate harassment of hackathon participants in any form. Sexual language and imagery is not appropriate at any hackathon venue, this includes the following:\nHackathon participants violating these rules may be sanctioned or expelled from the hackathon at the discretion of the hackathon organizers.\n\u00a0", "hackathon-prizes": [{"prize-content": "The grand prize! The team whose project exhibits the highest level of innovation, best user interface / user experience, highest quality and best perceived impact will take the grand prize - $3,000 in cash!", "prize-title": "Grand Prize - First Place"}, {"prize-content": "The team who comes in second place will win $2,000 in cash, based on innovation, user interface / user experience, quality and polish, and quality of pitch and perceived impact.", "prize-title": "Second Place"}, {"prize-content": "The team placing third in terms of project innovation, user interface / user experience, quality and polish, and quality of pitch and perceived impact, will win $1,000 in cash.", "prize-title": "Third Place"}, {"prize-content": "The AXIS Re / ORMIR Future of Insurance Hackathon will feature a number of mini challenges, giving everyone a chance to win great prizes, including an Xbox One, GoPro HERO, Beats wireless headphones and much, much more - adding up to a value of $4,000!", "prize-title": "Mini Challenges"}], "hackathon-location-google-maps": "https://maps.google.com/?q=Thomas M. Siebel Center for Computer Science, 201 N Goodwin Ave, Urbana, IL 61801, USA", "hackathon-url": "https://future-of-insurance-hackathon.devpost.com/", "hackathon-judging-criteria": [{"judging-criterion": "How original, concrete or realistic is the idea or concept"}, {"judging-criterion": "How creative is the solution"}, {"judging-criterion": "How complete / thought out is the idea or concept"}, {"judging-criterion": "How applicable is the idea or concept to the insurance industry and mitigating risk"}, {"judging-criterion": "How well does the idea or concept address the presented challenge"}], "hackathon-location-address": "Thomas M. Siebel Center for Computer Science, 201 N Goodwin Ave, Urbana, IL 61801, USA", "hackathon-description-header": "Harnessing technology to evaluate risk for the future.", "hackathon-prizes-total": "$10,000", "hackathon-location-description": "Siebel Center, Room 2405 at the University of Illinois Urbana-Champaign", "hackathon-end-date": "", "has-projects": "False"}