{"hackathon-description-text": "\nHackmann 2017", "hackathon-number-of-prizes": "3", "hackathon-id": "hackmann", "hackathon-judges": [{"judge-role": "", "judge-name": "John Abreu"}, {"judge-role": "", "judge-name": "Surya"}, {"judge-role": "", "judge-name": "Cavin"}, {"judge-role": "", "judge-name": "B. Cabiri"}], "hackathon-number-of-judges": "4", "hackathon-eligibility": "", "hackathon-number-of-participants": "15", "hackathon-is-colocated": "True", "hackathon-has-ended": "False", "hackathon-number-of-judging-criteria": "4", "hackathon-requirements": "", "hackathon-rules": "\nFollow all rules", "hackathon-prizes": [{"prize-content": "", "prize-title": "Chromebook"}, {"prize-content": "", "prize-title": "Raspberry Pi 2"}, {"prize-content": "", "prize-title": "Raspberry Pi 0"}], "hackathon-location-google-maps": "https://maps.google.com/?q=231 W 246th St, Bronx, NY 10471, USA", "hackathon-url": "https://hackmann.devpost.com/", "hackathon-judging-criteria": [{"judging-criterion": ""}, {"judging-criterion": ""}, {"judging-criterion": ""}, {"judging-criterion": ""}], "hackathon-location-address": "231 W 246th St, Bronx, NY 10471, USA", "hackathon-description-header": "Hackmann is a 24 hour high school hackathon hosted at Horace Mann School featuring laser tag, laser cutters, and more!", "hackathon-prizes-total": "$940", "hackathon-location-description": "Horace Mann School", "hackathon-end-date": "", "has-projects": "False"}