{"hackathon-description-text": "\nEvento en el cual 200 participantes estar\u00e1n inmersos durante 72 horas explotando sus talentos y habilidades resolviendo problem\u00e1ticas del sector gubernamental.", "hackathon-number-of-prizes": "4", "hackathon-id": "hackbajio-e-gov", "hackathon-judges": [{"judge-role": "Software Engineer at Magma Labs", "judge-name": "Carlos Ruiz"}, {"judge-role": "MLH Coach M\u00e9xico", "judge-name": "Luis Villeda"}, {"judge-role": "Lol M\u00e9xico Commissioner", "judge-name": "Francisco Guzm\u00e1n"}, {"judge-role": "GDG Le\u00f3n", "judge-name": "Fernanda Ochoa"}, {"judge-role": "Coordinacion Enlace E+E GEM", "judge-name": "Carlos Torres"}, {"judge-role": "Coordinador Incubadora", "judge-name": "Alejandro Vega"}, {"judge-role": "Zona de Emprendimiento ITESM", "judge-name": "Antonio Reus"}], "hackathon-number-of-judges": "7", "hackathon-eligibility": "\nSmaller teams to 6 people", "hackathon-number-of-participants": "76", "hackathon-is-colocated": "True", "hackathon-has-ended": "True", "hackathon-number-of-judging-criteria": "4", "hackathon-requirements": "", "hackathon-rules": "\n", "hackathon-prizes": [{"prize-content": "Watch Dogs 2, Collectors Edition.", "prize-title": "Best Device Privacy Hack"}, {"prize-content": "Medalla de 1er Lugar", "prize-title": "1st Place"}, {"prize-content": "Medalla de Segundo Lugar.", "prize-title": "2nd Place"}, {"prize-content": "Medalla de 3er Lugar.", "prize-title": "3rd Place"}], "hackathon-location-google-maps": "https://maps.google.com/?q=Eugenio Garza Sada, Predio Cerro Gordo, Le\u00f3n, Gto., Mexico", "hackathon-url": "https://hackbajio-e-gov.devpost.com/", "hackathon-judging-criteria": [{"judging-criterion": "Se evaluara la parte t\u00e9cnica y funcional del prototipo."}, {"judging-criterion": "Se evaluar\u00e1 la factibilidad t\u00e9cnica, operativa y econ\u00f3mica del proyecto."}, {"judging-criterion": "\u00bfA qui\u00e9n va dirigido?\n\u00bfCu\u00e1ntas personas se benefician de tu producto?\nTaza de recuperaci\u00f3n\nMercado potencial y Mercado meta."}, {"judging-criterion": "\u00bfQu\u00e9 problema, resuelve tu producto?"}], "hackathon-location-address": "Eugenio Garza Sada, Predio Cerro Gordo, Le\u00f3n, Gto., Mexico", "hackathon-description-header": "Evento en el cual 200 participantes estar\u00e1n inmersos durante 72 horas explotando sus talentos y habilidades resolviendo problem\u00e1ticas del sector gubernamental.", "hackathon-prizes-total": "0", "hackathon-location-description": "Leon, Guanajuato", "hackathon-end-date": "2016-10-30", "has-projects": "True"}