{"hackathon-description-text": "\n\u00a0is scheduled for", "hackathon-number-of-prizes": "27", "hackathon-id": "pennapps-xvi", "hackathon-judges": [{"judge-role": "Expo.io Founder and Quora Co-Founder", "judge-name": "Charlie Cheever"}, {"judge-role": "Comcast Director of Intellectual Property", "judge-name": "David Monerat"}, {"judge-role": "Compose Labs Co-Founder and EagerPanda Co-Founder", "judge-name": "Keshav Dhandhania"}, {"judge-role": "Senior Technology Manager at SIG", "judge-name": "Craig Freden"}], "hackathon-number-of-judges": "4", "hackathon-eligibility": "\nIf you applied to PennApps\u00a0XVI,\u00a0", "hackathon-number-of-participants": "508", "hackathon-is-colocated": "True", "hackathon-has-ended": "True", "hackathon-number-of-judging-criteria": "4", "hackathon-requirements": "\nMake your project, submit your hack to Devpost\u00a0and attend the PennApps expo\u00a0to show off what you built. You\u00a0\n\u00a0", "hackathon-rules": "\n\u00a0\nOnly teams comprised wholly of eligible participants that submit their hacks to this DevPost, and then go on to demo their hack at the PennApps expo can win prizes.", "hackathon-prizes": [{"prize-content": "DJI Spark + Apple Watch + GoPro Hero + Portable Charger from Palantir + Swag Bag from Hasura + Medal from MLH +  Lutron Plug-In Dimmer Kit", "prize-title": "PennApps XVI Grand Prize"}, {"prize-content": "GoPro Hero + Apple Watch + Portable Charger from Palantir + 20 cases of Soylent + Swag Bag from Hasura + Medal from MLH", "prize-title": "PennApps XVI Second Place Prize"}, {"prize-content": "Apple Watch + Portable Charger from Palantir + Swag Bag from Hasura + Medal from MLH", "prize-title": "PennApps XVI Third Place Prize"}, {"prize-content": "AirPods + Nintendo 3DS XL", "prize-title": "PennApps Route | Real World Health (Health &amp; Social/Civic Hack)"}, {"prize-content": "Portable Charger + Gift Cards", "prize-title": "PennApps Route | Best Education Hack Sponsored by Palantir"}, {"prize-content": "Samsung - Gear 360 Real 360 Degree 4K VR Camera (2017 Edition)", "prize-title": "PennApps Route | Best VR/AR or Cybersecurity Hack"}, {"prize-content": "Google Homes/Google Developer Pack including $2500 in GCP credits", "prize-title": "PennApps Route | Best Google Cloud Machine Learning API Hack"}, {"prize-content": "First place: Google Home + Pixel XL phone + NXP development board/peripheral hardware parts for Android Things + ongoing mentorship to the team that creates a unique and creative product that they'd like to bring to market.", "prize-title": "PennApps Route | Best Android Things Hack"}, {"prize-content": "Winning team will split a hardware kit valued at $500.", "prize-title": "Best Hardware Hack"}, {"prize-content": "Presented by GIPHY.  Winners will receive a $100 Gift Card and an Amazon Echo Dot.", "prize-title": "Best Use of GIPHY API"}, {"prize-content": "Presented by 1517 Fund.  Winners will receive up to 3 $1,000 grant.", "prize-title": "Most Unique Hack"}, {"prize-content": "Presented by Facebook.  Winners will receive an invitation to their 2017 Global Hackathon (all expenses paid).", "prize-title": "Facebook's Favorite Hack"}, {"prize-content": "Presented by Lutron.  Winners will receive a Lutron Cas\u00e9ta Wireless Smart Lighting Plug-in Lamp Dimmer Kits (HomeKit-enabled).", "prize-title": "Best Use of Lutron's API"}, {"prize-content": "Presented by CBRE. Winners will receive $100 Amazon Gift Cards.", "prize-title": "Best Use of WebGL/Graphics"}, {"prize-content": "Presented by Vonage. Winners will receive Amazon Echoes and Vonage Gift Cards.", "prize-title": "Best Use of a Vonage/Nexmo API"}, {"prize-content": "Presented by Google. Winners will receive Google Home + Google Developer Pack including $1500 in GCP credits", "prize-title": "Best Use of Google Cloud Compute/Big Data Products"}, {"prize-content": "Presented by Blackrock. Winners will receive drones.", "prize-title": "Best Use of Aladdin API"}, {"prize-content": "Presented by Goldman Sachs.", "prize-title": "Best Data Visualization"}, {"prize-content": "Presented by Hasura. Winners will receive $1000 in Hasura hosting credits + a $500 Amazon Gift Voucher and some very cool Hasura daemon swag.", "prize-title": "Best Hasura App"}, {"prize-content": "Presented by Hasura.  Winners will receive Hasura swag.", "prize-title": "Hasura Special Prize"}, {"prize-content": "Presented by Capitol One. Winners will receive $400 Amazon Gift Cards", "prize-title": "Best Financial Tech Hack"}, {"prize-content": "$250 Amazon Web Services Credit", "prize-title": "Amazon Web Services - Best Use of AWS"}, {"prize-content": "Raspberry Pi & PiHut Essential Kit", "prize-title": "Best Domain Name from Domain.com"}, {"prize-content": "Presented by Lyft. Winners will receive Apple Airpods and Lyft Swag.", "prize-title": "Best Use of Lyft API"}, {"prize-content": "Presented by Earth Networks.  Winners will receive a $200 Amazon gift card which will be split among the team.", "prize-title": "Best Use of Earth Networks Weather Data API"}, {"prize-content": "Presented by Expo.io. Winners will receive a Nintendo Switch.", "prize-title": "Best Use of Expo.io"}, {"prize-content": "Presented by Rough Draft Ventures.  This prize goes to the team most likely to start something big. From Facebook to Warby Parker, dozens of companies got started as dorm room hacks. The winner of this prize will get the opportunity to come to New York to pitch to Rough Draft Ventures for $25K in funding.", "prize-title": "Most Likely to be a Founder (Rough Draft Ventures)"}], "hackathon-location-google-maps": "https://maps.google.com/?q=220 S 33rd St, Philadelphia, PA 19104, USA", "hackathon-url": "https://pennapps-xvi.devpost.com/", "hackathon-judging-criteria": [{"judging-criterion": "Is the hack technically interesting or difficult? Is it just some lipstick on an API, or were there real technical challenges to surmount? This is the most important criterion that your hack will be judged upon for the general prizes."}, {"judging-criterion": "Is the hack more than just another generic social/mobile/local app? Does it do something entirely novel, or at least take a fresh approach to an old problem?"}, {"judging-criterion": "Is the hack usable in its current state? Is the user experience smooth? Does everything appear to work? Is it well designed?"}, {"judging-criterion": "Is the hack practical? Is it something people would actually use? Does it fulfill a real need people have?"}], "hackathon-location-address": "220 S 33rd St, Philadelphia, PA 19104, USA", "hackathon-description-header": "Codevert Ops", "hackathon-prizes-total": "$82,907", "hackathon-location-description": "University of Pennsylvania", "hackathon-end-date": "2017-09-10", "has-projects": "True"}