{"hackathon-description-text": "\nhackCWRU V is Cleveland\u2019s premier annual student run hackathon at Case Western Reserve University. This year, 300+ student hackers from universities and high schools around the globe will fock to our campus for 36 straight hours of innovation and collaboration. Student projects range from webapps to hardware hacks and aim to tackle real world problems in fields like healthcare and fintech. Located in University Circle, at HackCWRU students will have access to the famous Sears Think[Box], a seven-story makerspace, and the support of likeminded peers and mentors. Join us in supporting student innovation for a truly special event!", "hackathon-number-of-prizes": "17", "hackathon-id": "hackcwru-v", "hackathon-judges": [{"judge-role": "EVP & CIO Key Community Bank at KeyCorp", "judge-name": "Vipin Gupta"}, {"judge-role": "Dean of Case School of Engineering", "judge-name": "James McGuffin-Cawley"}, {"judge-role": "Founder of Hexagram, Inc.", "judge-name": "Larry Sears"}, {"judge-role": "Release Manager & Developer at Salesforce", "judge-name": "Katherine Cass"}, {"judge-role": "Manager of think[box]", "judge-name": "Ian Charnas"}, {"judge-role": "Associate EECS Professor at Case Western Reserve University", "judge-name": "Soumya Ray"}, {"judge-role": "IBM Distinguished Engineer, Watson Health", "judge-name": "Doug Meil"}, {"judge-role": "President, Barendt and Associates, LLC", "judge-name": "Nick Barendt"}, {"judge-role": "Senior Project Manager, Centric Consulting", "judge-name": "Carmen Fontana"}, {"judge-role": "Software Developer & Consultant, ThoughtWorks", "judge-name": "Larissa Marcich"}, {"judge-role": "Case Western Reserve University EECS Department Chair", "judge-name": "Alexis Abramson"}], "hackathon-number-of-judges": "11", "hackathon-eligibility": "", "hackathon-number-of-participants": "112", "hackathon-is-colocated": "True", "hackathon-has-ended": "True", "hackathon-number-of-judging-criteria": "5", "hackathon-requirements": "", "hackathon-rules": "", "hackathon-prizes": [{"prize-content": "Summary: The overall first place winners of hackCWRU V", "prize-title": "First Place Winner"}, {"prize-content": "Summary: The runner-ups for hackCWRU V", "prize-title": "Runner Up"}, {"prize-content": "Summary: Awarded to the winners of the Maker track", "prize-title": "Maker Track Winner"}, {"prize-content": "Summary: Awarded to the winners of the Civic track", "prize-title": "Civic Track Winner"}, {"prize-content": "Summary: Awarded to the winners of the Fintech track", "prize-title": "Fintech Track Winner"}, {"prize-content": "Summary: Awarded to the winners of the Health track", "prize-title": "Health Track Winner"}, {"prize-content": "Summary: Awarded to the hack which best utilizes the Rockwell API", "prize-title": "Best Use of Rockwell API"}, {"prize-content": "Summary: Although women fill close to half of all jobs in the US economy, they hold less than 25% of STEM jobs. Let\u2019s find a way to increase this number! Develop a creative mobile app, web app, or interactive game that inspires more women to pursue STEM and computer science degrees.", "prize-title": "Best STEM Education for Women"}, {"prize-content": "Summary: Awarded to the best hardware hack", "prize-title": "Garverick Memorial Prize"}, {"prize-content": "Summary: Awarded to the most musical hack", "prize-title": "Most Musical Hack"}, {"prize-content": "Summary: Awarded to the hack dubbed most ridiculous by the judges", "prize-title": "Most Ridiculous Hack"}, {"prize-content": "Summary: Awarded to the most artistic hack", "prize-title": "Most Artistic Hack"}, {"prize-content": "Summary:Awarded to the best startup idea", "prize-title": "Best Startup Pitch"}, {"prize-content": "Qualcomm DragonBoard 410c + Power Source", "prize-title": "Best IoT Hack Using a Qualcomm Device"}, {"prize-content": "$250 AWS Credit", "prize-title": "Amazon Web Services - Best Use of AWS"}, {"prize-content": "Raspberry Pi & PiHut Essential Kit", "prize-title": "Best Domain Name from Domain.com"}, {"prize-content": "Summary: Awarded to the best social media post related to hackCWRU V!", "prize-title": "Best hackCWRU V Media Post"}], "hackathon-location-google-maps": "https://maps.google.com/?q=Richey Mixon Building, 11201 Cedar Ave, Cleveland, OH 44106, USA", "hackathon-url": "https://hackcwru-v.devpost.com/", "hackathon-judging-criteria": [{"judging-criterion": ""}, {"judging-criterion": ""}, {"judging-criterion": ""}, {"judging-criterion": ""}, {"judging-criterion": "Please fill out this form along with your submission:"}], "hackathon-location-address": "Richey Mixon Building, 11201 Cedar Ave, Cleveland, OH 44106, USA", "hackathon-description-header": "Hack Beyond the Possible!", "hackathon-prizes-total": "$7,400", "hackathon-location-description": "Case Western Reserve University - think[box] & Horsburgh gym", "hackathon-end-date": "2018-02-18", "has-projects": "True"}