{"hackathon-description-text": "\n", "hackathon-number-of-prizes": "2", "hackathon-id": "intra-net-reloaded", "hackathon-judges": [{"judge-role": "VP, Platform & Growth, Kaltura", "judge-name": "Zohar Babin"}, {"judge-role": "Innovation Group Wells Fargo & Company", "judge-name": "Darius Miranda or Kelli Carlson"}, {"judge-role": "SharePoint MVP", "judge-name": "Michael Greth"}], "hackathon-number-of-judges": "3", "hackathon-eligibility": "\nEveryone in Berlin on the date of the hackathon and interested or working with Intranets is invited.", "hackathon-number-of-participants": "11", "hackathon-is-colocated": "True", "hackathon-has-ended": "True", "hackathon-number-of-judging-criteria": "5", "hackathon-requirements": "\nWe want you to improve the Intranet experience by an app featuring a common problem in modern intranets.", "hackathon-rules": "\n1.Participation\nYou can participate as developer as well as designer, concept developer or a journalist. You don't need to be a professional; you will be working in a team. To participate in the hackathon you have to get your free ticket on our Eventbrite page.\n2.Competition Rules\n\u2022\u00a0\u00a0 \u00a0Prior to the hackathon\u2019s beginning, feel free to work on your ideas, digital mockups and other preparative things. Note: no coding should be done beforehand. Of course we love initiative work and ambitious spirits \u2013 but to be fair, we like everyone to start at the same level.\n\u2022\u00a0\u00a0 \u00a0If you already have code projects you would like to extend, please disclose this at the project presentation, so that the judges can take this fact into account when deciding on the winners.\n\u2022\u00a0\u00a0 \u00a0Teams can consist of up to 5 members. The teams have full ownership of everything they build at our event and are free to do with it as they wish. We\u2019d prefer it if you make your project open source, but this decision is to be made by your team. If you think it is needed for your idea and work, please find a good draft for a hackathon team contract here\n\u00a0\u00a0 \u00a0\n\u2022\u00a0\u00a0 \u00a0After team forming, each team must list their project as soon as possible on our hacker league page.\n\u00a0\u00a0 \u00a0\n\u2022\u00a0\u00a0 \u00a0The hack presentations should be functional product demos of your work and \u2013 please - no powerpoint slides (you\u2019re coders, not marketeers, you know\u2026!)\n3. Jury and Judging criteria\n\u2022\u00a0\u00a0 \u00a0We are happy to have some of the best people in the industry as Judges\n\u2022\u00a0\u00a0 \u00a0The main prizes will be judged by the following criteria.\nDESIGN - Is the application polished, visually appealing, and easy to use?\nCREATIVITY - Is the application not only from a technical but also from a creative point of view a new approach and innovative for the advertising world?\nISSUE - Does the application address a certain issues in Intranets?\nUSEFULLNESS - Is the application useful in daily work?\n4. House Rules\nWe are happy to be guests at the facilities of Kosmos Cinema. They provide rooms, food, drinks and technical infrastructure, which make this hackathon possible.\nPlease use their equipment with respect and tidy up after yourself.\nPlease use the provided internet connection in a legally fitting manner. Don\u2019t hack into secured resources or download illegal media content. If we find out about misuse we will disqualify you and your team. In the case of severe misdoing we will bring you to the attention of the authorities.\nOur hackathon is dedicated to providing a harassment-free experience for everyone, regardless of gender, gender identity and expression, age, sexual orientation, disability, physical appearance, body size, race, ethnicity, nationality, religion, previous hackathon attendance or computing experience (or lack of any of the aforementioned). We do not tolerate harassment of hackathon participants in any form. Sexual language and imagery is not appropriate at any hackathon venue, including hacks, talks, workshops, parties, social media and other online media. Hackathon participants violating these rules may be sanctioned or expelled from the hackathon without a refund (if applicable) at the discretion of the hackathon organisers.", "hackathon-prizes": [{"prize-content": "This is a Prize for the winning team. It is actually 1.500 Euro, but Devpost only knows $.", "prize-title": "split 1st Prize for the winning team"}, {"prize-content": "This is a Prize for the winning team. It is actually 1.500 Euro, but Devpost only knows $.", "prize-title": "split 1st Prize for the winning team"}], "hackathon-location-google-maps": "https://maps.google.com/?q=Karl-Marx-Allee 131A, 10243 Berlin, Germany", "hackathon-url": "https://intra-net-reloaded.devpost.com/", "hackathon-judging-criteria": [{"judging-criterion": "30%"}, {"judging-criterion": "30%"}, {"judging-criterion": "30%"}, {"judging-criterion": "5%"}, {"judging-criterion": "5%"}], "hackathon-location-address": "Karl-Marx-Allee 131A, 10243 Berlin, Germany", "hackathon-description-header": "Improve the Intranet", "hackathon-prizes-total": "$3,000", "hackathon-location-description": "Kosmos Cinema, Berlin", "hackathon-end-date": "2017-04-27", "has-projects": "True"}