{"hackathon-description-text": "\nWelcome to Hack the Burgh\u2014the hackathon beyond the wall\u2014 is back in\u00a0Edinburgh for the third time!", "hackathon-number-of-prizes": "8", "hackathon-id": "hacktheburgh2017", "hackathon-judges": [{"judge-role": "", "judge-name": "HTB"}, {"judge-role": "", "judge-name": "ARM"}, {"judge-role": "", "judge-name": "Bloomberg"}, {"judge-role": "", "judge-name": "MLH"}, {"judge-role": "", "judge-name": "Morgan Stanley"}, {"judge-role": "", "judge-name": "Google"}, {"judge-role": "", "judge-name": "Toshiba Medical"}, {"judge-role": "", "judge-name": "AIGaming"}], "hackathon-number-of-judges": "8", "hackathon-eligibility": "\nHack the Burgh is open exclusively to those who are participating in this hackathon in Edinburgh.\nAll hackers should have booked\u00a0a ticket via Eventbrite and have had their tickets checked upon arrival.", "hackathon-number-of-participants": "59", "hackathon-is-colocated": "True", "hackathon-has-ended": "True", "hackathon-number-of-judging-criteria": "3", "hackathon-requirements": "", "hackathon-rules": "\nYou can read the MLH code of conduct \n.", "hackathon-prizes": [{"prize-content": "Amazon Credit", "prize-title": "Amazon Web Services - Best Use of AWS"}, {"prize-content": "Domain.com Swag Bags", "prize-title": "Best Domain Name from Domain.com"}, {"prize-content": "Take a job, and make it automated.", "prize-title": "BlackRock"}, {"prize-content": "Make a game from a given constraint and theme.", "prize-title": "Morgan Stanley"}, {"prize-content": "", "prize-title": "Bloomberg: Hack with a Manifesto"}, {"prize-content": "Create the highest scoring bot over the weekend. Join #sponsor-aigaming to discuss the challenge. Pick up a pack from the AIgaming table to get started.", "prize-title": "AIGaming"}, {"prize-content": "Use the micro bit to make something awesome.", "prize-title": "ARM"}, {"prize-content": "We choose the two best hacks of the weekend.", "prize-title": "Hackathon Winners"}], "hackathon-location-google-maps": "https://maps.google.com/?q=Informatics Forum, 10 Crichton St, Edinburgh EH8 9AB, UK", "hackathon-url": "https://hacktheburgh2017.devpost.com/", "hackathon-judging-criteria": [{"judging-criterion": "What technologies did you apply to create your breath taking break-through hack? How elaborate is it?"}, {"judging-criterion": "Self-explanatory."}, {"judging-criterion": "Have you fulfilled your goals? Perhaps you solved challenge? How much did you learn and how much effort did you put into your work?"}], "hackathon-location-address": "Informatics Forum, 10 Crichton St, Edinburgh EH8 9AB, UK", "hackathon-description-header": "The hackathon from beyond the wall.", "hackathon-prizes-total": "0", "hackathon-location-description": "University of Edinburgh - Informatics Forum", "hackathon-end-date": "2017-03-19", "has-projects": "True"}