{"hackathon-description-text": "\n12 hours hackday specially for first year students of KCL", "hackathon-number-of-prizes": "2", "hackathon-id": "first-year-hack-2017", "hackathon-judges": [{"judge-role": "", "judge-name": "Dr. Andrew Coles"}, {"judge-role": "", "judge-name": "Fares Alaboud"}, {"judge-role": "", "judge-name": "Dr. Steffen Zschaler"}, {"judge-role": "", "judge-name": "Sunila Akbar"}], "hackathon-number-of-judges": "4", "hackathon-eligibility": "", "hackathon-number-of-participants": "16", "hackathon-is-colocated": "True", "hackathon-has-ended": "True", "hackathon-number-of-judging-criteria": "3", "hackathon-requirements": "", "hackathon-rules": "\n4 people max per team.\nYou have to be in site.", "hackathon-prizes": [{"prize-content": "Chromecast", "prize-title": "First place"}, {"prize-content": "", "prize-title": "Runner Up"}], "hackathon-location-google-maps": "https://maps.google.com/?q=London WC2R 2LS, UK", "hackathon-url": "https://first-year-hack-2017.devpost.com/", "hackathon-judging-criteria": [{"judging-criterion": ""}, {"judging-criterion": ""}, {"judging-criterion": ""}], "hackathon-location-address": "London WC2R 2LS, UK", "hackathon-description-header": "KCL First Year Hack", "hackathon-prizes-total": "$255", "hackathon-location-description": "London, UK", "hackathon-end-date": "2017-11-11", "has-projects": "True"}