{"hackathon-description-text": "\nCities of the near future will take artificial intelligence to a new level. Come solve problems of the modern city in the Smart Cities hackathon around social good, infrastructure, health, education, entertainment, and sustainability. You will meet experts from the Amazon Alexa team including representatives from the Alexa Skills Kit, Alexa Voice Service, Alexa Smart Home, and others. Come hack with the brightest developers around in a space where groundbreaking ideas can emerge. See what you can create in nine hours with a chance at the $7,500 prize pool and other cool gear.", "hackathon-number-of-prizes": "6", "hackathon-id": "smartcities", "hackathon-judges": [{"judge-role": "", "judge-name": "Hackathon Staff"}], "hackathon-number-of-judges": "1", "hackathon-eligibility": "\n(the above are collectively, \u201cMakers\u201d)\nAn Eligible Individual may join more than one Team, or Small Organization and an Eligible Individual who is part of a Team, or Small Organization may also enter the Hackathon on an individual basis.\u00a0\u00a0\nIf a Team, or Small Organizationis entering the Hackathon, they must appoint and authorize one individual (the \u201cRepresentative\u201d) to represent, act, and enter a Submission, on their behalf. The Representative and each team member must meet the eligibility requirements above. By entering a Submission on the Site on behalf of a Team, or Small Organization you represent and warrant that you are the Representative authorized to act on behalf of your Team, or Small Organization.\n*The members of an individual\u2019s immediate family include the individual\u2019s spouse, children and stepchildren, parents and stepparents, and siblings and stepsiblings. The members of an individual\u2019s household include any other person that shares the same residence as the individual for at least three (3) months out of the year.\n**Agents include\u00a0individuals or organizations that in creating a Submission to the Hackathon, are acting on behalf of, and at the direction of, a\u00a0Promotion Entity through a contractual or similar relationship.\n***An affiliate is:\u00a0(a) an organization that is under common control, sharing a common majority or\u00a0controlling owner, or common management; or (b) an\u00a0organization that has a substantial ownership in, or is substantially owned by the other organization.\nAdditional Prize specific eligibility requirements are stated below in Section 9.\n\u00a0", "hackathon-number-of-participants": "29", "hackathon-is-colocated": "True", "hackathon-has-ended": "True", "hackathon-number-of-judging-criteria": "5", "hackathon-requirements": "\nMakers must do the following to participate in the Hackathon: \u00a0\nAll Submission materials must be in English or, if not in English, the Maker must provide an English translation of the demonstration video, text description, and testing instructions as well as all other materials submitted.\u00a0\n(i)\u00a0\n(ii)\u00a0\n(iii)\u00a0\n(iv)\u00a0\n(v)\u00a0\n(vi)\u00a0\n(vii)\u00a0\nThe text description should explain the features and functionality of your Skill.\n\nThe video portion of the Submission:\u00a0\n(i)\u00a0\n(ii)\u00a0\n(iii)\u00a0\n(iv)\u00a0\n(v)\u00a0\nThe Judging Criteria above may not apply to every Prize. See Section 8 below for the Judging Criteria that apply for each Prize. The Maker(s) that are eligible for a Prize, and whose Submissions earn the highest overall scores based on the applicable Judging Criteria, will become potential winners of that Prize.\n\nPlease review the Devpost Terms of Service at\u00a0\n\u00a0\n(i) the potential winner\u2019s Representative or any participating member does not respond to multiple emails or fails to sign and return the Required Forms by the deadline listed above, or responds and rejects the Prize;\u00a0\u00a0\n(ii) the Prize or Prize notification is returned as undeliverable; or\u00a0\u00a0\n(iii) the Submission or the potential winner, or any member of a potential winner\u2019s Team, or Small Organization is disqualified for any other reason.\u00a0\nIn the event of a disqualification, the Administrator may award the applicable Prize to an alternate potential winner.\nFailure to provide correct information on the Required Forms, or other correct information required for the delivery of a Prize, may result in delayed Prize delivery, disqualification or the Maker, or forfeiture of a Prize.\n(i) The relationship between you, the Maker, and the Poster and Administrator, is not a confidential, fiduciary, or other special relationship.\n(ii) You will be bound by and comply with these Official Rules and the decisions of the Poster, Administrator, and/or the Hackathon Judges which are binding and final in all matters relating to the Hackathon.\n(iii) You release, indemnify, defend and hold harmless the Poster, Administrator, Promotion Entities, and their respective parent, subsidiary, and affiliated companies, the Prize suppliers and any other organizations responsible for sponsoring, fulfilling, administering, advertising or promoting the Hackathon, and all of their respective past and present officers, directors, employees, agents and representatives (hereafter the \u201cReleased Parties\u201d) from and against any and all claims, expenses, and liabilities (including reasonable attorneys\u2019 fees), including but not limited to negligence and damages of any kind to persons and property, defamation, slander, libel, violation of right of publicity, infringement of trademark, copyright or other intellectual property rights, property damage, or death or personal injury arising out of or relating to a Maker\u2019s entry, creation of Submission or entry of a Submission, participation in the Hackathon, acceptance or use or misuse of the Prize (including any travel or activity related thereto) and/or the broadcast, transmission, performance, exploitation or use of the Submission as authorized or licensed by these Official Rules.\u00a0\n(i) any incorrect or inaccurate information, whether caused by the Poster or Administrator\u2019s electronic or printing error, or by any of the equipment or programming associated with or utilized in the Hackathon;\u00a0\n(ii) technical failures of any kind, including, but not limited to malfunctions, interruptions, or disconnections in phone lines, internet connectivity or electronic transmission errors, or network hardware or software or failure of the Hackathon Website;\n(iii) unauthorized human intervention in any part of the entry process or the Hackathon;\u00a0\n(iv) technical or human error which may occur in the administration of the Hackathon or the processing of Submissions; or\u00a0\n(v) any injury or damage to persons or property which may be caused, directly or indirectly, in whole or in part, from the Maker\u2019s participation in the Hackathon or receipt or use or misuse of any Prize.\nThe Released Parties are not responsible for incomplete, late, misdirected, damaged, lost, illegible, or incomprehensible Submissions or for address or email address changes of the Makers. Proof of sending or submitting will not be deemed to be proof of receipt by the Poster or Administrator.\nIf for any reason any Maker\u2019s Submission is determined to have not been received or been erroneously deleted, lost, or otherwise destroyed or corrupted, the Maker\u2019s sole remedy is to request the opportunity to resubmit its Submission. Such request must be made promptly after the Maker knows or should have known there was a problem, and will be determined at the sole discretion of the Administrator.\nBy participating in the Hackathon you consent to the use of personal information about you, if you are a winner, by the Poster, Administrator, and third parties acting on their behalf. Such personal information includes, but is not limited to, your name, likeness, photograph, voice, opinions, comments and hometown and country of residence. It may be used in any existing or newly created media, worldwide without further payment or consideration or right of review, unless prohibited by law. Authorized use includes advertising and promotional purposes.\nThe duration of your consent is for a period of three years following the conclusion of the Hackathon. This consent applies, as applicable, to all members a Maker\u2019s Team, or Small Organization that participated in the winning Submission.\nBy entering, all Makers (including, in the case of a Team, or Small Organization, all participating members) agree to be bound by the Official Rules and hereby release the Released Parties from any and all liability in connection with the Prizes or Maker\u2019s participation in the Hackathon. Provided, however, that any liability limitation regarding gross negligence or intentional acts, or events of death or body injury shall not be applicable in jurisdictions where such limitation is not legal.\u00a0\n(i) any and all disputes and causes of action arising out of or connected with this Hackathon, or any Prizes awarded, shall be resolved individually, without resort to any form of class action lawsuit, and exclusively by final and binding arbitration under the rules of the American Arbitration Association and held at the AAA regional office nearest the contestant;\n(ii) the Federal Arbitration Act shall govern the interpretation, enforcement and all proceedings at such arbitration; and\n(iii) judgment upon such arbitration award may be entered in any court having jurisdiction.\nSOME JURISDICTIONS DO NOT ALLOW THE LIMITATIONS OR EXCLUSION OF LIABILITY FOR INCIDENTAL OR CONSEQUENTIAL DAMAGES, SO THE ABOVE MAY NOT APPLY TO YOU.\nPlease review the Devpost Terms of Service at\u00a0\nParticipation in the Hackathon constitutes Maker\u2019s full and unconditional agreement to these Official Rules. By entering, a Maker agrees that all decisions related to the Hackathon that are made pursuant to these Official Rules are final and binding, and that all such decisions are at the sole discretion of the Poster and/or Administrator.\nThe Administrator collects personal information from you when you enter the Hackathon. The information collected is subject to the privacy policy located here:\u00a0\nIf you have any questions or comment, or wish to send us any notice regarding this Hackathon, please email us at\u00a0\n\u00a0", "hackathon-rules": "\n\u00a0\nNO PURCHASE OR PAYMENT NECESSARY. A PURCHASE OR PAYMENT OF ANY KIND WILL NOT INCREASE YOUR CHANCES OF WINNING.\u00a0\u00a0\nSmart Cities (the \u201cHackathon\u201d)\n\u00a0(the \u201cHackathon Website\u201d)\n(the \u201cPoster\u201d): Amazon Digital Services LLC, 410 Terry Avenue North, Seattle, WA 98109-5210.\nThe Poster is the sponsor of the Hackathon.\n(the \u201cAdministrator\u201d): Amazon Digital Services LLC, 410 Terry Avenue North, Seattle, WA 98109-5210.\nThe Administrator is responsible for the rules, administration, and operation of the Hackathon.\n\u00a0November 29, 2017 (8:00am Pacific Time, USA) \u2013 November, 2017 (3:45pm Pacific Time, USA) (the \u201cHackathon Submission Period\u201d)\n\u00a0November 29, 2017 (4:00pm Pacific Time) \u2013 November 29, 2017 (5:30pm November 29, 2017) (the \u201cJudging Period\u201d)\n\u00a0On or around November 29, 2017 (5:45pm Pacific Time)\u00a0\nThe Administrator will be the official timekeeper for the Hackathon.", "hackathon-prizes": [{"prize-content": "$5,000 gift card and first place trophy", "prize-title": "First Place"}, {"prize-content": "$500 gift card and second place trophy", "prize-title": "Second Place"}, {"prize-content": "$500 gift card", "prize-title": "Fifth Place"}, {"prize-content": "$500 gift card", "prize-title": "Fourth Place"}, {"prize-content": "$500 gift card and third place trophy", "prize-title": "Third Place"}, {"prize-content": "$500 gift card", "prize-title": "Sixth Place"}], "hackathon-location-google-maps": "https://maps.google.com/?q=3535 S Las Vegas Blvd, Las Vegas, NV 89109, USA", "hackathon-url": "https://smartcities.devpost.com/", "hackathon-judging-criteria": [{"judging-criterion": ""}, {"judging-criterion": ""}, {"judging-criterion": ""}, {"judging-criterion": ""}, {"judging-criterion": ""}], "hackathon-location-address": "3535 S Las Vegas Blvd, Las Vegas, NV 89109, USA", "hackathon-description-header": "Connect People to Their Environment Using Alexa and Voice", "hackathon-prizes-total": "$7,500", "hackathon-location-description": "", "hackathon-end-date": "2017-11-29", "has-projects": "True"}