{"hackathon-description-text": "\nThe Hopper Elasticsearch Hackathon is an all-day power hack during which hackers get access to a huge cluster (30 8-core instances with 32GB RAM and 250GB disk per node) and are set free to create something awesome using Elasticsearch. \u00a0 In the first hour, we\u2019ll provide an overview of Elasticsearch and an in-depth tutorial to get new and experienced users up to speed with the search engine's features and implementation. \u00a0 During the day, we'll have highly skilled mentors available to answer questions, help troubleshoot, and advise and inspire you along the way. We'll also provide lunch and dinner, caffeine and soft drinks.", "hackathon-number-of-prizes": "2", "hackathon-id": "elastichack", "hackathon-judges": [{"judge-role": "", "judge-name": "Hackathon Participants"}], "hackathon-number-of-judges": "1", "hackathon-eligibility": "\nTBC", "hackathon-number-of-participants": "18", "hackathon-is-colocated": "True", "hackathon-has-ended": "True", "hackathon-number-of-judging-criteria": "1", "hackathon-requirements": "\nTBC", "hackathon-rules": "\nTBC", "hackathon-prizes": [{"prize-content": "The team with the best hack by popular vote wins a 1-year subscription for compute from SoftLayer.", "prize-title": "Popular Choice"}, {"prize-content": "The team with the second best hack by popular vote wins one seat in ElasticSearch training.", "prize-title": "Runner Up"}], "hackathon-location-google-maps": "https://maps.google.com/?q=275 3rd Street, Cambridge, MA 02142, USA", "hackathon-url": "https://elastichack.devpost.com/", "hackathon-judging-criteria": [{"judging-criterion": ""}], "hackathon-location-address": "275 3rd Street, Cambridge, MA 02142, USA", "hackathon-description-header": "Join us for a full day of Elasticsearch hacking on a large cluster! The crowd-voted best team wins a 1-year subscription for SoftLayer (a $12,000 value)!", "hackathon-prizes-total": "$13,600", "hackathon-location-description": "", "hackathon-end-date": "2014-03-21", "has-projects": "True"}