{"hackathon-description-text": "\nWelcome to the Spring 2017 hackNY Student Hackathon!\u00a0", "hackathon-number-of-prizes": "14", "hackathon-id": "hackny-s2017", "hackathon-judges": [{"judge-role": "Senior Data Scientist @ the New York Times", "judge-name": "Anne Bauer"}, {"judge-role": "Conversion Director @ BounceX, Founder & Editor in Chief @ Runaway Apricot", "judge-name": "Robyn Burgess"}, {"judge-role": "Founding Team Member @ Project Include", "judge-name": "Tracy Chou"}, {"judge-role": "Director of Information Security, Newsroom @ the New York Times", "judge-name": "Runa Sandvik"}, {"judge-role": "Community Glitch Engineer @ Fog Creek", "judge-name": "Jenn Schiffer"}], "hackathon-number-of-judges": "5", "hackathon-eligibility": "\nAll projects\u00a0must be submitted on DevPost\u00a0by Sunday 11:00 AM, April 9th. There is no team size limit, but ll team members must be enrolled in an undergraduate or graduate degree program at the time of submission.\nAll participants are subject to the Code of Conduct signed upon registration to the hackathon.\nAll team members must be enrolled in an undergraduate or graduate degree program at the time of submission.", "hackathon-number-of-participants": "175", "hackathon-is-colocated": "True", "hackathon-has-ended": "True", "hackathon-number-of-judging-criteria": "1", "hackathon-requirements": "\nParticipants must\u00a0submit a project to be eligible to present. Presentation length will be 90 seconds and strictly enforced.\nProjects must\u00a0be functioning demos. Powerpoints and slides are\u00a0extremely discouraged.", "hackathon-rules": "\nAll projects\u00a0must be submitted on DevPost\u00a0by Sunday 11:00 AM, April 9th. There is no team size limit, but all team members must be enrolled in an undergraduate or graduate degree program at the time of submission.\nAll participants are subject to the Code of Conduct signed upon registration to the hackathon.\nhackNY is a community hackathon intended for collaboration and learning in the student community. We value the participation of each member of the student community\nand want all attendees to have an enjoyable and fulfilling experience. Accordingly, all attendees are expected to show respect and courtesy to other attendees throughout the hackathon. To make clear what is expected, all attendees and speakers at this hackathon are required to conform to the following Code of Conduct. Organizers will enforce this code throughout the event.\nWe believe that every single person has the right to hack in a safe and welcoming environment. All hackNY Participants agree to:\nWe are also adopting social rules based on the Recurse Center\u2019s User Manual. These are guidelines for making expected behavior more well-defined. Few people are unkind or annoying to others on purpose, so these social rules help us all to avoid behaviors harmful to a supportive, productive, and fun learning environment.\nIf someone violates these social rules, feel free to point it out to that person, or report it to our volunteers or organizers. If you are the one responsible for breaking a social rule, apologize and move forward. Multiple violations of these rules may result in a warning, and extremely sustained, repeated, or willful violations may result in expulsion from the hackathon.\nIf you feel uncomfortable or think there may be a potential violation of the code of conduct, please report it immediately using one of the following methods. All reporters have the right to remain anonymous. By sending information to the general reporting line, your report will go to any or all of the five Major League Hacking representatives listed below, and be relayed to the hackNY Fall 2016 Hackathon Organizers. The hackNY Organizers will work to resolve all incidents alongside MLH representatives.\u00a0", "hackathon-prizes": [{"prize-content": "Our top 3 winning teams will present at the New York Tech Meetup (May 9th)! These awards can be won by any kind of hack - webapps, games, hardware projects, and more. Whether your hack is entertaining or useful, we\u2019ll be looking closely at its technical merit, creativity, and overall awesomeness.", "prize-title": "1st Place"}, {"prize-content": "Our top 3 winning teams will present at the New York Tech Meetup  (May 9th)! These awards can be won by any kind of hack - webapps, games, hardware projects, and more. Whether your hack is entertaining or useful, we\u2019ll be looking closely at its technical merit, creativity, and overall awesomeness.", "prize-title": "2nd Place"}, {"prize-content": "Our top 3 winning teams will present at the New York Tech Meetup  (May 9th)! These awards can be won by any kind of hack - webapps, games, hardware projects, and more. Whether your hack is entertaining or useful, we\u2019ll be looking closely at its technical merit, creativity, and overall awesomeness.", "prize-title": "3rd Place"}, {"prize-content": "Use your tech skills for good. Build something that has a positive social impact, be it a visualization that helps educate about some issue, or an app that helps solve a problem.", "prize-title": "Best Social Good Hack"}, {"prize-content": "This is an award for serious technical work on hardware or software. Doing some extreme math, hardcore coding, or complex building? This award will recognize you, even if your hack isn\u2019t the flashiest from the outside.", "prize-title": "Most Technical"}, {"prize-content": "This award recognizes great visual design and UX. Judges will look at your user interface, graphics, and product design.", "prize-title": "Best Hack Design"}, {"prize-content": "Supporting the Tech Community is very important to us. This award goes to the best hack using local startup\u2019s API to do something awesome. Extra points to hacks using APIs presented during opening ceremonies.", "prize-title": "Best Hack Using a NYC API"}, {"prize-content": "", "prize-title": "Greatest Time Saver"}, {"prize-content": "If you\u2019re a team of new hackers, welcome to the world of hackathons! We have a special award to recognize the best hacks by first-time hackers. We\u2019ll look at the technical and creative impressiveness of your hack and your learning over the past 24 hours.", "prize-title": "Best First Hack"}, {"prize-content": "", "prize-title": "Best Use of MongoDB"}, {"prize-content": "Twilio Sponsor prize! Tetris Lights", "prize-title": "Best Use of Twilio API"}, {"prize-content": "Use your tech skills for good and hack online harassment! Build a software solution that can help reduce the frequency and/or severity of online harassment. Members of the winning team receive Hack Harassment Battery Packs!", "prize-title": "#HackHarassment"}, {"prize-content": "Domain.com Swag Bags", "prize-title": "Best Domain Name from Domain.com"}, {"prize-content": "$250 AWS Credit", "prize-title": "Amazon Web Services - Best Use of AWS"}], "hackathon-location-google-maps": "https://maps.google.com/?q=251 Mercer St, New York, NY 10012, USA", "hackathon-url": "https://hackny-s2017.devpost.com/", "hackathon-judging-criteria": [{"judging-criterion": "That's it. No hockey sticks, no market. Just awesomeness. See each prize's description for more information!"}], "hackathon-location-address": "251 Mercer St, New York, NY 10012, USA", "hackathon-description-header": "hackNY aims to federate the next generation of hackers for the New York innovation community.", "hackathon-prizes-total": "$1,600", "hackathon-location-description": "NYU Courant Institute of Mathematical Sciences", "hackathon-end-date": "2017-04-09", "has-projects": "True"}