{"hackathon-description-text": "\n", "hackathon-number-of-prizes": "1", "hackathon-id": "oshhack2016", "hackathon-judges": [{"judge-role": "", "judge-name": "Iris"}], "hackathon-number-of-judges": "1", "hackathon-eligibility": "\n", "hackathon-number-of-participants": "17", "hackathon-is-colocated": "True", "hackathon-has-ended": "False", "hackathon-number-of-judging-criteria": "4", "hackathon-requirements": "\n", "hackathon-rules": "", "hackathon-prizes": [{"prize-content": "", "prize-title": "Masters Of Class Ending Party"}], "hackathon-location-google-maps": "https://maps.google.com/?q=Rokakh St 118, Ramat Gan, Israel", "hackathon-url": "https://oshhack2016.devpost.com/", "hackathon-judging-criteria": [{"judging-criterion": "Products at OSHHack will be highly evaluated for their technological base."}, {"judging-criterion": "Innovation and creativity are important factors for OSHHack products."}, {"judging-criterion": "A Working Demo As Close As Possible To The Real Product Will Be Given The Highest Amount Of Points"}, {"judging-criterion": "At OSHHack Presentation Is A Big Factor In Juddging"}], "hackathon-location-address": "Rokakh St 118, Ramat Gan, Israel", "hackathon-description-header": "Create Working POC's For Fun And Profit And Learning :)", "hackathon-prizes-total": "0", "hackathon-location-description": "\u05ea\u05d9\u05db\u05d5\u05df \u05d0\u05d4\u05dc \u05e9\u05dd", "hackathon-end-date": "", "has-projects": "False"}