{"hackathon-description-text": "\nWe are students who got snowed in and weren't able to get to PennApps, so we made our own version of it in Pittsburgh", "hackathon-number-of-prizes": "3", "hackathon-id": "pittapps", "hackathon-judges": [{"judge-role": "Organizer / PittApps", "judge-name": "Reshef Elisha"}, {"judge-role": "Professor / University of Pittsburgh", "judge-name": "Dr. David Sanchez"}], "hackathon-number-of-judges": "2", "hackathon-eligibility": "", "hackathon-number-of-participants": "14", "hackathon-is-colocated": "True", "hackathon-has-ended": "True", "hackathon-number-of-judging-criteria": "1", "hackathon-requirements": "", "hackathon-rules": "\nDon't be a bad person.", "hackathon-prizes": [{"prize-content": "Constellation will award a $100 amazon gift card to the maker(s) of the best energy-related hack.", "prize-title": "Best Energy Related Hack"}, {"prize-content": "Pitt IEEE will award 400 LED's to the hack that makes the best use of diodes.", "prize-title": "Best use of diodes"}, {"prize-content": "A year of reddit gold split between your team. Awarded to the outright craziest hack. Details in the Facebook event.", "prize-title": "Mad Hack"}], "hackathon-location-google-maps": "https://maps.google.com/?q=3700 O'Hara St, Pittsburgh, PA 15213, USA", "hackathon-url": "https://pittapps.devpost.com/", "hackathon-judging-criteria": [{"judging-criterion": "We judge all projects on arbitrary guidelines made up on the day of the event."}], "hackathon-location-address": "3700 O'Hara St, Pittsburgh, PA 15213, USA", "hackathon-description-header": "Pitt's snowed in version of PennApps", "hackathon-prizes-total": "$150", "hackathon-location-description": "University of Pittsburgh - Benedum Hall G31", "hackathon-end-date": "2016-01-24", "has-projects": "True"}