{"hackathon-description-text": "\nCOMPETITION GUIDELINES", "hackathon-number-of-prizes": "1", "hackathon-id": "mscdesignhackathon", "hackathon-judges": [{"judge-role": "Fashion Designer, Zach Posen Studios", "judge-name": "Zac Posen"}, {"judge-role": "Fashion Designer", "judge-name": "Rebecca Minkoff"}, {"judge-role": "Director of Social Innovation & Impact, TOMs", "judge-name": "Shira Shafir"}, {"judge-role": "U.S. Digital Services at White House", "judge-name": "Vivian Graubard"}, {"judge-role": "CIO, Verizon Consumer Business", "judge-name": "Shankar Arumugavelu"}], "hackathon-number-of-judges": "5", "hackathon-eligibility": "", "hackathon-number-of-participants": "23", "hackathon-is-colocated": "True", "hackathon-has-ended": "False", "hackathon-number-of-judging-criteria": "1", "hackathon-requirements": "\nLink to YouTube Video.\nUpload Marketing plan in PDF.\nUpload screen cast/website", "hackathon-rules": "\n*", "hackathon-prizes": [{"prize-content": "Winning team participates in a Job Shadow Program of a lifetime+ VIP access to Fashion Week in February 2017, AND see's their design put into production and sold on Verizon and Apple!", "prize-title": "One Team-Grand Prize"}], "hackathon-location-google-maps": "https://maps.google.com/?q=140 West St, New York, NY 10007, USA", "hackathon-url": "https://mscdesignhackathon.devpost.com/", "hackathon-judging-criteria": [{"judging-criterion": "Projects are weighted as follows: iPhone case \u2013 40%, web page/e-commerce site \u2013 30%, marketing plan \u2013 15%, overall design \u2013 15%. Weighted scoring does not diminish the fact that cross-discipline collaboration is key to making a successful final project."}], "hackathon-location-address": "140 West St, New York, NY 10007, USA", "hackathon-description-header": "DesignHackathon#", "hackathon-prizes-total": "0", "hackathon-location-description": "The Grind", "hackathon-end-date": "", "has-projects": "False"}