{"hackathon-description-text": "\nis a hackathon for high schoolers of all progamming abilities. It's completely free and equipped with hardware for hacking, fantastic prizes, delicious food (meals provided!) and mentors to help you build your project. It's", "hackathon-number-of-prizes": "4", "hackathon-id": "hacktothefutureteam", "hackathon-judges": [{"judge-role": "", "judge-name": "Team of Mentors"}], "hackathon-number-of-judges": "1", "hackathon-eligibility": "", "hackathon-number-of-participants": "19", "hackathon-is-colocated": "True", "hackathon-has-ended": "True", "hackathon-number-of-judging-criteria": "1", "hackathon-requirements": "", "hackathon-rules": "\n", "hackathon-prizes": [{"prize-content": "", "prize-title": "Environmental Lights Kits"}, {"prize-content": "", "prize-title": "Makerplace membership"}, {"prize-content": "", "prize-title": "Makerplace membership"}, {"prize-content": "", "prize-title": "Makerplace membership"}], "hackathon-location-google-maps": "https://maps.google.com/?q=6501 Linda Vista Rd, San Diego, CA 92111, USA", "hackathon-url": "https://hacktothefutureteam.devpost.com/", "hackathon-judging-criteria": [{"judging-criterion": ""}], "hackathon-location-address": "6501 Linda Vista Rd, San Diego, CA 92111, USA", "hackathon-description-header": "Create projects that emphasize education for the modern world.", "hackathon-prizes-total": "$7,650", "hackathon-location-description": "Francis Parker School - Linda Vista Library", "hackathon-end-date": "2015-12-20", "has-projects": "True"}