{"hackathon-description-text": "\nFor one weekend, PDF:Applied is bringing leading civic \u201chackers\u201d together with practitioners in government and NGOs to build tools that enhance civic life through technology-driven innovation. Participants will work to build applications that address specific civic needs in keeping with this year\u2019s \u201cInternet is the New Political Power\u201d\u00a0PDF\u00a0conference theme.", "hackathon-number-of-prizes": "3", "hackathon-id": "pdfapplied", "hackathon-judges": [{"judge-role": "Director of Cloud Computing, Microsoft U.S. Public Sector", "judge-name": "Stan Freck"}, {"judge-role": "Chairman, Re:imagine Group", "judge-name": "Peter Hirshberg"}, {"judge-role": "Founder and Chairman, Front Seat", "judge-name": "Mike Mathieu"}, {"judge-role": "President, AT&T New York", "judge-name": "Marissa Shorenstein"}, {"judge-role": "Founder and Chairman, ThoughtWorks", "judge-name": "Roy Singham"}, {"judge-role": "Bert G. Kerstetter '66 University Professor of Politics and International Affairs at Princeton University", "judge-name": "Anne-Marie Slaughter"}], "hackathon-number-of-judges": "6", "hackathon-eligibility": "", "hackathon-number-of-participants": "42", "hackathon-is-colocated": "True", "hackathon-has-ended": "True", "hackathon-number-of-judging-criteria": "3", "hackathon-requirements": "", "hackathon-rules": "\nJudges will evaluate apps on the following, equally weighted critiera:", "hackathon-prizes": [{"prize-content": "- Your app showcased at Personal Democracy Forum 2012", "prize-title": "First Prize"}, {"prize-content": "- Your app showcased at Personal Democracy Forum 2012", "prize-title": "Second Prize"}, {"prize-content": "- Your app showcased at Personal Democracy Forum 2012", "prize-title": "Third Prize"}], "hackathon-location-google-maps": "https://maps.google.com/?q=230 West 41st Street, New York, NY 10036, USA", "hackathon-url": "https://pdfapplied.devpost.com/", "hackathon-judging-criteria": [{"judging-criterion": "Including creativity and originality"}, {"judging-criterion": "Including user experience and design"}, {"judging-criterion": "On the areas of election participation, community engagement, or advocacy / activism"}], "hackathon-location-address": "230 West 41st Street, New York, NY 10036, USA", "hackathon-description-header": "Create an app to enhance our electoral process, help citizens engage in their communities, or help facilitate online activism.", "hackathon-prizes-total": "$2,000", "hackathon-location-description": "", "hackathon-end-date": "2014-03-21", "has-projects": "True"}