{"hackathon-description-text": "\nWhat if the most creative minds channeled their focus into solving the most impactful problems of today? Imagine if we could apply the ingenuity that powers the most profound technology into the most fundamental of all human concerns:", "hackathon-number-of-prizes": "7", "hackathon-id": "medhacks2015", "hackathon-judges": [{"judge-role": "Blue Jay Syndicate", "judge-name": "Paul Grossinger"}, {"judge-role": "Scientific advisor at Janelia Farms", "judge-name": "Dr. Brett Mensh"}, {"judge-role": "Global Chief Information Security Officer (CISO) at Deloitte Touche Tohmatsu Limited", "judge-name": "Dr. J.R. Reagan"}, {"judge-role": "Co-Founder at Digital Ocean, Founder at TechDay HQ", "judge-name": "Alec Hartman"}, {"judge-role": "Co-Founder and CMO at WellDoc", "judge-name": "Suzanne Clough"}], "hackathon-number-of-judges": "5", "hackathon-eligibility": "\nIf you applied to MedHacks,", "hackathon-url": "https://medhacks2015.devpost.com/", "hackathon-is-colocated": "True", "hackathon-has-ended": "True", "hackathon-rules": "", "hackathon-requirements": "\nCreate your project at MedHacks, submit it on DevPost, and pitch to the judges to demo your hack!", "hackathon-description-header": "Are you ready to change the future of health?", "hackathon-number-of-judging-criteria": "6", "hackathon-prizes": [{"prize-content": "$750 cash prize", "prize-title": "MedHacks Grand Prize - First Place"}, {"prize-content": "$500 cash prize", "prize-title": "MedHacks Main Prize - Second Place"}, {"prize-content": "$250 cash prize", "prize-title": "MedHacks Main Prize - Third Place"}, {"prize-content": "Leap Motion controllers to each member of the winning team", "prize-title": "Best Leap Motion Hack"}, {"prize-content": "$200 Amazon gift card to best solution to the following challenges:", "prize-title": "Healthcare Alliance challange"}, {"prize-content": "Advance to Final round of due diligence from student run venture capital firm A-level Capital for the hack that addresses most immediate healthcare needs", "prize-title": "A-Level Capital Prize"}, {"prize-content": "The winning team receives an Oculus Rift", "prize-title": "Best use of the Mana Health API"}], "hackathon-location-google-maps": "https://maps.google.com/?q=3400 N Charles St, Baltimore, MD 21218, USA", "hackathon-number-of-participants": "100", "hackathon-location-address": "3400 N Charles St, Baltimore, MD 21218, USA", "hackathon-judging-criteria": [{"judging-criterion": ""}, {"judging-criterion": ""}, {"judging-criterion": ""}, {"judging-criterion": ""}, {"judging-criterion": ""}, {"judging-criterion": ""}], "hackathon-prizes-total": "$2,810", "hackathon-location-description": "Johns Hopkins University - Bloomberg Center for Physics and Astronomy", "hackathon-end-date": "2015-10-04", "has-projects": "True"}