{"hackathon-description-text": "\n", "hackathon-number-of-prizes": "4", "hackathon-id": "hackatmacs", "hackathon-judges": [{"judge-role": "AzRy LCC", "judge-name": "Ioseb Dzmanashvili"}, {"judge-role": "Omedia", "judge-name": "Nodar Rocko Davituri"}, {"judge-role": "FreeUni", "judge-name": "Shota Gvinepadze"}, {"judge-role": "Omedia", "judge-name": "Giorgi Jibladze"}, {"judge-role": "", "judge-name": "Zaza Gamezardashvili"}, {"judge-role": "Siemens", "judge-name": "George Mamaladze"}], "hackathon-number-of-judges": "6", "hackathon-eligibility": "\n\u10f0\u10d0\u10d9\u10d0\u10d7\u10dd\u10dc\u10e8\u10d8 \u10db\u10dd\u10dc\u10d0\u10ec\u10d8\u10da\u10d4\u10dd\u10d1\u10d8\u10e1\u10d7\u10d5\u10d8\u10e1 \u10e3\u10d9\u10d5\u10d4 \u10e3\u10dc\u10d3\u10d0 \u10d2\u10e5\u10dd\u10dc\u10d3\u10d4\u10d7 \u10d2\u10d0\u10d5\u10da\u10d8\u10da\u10d8 \u10e0\u10d4\u10d2\u10d8\u10e1\u10e2\u10e0\u10d0\u10ea\u10d8\u10d0", "hackathon-number-of-participants": "168", "hackathon-is-colocated": "True", "hackathon-has-ended": "True", "hackathon-number-of-judging-criteria": "4", "hackathon-requirements": "\n", "hackathon-rules": "\n1. \u10e4\u10d8\u10d6\u10d8\u10d9\u10e3\u10e0\u10d0\u10d3 \u10e3\u10dc\u10d3\u10d0 \u10d8\u10db\u10e7\u10dd\u10e4\u10d4\u10d1\u10dd\u10d3\u10d4\u10d7 hack@MACS-\u10d6\u10d4.\n2. \u10d3\u10d0\u10e3\u10e8\u10d5\u10d4\u10d1\u10d4\u10da\u10d8\u10d0 \u10e3\u10d9\u10d5\u10d4 \u10d0\u10e0\u10e1\u10d4\u10d1\u10e3\u10da\u10d8 \u10dc\u10d0\u10db\u10e3\u10e8\u10d4\u10d5\u10e0\u10d8\u10e1 \u10db\u10dd\u10e2\u10d0\u10dc\u10d0.\n3. \u10d3\u10d0\u10e3\u10e8\u10d5\u10d4\u10d1\u10d4\u10da\u10d8\u10d0 \u10e1\u10ee\u10d5\u10d0 \u10d2\u10e3\u10dc\u10d3\u10d8\u10e1 \u10e1\u10dd\u10e0\u10e1\u10d8\u10e1 \u10db\u10dd\u10de\u10d0\u10e0\u10d5\u10d0 :)\n4. \u10df\u10d8\u10e3\u10e0\u10d8\u10e1 \u10d2\u10d0\u10d3\u10d0\u10ec\u10e7\u10d5\u10d4\u10e2\u10d8\u10da\u10d4\u10d1\u10d0 \u10e1\u10d0\u10d1\u10dd\u10da\u10dd\u10dd\u10d0.", "hackathon-prizes": [{"prize-content": "", "prize-title": "\u10de\u10d8\u10e0\u10d5\u10d4\u10da\u10d8 \u10d0\u10d3\u10d2\u10d8\u10da\u10d8"}, {"prize-content": "", "prize-title": "\u10db\u10d4\u10dd\u10e0\u10d4 \u10d0\u10d3\u10d2\u10d8\u10da\u10d8"}, {"prize-content": "", "prize-title": "\u10db\u10d4\u10e1\u10d0\u10db\u10d4 \u10d0\u10d3\u10d2\u10d8\u10da\u10d8"}, {"prize-content": "", "prize-title": "\u10db\u10d4\u10dd\u10d7\u10ee\u10d4 \u10d0\u10d3\u10d2\u10d8\u10da\u10d8"}], "hackathon-location-google-maps": "https://maps.google.com/?q=Dighomi University Campus, \u10d3\u10d0\u10d5\u10d8\u10d7 \u10d0\u10e6\u10db\u10d0\u10e8\u10d4\u10dc\u10d4\u10d1\u10da\u10d8\u10e1 \u10ee\u10d4\u10d8\u10d5\u10d0\u10dc\u10d8, Tbilisi 0159, Georgia", "hackathon-url": "https://hackatmacs.devpost.com/", "hackathon-judging-criteria": [{"judging-criterion": "\u10e0\u10d0\u10db\u10d3\u10d4\u10dc\u10d0\u10d3 \u10dd\u10e0\u10d8\u10d2\u10d8\u10dc\u10d0\u10da\u10e3\u10e0\u10d8 \u10d3\u10d0 \u10d8\u10dc\u10dd\u10d5\u10d0\u10ea\u10d8\u10e3\u10e0\u10d8\u10d0 \u10de\u10e0\u10dd\u10d3\u10e3\u10e5\u10e2\u10d8/\u10d0\u10de\u10da\u10d8\u10d9\u10d0\u10ea\u10d8\u10d0"}, {"judging-criterion": "\u10e0\u10d0\u10db\u10d3\u10d4\u10dc\u10d0\u10d3 \u10d3\u10d0\u10e1\u10e0\u10e3\u10da\u10d4\u10d1\u10e3\u10da\u10d8\u10d0 \u10d3\u10d0 \u10db\u10d8\u10e7\u10d5\u10d0\u10dc\u10d8\u10da\u10d8\u10d0 \u10e1\u10d0\u10d1\u10dd\u10da\u10dd\u10dd \u10e1\u10d0\u10ee\u10d4\u10db\u10d3\u10d4"}, {"judging-criterion": "\u10e0\u10d0\u10db\u10d3\u10d4\u10dc\u10d0\u10d3 \u10e0\u10d7\u10e3\u10da\u10d8 \u10d8\u10e7\u10dd \u10de\u10e0\u10dd\u10d1\u10da\u10d4\u10db\u10d8\u10e1 \u10d2\u10d0\u10d3\u10d0\u10ec\u10e7\u10d5\u10d4\u10e2\u10d0 \u10d0\u10db\u10d0 \u10d7\u10e3 \u10d8\u10db \u10e2\u10d4\u10e5\u10dc\u10dd\u10da\u10dd\u10d2\u10d8\u10d8\u10d7"}, {"judging-criterion": "\u10e0\u10d0\u10db\u10d3\u10d4\u10dc\u10d0\u10d3 \u10ec\u10e7\u10d5\u10d4\u10e2\u10e1 \u10d0\u10de\u10da\u10d8\u10d9\u10d0\u10ea\u10d8\u10d0/\u10de\u10e0\u10dd\u10d3\u10e3\u10e5\u10e2\u10d8 \u10e0\u10d4\u10d0\u10da\u10e3\u10e0 \u10de\u10e0\u10dd\u10d1\u10da\u10d4\u10db\u10d0\u10e1 \u10d3\u10d0 \u10e0\u10dd\u10d2\u10dd\u10e0 \u10e3\u10db\u10d0\u10e0\u10e2\u10d8\u10d5\u10d4\u10d1\u10e1 \u10ee\u10d0\u10da\u10ee\u10e1 \u10ea\u10ee\u10dd\u10d5\u10e0\u10d4\u10d1\u10d0\u10e1"}], "hackathon-location-address": "Dighomi University Campus, \u10d3\u10d0\u10d5\u10d8\u10d7 \u10d0\u10e6\u10db\u10d0\u10e8\u10d4\u10dc\u10d4\u10d1\u10da\u10d8\u10e1 \u10ee\u10d4\u10d8\u10d5\u10d0\u10dc\u10d8, Tbilisi 0159, Georgia", "hackathon-description-header": "The Biggest College Hackathon in Europe", "hackathon-prizes-total": "10,000GEL", "hackathon-location-description": "", "hackathon-end-date": "2014-03-21", "has-projects": "True"}